
> crafthub-360-production@1.0.0 prebuild
> node scripts/validateSmokecraftAssets.mjs && node scripts/generateBuildManifest.mjs && node scripts/generateSmokecraftGameManifest.mjs && node scripts/validateSmokecraftManifest.mjs && node scripts/validateSmokecraftShellAdoption.mjs && node scripts/validateSmokecraftControlCoverage.mjs && node scripts/validateSmokecraftResponsive.mjs && node scripts/validateSmokecraftPlayerStateIntegrity.mjs && node scripts/validateSmokecraftAccountIntegrity.mjs && node scripts/validateSmokecraftGameplayIntegrity.mjs && node scripts/validateSmokecraftGameplayAuthority.mjs && node scripts/validateSmokecraftAlertPointerSafety.mjs && node scripts/validateSmokecraftTastingAuthority.mjs && node scripts/validateSmokecraftCultivatorAuthority.mjs && node scripts/validateSmokecraftCollectionsAuthority.mjs && node scripts/validateSmokecraftSkillTreeAuthority.mjs && node scripts/validateSmokecraftLeaderboardAuthority.mjs && node scripts/validateSmokecraftPairingEngineAuthority.mjs && node scripts/validateSmokecraftMentorGuidanceAuthority.mjs


SmokeCraft asset validation: 83/83 registered assets verified on disk with correct case.
All registered SmokeCraft assets verified. Build may proceed.
build-manifest.json generated — commit 487fd60, 27/28 critical assets ok.
Wrote docs/smokecraft/SMOKECRAFT_GAME_MANIFEST.json
Total routes: 130 (entry: 4, curriculum: 21, supporting: 105)
Classification counts: {
  'full-live-react': 105,
  'clean-image-shell': 7,
  'alias-redirect': 14,
  'instructional-image': 4
}

=== SmokeCraft game-manifest / navigation / shell validation (Holistic Fix 1) ===

  PASS  Route inventory regenerates without error
  PASS  SMOKECRAFT_GAME_MANIFEST.json exists
  PASS  Manifest totalRoutes matches live /smokecraft route count (no route missing from the manifest)
  PASS  No duplicate screenId in the manifest
  PASS  Every manifest entry has a route string
  PASS  Every screen classified as live/clean-shell cites real audit evidence (auditedIn is not empty/unclassified)
  PASS  Exactly 27 sessions in the spine
  PASS  TOTAL_SESSIONS constant equals 27
  PASS  Exactly 6 phases
  PASS  TOTAL_VISITS constant equals 6
  PASS  Session numbers are exactly 1..27, no gap, no duplicate
  PASS  Every curriculum manifest entry has an assetStatus field
  PASS  No curriculum manifest entry silently references a non-existent SC_ASSETS key
  PASS  Every SmokeCraft-namespace navigation-registry destination resolves to a real, currently-registered route
  PASS  Locked phase groupings unchanged (Package J decision)
  PASS  No route remains unclassified (0 unclassified)
  PASS  Every legacy <Navigate> alias resolves to a currently-registered route (14 aliases checked, 0 broken)
  PASS  Every <Navigate> alias target inside the SmokeCraft route tree is documented in the canonical alias table (manifest alias-redirect entries) (13 literal targets checked, 0 undocumented)
  PASS  venue-commerce / order / ticket-tapper/staff-specials remain a documented, enforced alias group (identical component)
  PASS  Manifest fullyMigratedScreens (82) — every claimed route (82) is backed by a real <SmokeCraftScreenShell> render (82 verified)
  PASS  Educational completeness audit doc still covers all 21 primary session slots (0 missing)

=== RESULT: PASS — 0 failing check(s) ===


=== SmokeCraft shell/navigation-registry adoption lock (Holistic Fix 2A) ===

  PASS  Welcome: imports SmokeCraftScreenShell
  PASS  Welcome: actually renders <SmokeCraftScreenShell
  PASS  Welcome: does not import SmokeCraftImageBoundsOverlay directly (must go through the shell)
  PASS  Welcome: registered destination "/smokecraft/rewards-center" is not reintroduced as a bare local literal
  PASS  Welcome: registered destination "/smokecraft/passport" is not reintroduced as a bare local literal
  PASS  Welcome: registered destination "/smokecraft/leaderboard" is not reintroduced as a bare local literal
  PASS  Welcome: registered destination "/smokecraft/event-challenge" is not reintroduced as a bare local literal
  PASS  Welcome: registered destination "/smokecraft/collections" is not reintroduced as a bare local literal
  PASS  Welcome: registered destination "/smokecraft/mentor-selection" is not reintroduced as a bare local literal
  PASS  Welcome: registered destination "/smokecraft/knowledge-drop" is not reintroduced as a bare local literal
  PASS  Welcome: registered destination "/smokecraft/golden-box" is not reintroduced as a bare local literal
  PASS  Leaderboard: imports SmokeCraftScreenShell
  PASS  Leaderboard: actually renders <SmokeCraftScreenShell
  PASS  Leaderboard: does not import SmokeCraftImageBoundsOverlay directly (must go through the shell)
  PASS  Leaderboard: registered destination "/smokecraft/humidor-match" is not reintroduced as a bare local literal
  PASS  Leaderboard: registered destination "/smokecraft/challenge-hub" is not reintroduced as a bare local literal
  PASS  Leaderboard: registered destination "/smokecraft/event-challenge" is not reintroduced as a bare local literal
  PASS  Leaderboard: registered destination "/smokecraft/rewards-center" is not reintroduced as a bare local literal
  PASS  Leaderboard: registered destination "/smokecraft/passport" is not reintroduced as a bare local literal
  PASS  Passport: imports SmokeCraftScreenShell
  PASS  Passport: actually renders <SmokeCraftScreenShell
  PASS  Passport: does not import SmokeCraftImageBoundsOverlay directly (must go through the shell)
  PASS  Passport: registered destination "/passport/scan" is not reintroduced as a bare local literal
  PASS  Passport: registered destination "/passport/directory" is not reintroduced as a bare local literal
  PASS  Passport: registered destination "/passport/events" is not reintroduced as a bare local literal
  PASS  Passport: registered destination "/passport/benefits" is not reintroduced as a bare local literal
  PASS  Passport: registered destination "/passport/how-it-works" is not reintroduced as a bare local literal
  PASS  Venue Selection: imports SmokeCraftScreenShell
  PASS  Venue Selection: actually renders <SmokeCraftScreenShell
  PASS  Venue Selection: does not import SmokeCraftImageBoundsOverlay directly (must go through the shell)
  PASS  CraftHub: imports SmokeCraftScreenShell
  PASS  CraftHub: actually renders <SmokeCraftScreenShell
  PASS  CraftHub: does not import SmokeCraftImageBoundsOverlay directly (must go through the shell)
  PASS  Challenge Hub: imports SmokeCraftScreenShell
  PASS  Challenge Hub: actually renders <SmokeCraftScreenShell
  PASS  Challenge Hub: does not import SmokeCraftImageBoundsOverlay directly (must go through the shell)
  PASS  Rewards: imports SmokeCraftScreenShell
  PASS  Rewards: actually renders <SmokeCraftScreenShell
  PASS  Rewards: does not import SmokeCraftImageBoundsOverlay directly (must go through the shell)
  PASS  Rewards: registered destination "/smokecraft/challenge-hub" is not reintroduced as a bare local literal
  PASS  Rewards: registered destination "/smokecraft/collections" is not reintroduced as a bare local literal
  PASS  Golden Box Rules: imports SmokeCraftScreenShell
  PASS  Golden Box Rules: actually renders <SmokeCraftScreenShell
  PASS  Golden Box Rules: does not import SmokeCraftImageBoundsOverlay directly (must go through the shell)
  PASS  Golden Box Rules: registered destination "/smokecraft/mentor-selection" is not reintroduced as a bare local literal
  PASS  Golden Box Status: imports SmokeCraftScreenShell
  PASS  Golden Box Status: actually renders <SmokeCraftScreenShell
  PASS  Golden Box Status: does not import SmokeCraftImageBoundsOverlay directly (must go through the shell)
  PASS  Golden Box Hub: imports SmokeCraftScreenShell
  PASS  Golden Box Hub: actually renders <SmokeCraftScreenShell
  PASS  Golden Box Hub: does not import SmokeCraftImageBoundsOverlay directly (must go through the shell)
  PASS  Golden Box Competition Detail: imports SmokeCraftScreenShell
  PASS  Golden Box Competition Detail: actually renders <SmokeCraftScreenShell
  PASS  Golden Box Competition Detail: does not import SmokeCraftImageBoundsOverlay directly (must go through the shell)
  PASS  Golden Box Competition Detail: registered destination "/smokecraft/golden-box" is not reintroduced as a bare local literal
  PASS  Golden Box Entry Workspace: imports SmokeCraftScreenShell
  PASS  Golden Box Entry Workspace: actually renders <SmokeCraftScreenShell
  PASS  Golden Box Entry Workspace: does not import SmokeCraftImageBoundsOverlay directly (must go through the shell)
  PASS  Golden Box Results: imports SmokeCraftScreenShell
  PASS  Golden Box Results: actually renders <SmokeCraftScreenShell
  PASS  Golden Box Results: does not import SmokeCraftImageBoundsOverlay directly (must go through the shell)
  PASS  Golden Box Results: registered destination "/smokecraft/golden-box" is not reintroduced as a bare local literal
  PASS  Golden Box Results: registered destination "/smokecraft/leaderboard" is not reintroduced as a bare local literal
  PASS  Golden Box Judge Dashboard: imports SmokeCraftScreenShell
  PASS  Golden Box Judge Dashboard: actually renders <SmokeCraftScreenShell
  PASS  Golden Box Judge Dashboard: does not import SmokeCraftImageBoundsOverlay directly (must go through the shell)
  PASS  Golden Box Judge Entry Review: imports SmokeCraftScreenShell
  PASS  Golden Box Judge Entry Review: actually renders <SmokeCraftScreenShell
  PASS  Golden Box Judge Entry Review: does not import SmokeCraftImageBoundsOverlay directly (must go through the shell)
  PASS  Golden Box Mentor Review: imports SmokeCraftScreenShell
  PASS  Golden Box Mentor Review: actually renders <SmokeCraftScreenShell
  PASS  Golden Box Mentor Review: does not import SmokeCraftImageBoundsOverlay directly (must go through the shell)
  PASS  Packaging Studio Dashboard: imports SmokeCraftScreenShell
  PASS  Packaging Studio Dashboard: actually renders <SmokeCraftScreenShell
  PASS  Packaging Studio Dashboard: does not import SmokeCraftImageBoundsOverlay directly (must go through the shell)
  PASS  Packaging Studio Editor: imports SmokeCraftScreenShell
  PASS  Packaging Studio Editor: actually renders <SmokeCraftScreenShell
  PASS  Packaging Studio Editor: does not import SmokeCraftImageBoundsOverlay directly (must go through the shell)
  PASS  Packaging Studio Versions: imports SmokeCraftScreenShell
  PASS  Packaging Studio Versions: actually renders <SmokeCraftScreenShell
  PASS  Packaging Studio Versions: does not import SmokeCraftImageBoundsOverlay directly (must go through the shell)
  PASS  Packaging Studio Share: imports SmokeCraftScreenShell
  PASS  Packaging Studio Share: actually renders <SmokeCraftScreenShell
  PASS  Packaging Studio Share: does not import SmokeCraftImageBoundsOverlay directly (must go through the shell)
  PASS  Packaging Review (public share link): imports SmokeCraftScreenShell
  PASS  Packaging Review (public share link): actually renders <SmokeCraftScreenShell
  PASS  Packaging Review (public share link): does not import SmokeCraftImageBoundsOverlay directly (must go through the shell)
  PASS  Origins: imports SmokeCraftScreenShell
  PASS  Origins: actually renders <SmokeCraftScreenShell
  PASS  Origins: does not import SmokeCraftImageBoundsOverlay directly (must go through the shell)
  PASS  Curation: imports SmokeCraftScreenShell
  PASS  Curation: actually renders <SmokeCraftScreenShell
  PASS  Curation: does not import SmokeCraftImageBoundsOverlay directly (must go through the shell)
  PASS  Curation: registered destination "/grand-lounge-ranking" is not reintroduced as a bare local literal
  PASS  Leaves: imports SmokeCraftScreenShell
  PASS  Leaves: actually renders <SmokeCraftScreenShell
  PASS  Leaves: does not import SmokeCraftImageBoundsOverlay directly (must go through the shell)
  PASS  Leaves: registered destination "/grand-lounge-ranking" is not reintroduced as a bare local literal
  PASS  Leaves: registered destination "/passport" is not reintroduced as a bare local literal
  PASS  Leaf Challenge: imports SmokeCraftScreenShell
  PASS  Leaf Challenge: actually renders <SmokeCraftScreenShell
  PASS  Leaf Challenge: does not import SmokeCraftImageBoundsOverlay directly (must go through the shell)
  PASS  Leaf Challenge Calculating: imports SmokeCraftScreenShell
  PASS  Leaf Challenge Calculating: actually renders <SmokeCraftScreenShell
  PASS  Leaf Challenge Calculating: does not import SmokeCraftImageBoundsOverlay directly (must go through the shell)
  PASS  Leaf Challenge Result: imports SmokeCraftScreenShell
  PASS  Leaf Challenge Result: actually renders <SmokeCraftScreenShell
  PASS  Leaf Challenge Result: does not import SmokeCraftImageBoundsOverlay directly (must go through the shell)
  PASS  Leaf Challenge Result: registered destination "/passport" is not reintroduced as a bare local literal
  PASS  Cultivation: imports SmokeCraftScreenShell
  PASS  Cultivation: actually renders <SmokeCraftScreenShell
  PASS  Cultivation: does not import SmokeCraftImageBoundsOverlay directly (must go through the shell)
  PASS  Blend: imports SmokeCraftScreenShell
  PASS  Blend: actually renders <SmokeCraftScreenShell
  PASS  Blend: does not import SmokeCraftImageBoundsOverlay directly (must go through the shell)
  PASS  Flavor DNA: imports SmokeCraftScreenShell
  PASS  Flavor DNA: actually renders <SmokeCraftScreenShell
  PASS  Flavor DNA: does not import SmokeCraftImageBoundsOverlay directly (must go through the shell)
  PASS  Pairing: imports SmokeCraftScreenShell
  PASS  Pairing: actually renders <SmokeCraftScreenShell
  PASS  Pairing: does not import SmokeCraftImageBoundsOverlay directly (must go through the shell)
  PASS  Available: imports SmokeCraftScreenShell
  PASS  Available: actually renders <SmokeCraftScreenShell
  PASS  Available: does not import SmokeCraftImageBoundsOverlay directly (must go through the shell)
  PASS  Assistant: imports SmokeCraftScreenShell
  PASS  Assistant: actually renders <SmokeCraftScreenShell
  PASS  Assistant: does not import SmokeCraftImageBoundsOverlay directly (must go through the shell)
  PASS  Pairing Mastery: imports SmokeCraftScreenShell
  PASS  Pairing Mastery: actually renders <SmokeCraftScreenShell
  PASS  Pairing Mastery: does not import SmokeCraftImageBoundsOverlay directly (must go through the shell)
  PASS  Vitola: imports SmokeCraftScreenShell
  PASS  Vitola: actually renders <SmokeCraftScreenShell
  PASS  Vitola: does not import SmokeCraftImageBoundsOverlay directly (must go through the shell)
  PASS  Landing: imports SmokeCraftScreenShell
  PASS  Landing: actually renders <SmokeCraftScreenShell
  PASS  Landing: does not import SmokeCraftImageBoundsOverlay directly (must go through the shell)
  PASS  Seed & Soil: imports SmokeCraftScreenShell
  PASS  Seed & Soil: actually renders <SmokeCraftScreenShell
  PASS  Seed & Soil: does not import SmokeCraftImageBoundsOverlay directly (must go through the shell)
  PASS  Request Purchase: imports SmokeCraftScreenShell
  PASS  Request Purchase: actually renders <SmokeCraftScreenShell
  PASS  Request Purchase: does not import SmokeCraftImageBoundsOverlay directly (must go through the shell)
  PASS  Management Sync: imports SmokeCraftScreenShell
  PASS  Management Sync: actually renders <SmokeCraftScreenShell
  PASS  Management Sync: does not import SmokeCraftImageBoundsOverlay directly (must go through the shell)
  PASS  Resume Journey: imports SmokeCraftScreenShell
  PASS  Resume Journey: actually renders <SmokeCraftScreenShell
  PASS  Resume Journey: does not import SmokeCraftImageBoundsOverlay directly (must go through the shell)
  PASS  Rewards Center: imports SmokeCraftScreenShell
  PASS  Rewards Center: actually renders <SmokeCraftScreenShell
  PASS  Rewards Center: does not import SmokeCraftImageBoundsOverlay directly (must go through the shell)
  PASS  How It Works: imports SmokeCraftScreenShell
  PASS  How It Works: actually renders <SmokeCraftScreenShell
  PASS  How It Works: does not import SmokeCraftImageBoundsOverlay directly (must go through the shell)
  PASS  Guest Pass: imports SmokeCraftScreenShell
  PASS  Guest Pass: actually renders <SmokeCraftScreenShell
  PASS  Guest Pass: does not import SmokeCraftImageBoundsOverlay directly (must go through the shell)
  PASS  Scan: imports SmokeCraftScreenShell
  PASS  Scan: actually renders <SmokeCraftScreenShell
  PASS  Scan: does not import SmokeCraftImageBoundsOverlay directly (must go through the shell)
  PASS  Enroll: imports SmokeCraftScreenShell
  PASS  Enroll: actually renders <SmokeCraftScreenShell
  PASS  Enroll: does not import SmokeCraftImageBoundsOverlay directly (must go through the shell)
  PASS  Identity: imports SmokeCraftScreenShell
  PASS  Identity: actually renders <SmokeCraftScreenShell
  PASS  Identity: does not import SmokeCraftImageBoundsOverlay directly (must go through the shell)
  PASS  Art: imports SmokeCraftScreenShell
  PASS  Art: actually renders <SmokeCraftScreenShell
  PASS  Art: does not import SmokeCraftImageBoundsOverlay directly (must go through the shell)
  PASS  Cigar Gauge Guide: imports SmokeCraftScreenShell
  PASS  Cigar Gauge Guide: actually renders <SmokeCraftScreenShell
  PASS  Cigar Gauge Guide: does not import SmokeCraftImageBoundsOverlay directly (must go through the shell)
  PASS  Knowledge Check Demo: imports SmokeCraftScreenShell
  PASS  Knowledge Check Demo: actually renders <SmokeCraftScreenShell
  PASS  Knowledge Check Demo: does not import SmokeCraftImageBoundsOverlay directly (must go through the shell)
  PASS  Skill Tree: imports SmokeCraftScreenShell
  PASS  Skill Tree: actually renders <SmokeCraftScreenShell
  PASS  Skill Tree: does not import SmokeCraftImageBoundsOverlay directly (must go through the shell)
  PASS  Collections Center: imports SmokeCraftScreenShell
  PASS  Collections Center: actually renders <SmokeCraftScreenShell
  PASS  Collections Center: does not import SmokeCraftImageBoundsOverlay directly (must go through the shell)
  PASS  Demo: imports SmokeCraftScreenShell
  PASS  Demo: actually renders <SmokeCraftScreenShell
  PASS  Demo: does not import SmokeCraftImageBoundsOverlay directly (must go through the shell)
  PASS  Demo Reset: imports SmokeCraftScreenShell
  PASS  Demo Reset: actually renders <SmokeCraftScreenShell
  PASS  Demo Reset: does not import SmokeCraftImageBoundsOverlay directly (must go through the shell)
  PASS  Visit Complete: imports SmokeCraftScreenShell
  PASS  Visit Complete: actually renders <SmokeCraftScreenShell
  PASS  Visit Complete: does not import SmokeCraftImageBoundsOverlay directly (must go through the shell)
  PASS  Filler Arrangement: imports SmokeCraftScreenShell
  PASS  Filler Arrangement: actually renders <SmokeCraftScreenShell
  PASS  Filler Arrangement: does not import SmokeCraftImageBoundsOverlay directly (must go through the shell)
  PASS  SmokeCraft Curriculum Screen Renderer (all 21 session slots): imports SmokeCraftScreenShell
  PASS  SmokeCraft Curriculum Screen Renderer (all 21 session slots): actually renders <SmokeCraftScreenShell
  PASS  SmokeCraft Curriculum Screen Renderer (all 21 session slots): does not import SmokeCraftImageBoundsOverlay directly (must go through the shell)
  PASS  Wrapper Strength (Leaf to Cigar construction module): imports SmokeCraftScreenShell
  PASS  Wrapper Strength (Leaf to Cigar construction module): actually renders <SmokeCraftScreenShell
  PASS  Wrapper Strength (Leaf to Cigar construction module): does not import SmokeCraftImageBoundsOverlay directly (must go through the shell)
  PASS  Commerce Menu: imports SmokeCraftScreenShell
  PASS  Commerce Menu: actually renders <SmokeCraftScreenShell
  PASS  Commerce Menu: does not import SmokeCraftImageBoundsOverlay directly (must go through the shell)
  PASS  Commerce Cart: imports SmokeCraftScreenShell
  PASS  Commerce Cart: actually renders <SmokeCraftScreenShell
  PASS  Commerce Cart: does not import SmokeCraftImageBoundsOverlay directly (must go through the shell)
  PASS  Commerce Checkout: imports SmokeCraftScreenShell
  PASS  Commerce Checkout: actually renders <SmokeCraftScreenShell
  PASS  Commerce Checkout: does not import SmokeCraftImageBoundsOverlay directly (must go through the shell)
  PASS  Commerce Payment Success: imports SmokeCraftScreenShell
  PASS  Commerce Payment Success: actually renders <SmokeCraftScreenShell
  PASS  Commerce Payment Success: does not import SmokeCraftImageBoundsOverlay directly (must go through the shell)
  PASS  Commerce Order Status: imports SmokeCraftScreenShell
  PASS  Commerce Order Status: actually renders <SmokeCraftScreenShell
  PASS  Commerce Order Status: does not import SmokeCraftImageBoundsOverlay directly (must go through the shell)
  PASS  src/pages/smokecraft/WelcomeExperience.jsx: still references its locked approved asset (SC_ASSETS.session1)
  PASS  src/pages/smokecraft/Leaderboard.jsx: still references its locked approved asset (SC_ASSETS.leaderboard)
  PASS  src/pages/smokecraft/SmokeCraftPassport.jsx: still references its locked approved asset (SC_ASSETS.passportHub)
  PASS  src/pages/smokecraft/SmokeCraftCraftHub.jsx: still references its locked approved asset (SC_ASSETS.craftHubVenueTable)
  PASS  src/pages/smokecraft/Rewards.jsx: still references its locked approved asset (SC_ASSETS.rewards)
  PASS  src/pages/smokecraft/GoldenBox.jsx: still references its locked approved asset (SC_ASSETS.goldenBox)
  PASS  No collision among the 5 distinct pairing-family routes (pairing/pairing-lab/pairing-recommendations/humidor-match/pairing-mastery)
  PASS  smokecraftNavigationRegistry keeps PAIRING and PAIRING_STANDALONE as distinct, non-collapsed values
  PASS  Curriculum component registry still registers all 21 session slots (session-1..session-27 with merges)
  PASS  No curriculum session component is rendered directly from App.jsx (all must route through SmokeCraftScreenRenderer)
  PASS  session-21's required interactive region ('section-review') is still registered in the interaction manifest
  PASS  src/pages/smokecraft/HumidorMatch.jsx: still renders SmokeCraftLessonInfoButton (Session 2 lesson title/Golden Box/Why It Matters)
  PASS  smokecraftEducationalEnrichment.js: session 2 entry still has both whyItMatters and goldenBox
  PASS  src/pages/smokecraft/Format.jsx: still renders SmokeCraftLessonInfoButton (Session 5 lesson title/Golden Box/Why It Matters)
  PASS  smokecraftEducationalEnrichment.js: session 5 entry still has both whyItMatters and goldenBox
  PASS  src/pages/smokecraft/CutToastLight.jsx: still renders SmokeCraftLessonInfoButton (Session 6 lesson title/Golden Box/Why It Matters)
  PASS  smokecraftEducationalEnrichment.js: session 6 entry still has both whyItMatters and goldenBox
  PASS  src/pages/smokecraft/FirstThird.jsx: still renders SmokeCraftLessonInfoButton (Session 8 lesson title/Golden Box/Why It Matters)
  PASS  smokecraftEducationalEnrichment.js: session 8 entry still has both whyItMatters and goldenBox
  PASS  src/pages/smokecraft/FlavorMemory.jsx: still renders SmokeCraftLessonInfoButton (Session 10 lesson title/Golden Box/Why It Matters)
  PASS  smokecraftEducationalEnrichment.js: session 10 entry still has both whyItMatters and goldenBox
  PASS  src/pages/smokecraft/PairingLab.jsx: still renders SmokeCraftLessonInfoButton (Session 11 lesson title/Golden Box/Why It Matters)
  PASS  smokecraftEducationalEnrichment.js: session 11 entry still has both whyItMatters and goldenBox
  PASS  src/pages/smokecraft/SecondThird.jsx: still renders SmokeCraftLessonInfoButton (Session 12 lesson title/Golden Box/Why It Matters)
  PASS  smokecraftEducationalEnrichment.js: session 12 entry still has both whyItMatters and goldenBox
  PASS  src/pages/smokecraft/FinalThird.jsx: still renders SmokeCraftLessonInfoButton (Session 16 lesson title/Golden Box/Why It Matters)
  PASS  smokecraftEducationalEnrichment.js: session 16 entry still has both whyItMatters and goldenBox
  PASS  src/pages/smokecraft/Scorecard.jsx: still renders SmokeCraftLessonInfoButton (Session 19 lesson title/Golden Box/Why It Matters)
  PASS  smokecraftEducationalEnrichment.js: session 19 entry still has both whyItMatters and goldenBox
  PASS  src/pages/smokecraft/PassportStamp.jsx: still renders SmokeCraftLessonInfoButton (Session 23 lesson title/Golden Box/Why It Matters)
  PASS  smokecraftEducationalEnrichment.js: session 23 entry still has both whyItMatters and goldenBox
  PASS  src/pages/smokecraft/FinalReview.jsx: still renders SmokeCraftLessonInfoButton (Session 24 lesson title/Golden Box/Why It Matters)
  PASS  smokecraftEducationalEnrichment.js: session 24 entry still has both whyItMatters and goldenBox
  PASS  src/pages/smokecraft/MeetYourCigar.jsx: still renders SmokeCraftLessonInfoButton (Session 3 lesson title/Golden Box/Why It Matters)
  PASS  smokecraftEducationalEnrichment.js: session 3 entry still has both whyItMatters and goldenBox
  PASS  src/pages/smokecraft/Terroir.jsx: still renders SmokeCraftLessonInfoButton (Session 4 lesson title/Golden Box/Why It Matters)
  PASS  smokecraftEducationalEnrichment.js: session 4 entry still has both whyItMatters and goldenBox
  PASS  src/pages/smokecraft/LightingTutorial.jsx: still renders SmokeCraftLessonInfoButton (Session 7 lesson title/Golden Box/Why It Matters)
  PASS  smokecraftEducationalEnrichment.js: session 7 entry still has both whyItMatters and goldenBox
  PASS  src/pages/smokecraft/MentorCommentary.jsx: still renders SmokeCraftLessonInfoButton (Session 14 lesson title/Golden Box/Why It Matters)
  PASS  smokecraftEducationalEnrichment.js: session 14 entry still has both whyItMatters and goldenBox
  PASS  src/pages/smokecraft/KnowledgeDrop.jsx: still renders SmokeCraftLessonInfoButton (Session 15 lesson title/Golden Box/Why It Matters)
  PASS  smokecraftEducationalEnrichment.js: session 15 entry still has both whyItMatters and goldenBox
  PASS  src/pages/smokecraft/AISummary.jsx: still renders SmokeCraftLessonInfoButton (Session 21 lesson title/Golden Box/Why It Matters)
  PASS  smokecraftEducationalEnrichment.js: session 21 entry still has both whyItMatters and goldenBox
  PASS  src/pages/smokecraft/PairingRecommendations.jsx: still renders SmokeCraftLessonInfoButton (Session 22 lesson title/Golden Box/Why It Matters)
  PASS  smokecraftEducationalEnrichment.js: session 22 entry still has both whyItMatters and goldenBox
  PASS  SmokeCraftLessonInfoButton: button uses position:'fixed' (not 'absolute', which clips inside SmokeCraftImageBoundsOverlay)
  PASS  src/pages/smokecraft/HumidorMatch.jsx: still has the "if (done) return" duplicate-fire guard on its Continue handler
  PASS  src/pages/smokecraft/FirstThird.jsx: still has the "if (done) return" duplicate-fire guard on its Continue handler

=== RESULT: PASS — 0 failing check(s) ===

── SmokeCraft control-coverage validator (Holistic Fix 2E-11)

  OK    raw discovery total (276) equals inventory total (276)
  OK    map doc declares "Total controls: 276. Total mapped: 276. Unmapped: 0."
  OK    every control in the inventory has a non-empty group assignment
  OK    group "navigation": inventory count (55) matches byGroupCounts (55)
  OK    group "navigation": map doc summary table shows count 55
  OK    group "selection-toggle": inventory count (94) matches byGroupCounts (94)
  OK    group "selection-toggle": map doc summary table shows count 94
  OK    group "rating-toggle": inventory count (67) matches byGroupCounts (67)
  OK    group "rating-toggle": map doc summary table shows count 67
  OK    group "tab-disclosure": inventory count (23) matches byGroupCounts (23)
  OK    group "tab-disclosure": map doc summary table shows count 23
  OK    group "tasting-input": inventory count (12) matches byGroupCounts (12)
  OK    group "tasting-input": map doc summary table shows count 12
  OK    group "completion": inventory count (23) matches byGroupCounts (23)
  OK    group "completion": map doc summary table shows count 23
  OK    group "honest-disabled": inventory count (2) matches byGroupCounts (2)
  OK    group "honest-disabled": map doc summary table shows count 2
  OK    sum of all group counts (276) equals total controls (276)
  OK    group "navigation" has a browser-test reference
  OK    group "navigation"'s referenced test script exists on disk (verify-smokecraft-hf2e5-curriculum-forward-backward.mjs)
  OK    group "selection-toggle" has a browser-test reference
  OK    group "selection-toggle"'s referenced test script exists on disk (verify-smokecraft-hf2e10-control-state-persistence.mjs)
  OK    group "rating-toggle" has a browser-test reference
  OK    group "rating-toggle"'s referenced test script exists on disk (verify-smokecraft-hf2e10-control-state-persistence.mjs)
  OK    group "tab-disclosure" has a browser-test reference
  OK    group "tab-disclosure"'s referenced test script exists on disk (verify-smokecraft-hf2e10-control-state-persistence.mjs)
  OK    group "tasting-input" has a browser-test reference
  OK    group "tasting-input"'s referenced test script exists on disk (verify-smokecraft-hf2e10-control-state-persistence.mjs)
  OK    group "completion" has a browser-test reference
  OK    group "completion"'s referenced test script exists on disk (verify-smokecraft-hf2e10-control-state-persistence.mjs)
  OK    group "honest-disabled" has a browser-test reference
  OK    group "honest-disabled"'s referenced test script exists on disk (verify-smokecraft-hf2e10-control-state-persistence.mjs)
  OK    navigation-required group "navigation" has a destination-assertion reference
  OK    persistence-required group "rating-toggle" has a reload-test reference
  OK    navigation-required group "completion" has a destination-assertion reference
  OK    duplicate-risk group "completion" has a rapid-double-action test reference
  OK    disabled-state-expected group "honest-disabled" has an honest-state assertion reference
  OK    session 1 has at least one mapped control
  OK    session 2 has at least one mapped control
  OK    session 3 has at least one mapped control
  OK    session 4 has at least one mapped control
  OK    session 5 has at least one mapped control
  OK    session 6 has at least one mapped control
  OK    session 7 has at least one mapped control
  OK    session 8 has at least one mapped control
  OK    session 10 has at least one mapped control
  OK    session 11 has at least one mapped control
  OK    session 12 has at least one mapped control
  OK    session 14 has at least one mapped control
  OK    session 15 has at least one mapped control
  OK    session 16 has at least one mapped control
  OK    session 19 has at least one mapped control
  OK    session 21 has at least one mapped control
  OK    session 22 has at least one mapped control
  OK    session 23 has at least one mapped control
  OK    session 24 has at least one mapped control
  OK    session 25 has at least one mapped control
  OK    session 26 has at least one mapped control
  OK    session 27 has at least one mapped control
  OK    all 22 primary sessions are represented in the inventory
  OK    deep control-behavior proof file exists
  OK    deep control-behavior proof reports 0 failures
  OK    deep control-behavior proof covers the 6 non-navigation implementation groups
  OK    navigation group's forward/backward test script exists on disk

=== RESULT: PASS (0 checks failed) ===
── SmokeCraft responsive-regression validator (Holistic Fix 3)

  OK    inventory covers all live routes (130)
  OK    no route has a navigation timeout/crash at any viewport
  OK    no route has horizontal overflow at any of the 5 viewports
  OK    no route blocks vertical scrolling when content exceeds the viewport
  OK    no route has a real control obscured behind the fixed bottom nav
  OK    no hero/backdrop image is stretched or distorted (object-fit:fill with a mismatched box)

=== RESULT: PASS (0 checks failed) ===
── SmokeCraft player-state integrity validator (Holistic Fix 4)

  OK    docs/smokecraft/SMOKECRAFT_STATE_OWNERSHIP_MAP.md exists
  OK    migration 092 (canonical player state) exists
  OK    migration 092 has a rollback script
  OK    migration 093 (idempotency-key guest-scope fix) exists
  OK    rollback file does NOT live inside server/db/migrations (would be picked up and auto-run as a forward migration)
  OK    smokecraft_session_completions has a UNIQUE constraint on (guest_reference, session_id)
  OK    smokecraft_awards has a UNIQUE index on (guest_reference, award_type, award_key)
  OK    migration 093 drops the global UNIQUE constraint on smokecraft_session_completions.idempotency_key
  OK    migration 093 adds a guest-scoped UNIQUE index instead
  OK    migration 093 does the same fix for smokecraft_awards
  OK    controller derives guestReference only from req.smokecraftIdentity, never req.body
  OK    XP amount for session completion comes from the server-owned reward table, not the request body
  OK    XP award endpoint validates the award key against a server-known table (getNamedXpAmount), never trusts a client amount directly
  OK    every mutation requires a client-supplied idempotencyKey (validated, not optional)
  OK    completeSession uses BEGIN/COMMIT/ROLLBACK (real transaction, not fire-and-forget writes)
  OK    every mutation path records an audit row (applied or duplicate_replay)
  OK    client.release() is called (no connection leak) via a finally block
  OK    player-state routes require requireSmokeCraftIdentity (server-verified cookie) on every state-touching route
  OK    player-state routes are rate-limited
  OK    mutation routes reuse ensureSmokeCraftGuestIdentity (the existing, proven JWT-cookie identity system) rather than inventing a new one
  OK    smokecraftPlayerStateRoutes is imported in server/index.js
  OK    smokecraftPlayerStateRoutes is mounted at '/api/smokecraft/player-state'
  OK    awardSessionRewards calls the new server-authoritative completeSessionOnServer
  OK    awardStamp calls the new server-authoritative awardPassportStampOnServer
  OK    client adapter returns { ok: false } on network failure, never a fabricated success
  OK    client adapter checks data.success === true before treating a response as ok (no fake-success on a malformed 200)

=== RESULT: PASS (0 checks failed) ===
── SmokeCraft account-integrity validator (Holistic Fix 4B)

  OK    docs/smokecraft/SMOKECRAFT_GUEST_ACCOUNT_MERGE_POLICY.md exists
  OK    migration 094 exists
  OK    migration 094 has a rollback script
  OK    rollback file does not live inside server/db/migrations
  OK    smokecraft_guest_conversions has UNIQUE(guest_reference) — a guest can convert at most once, ever
  OK    smokecraft_player_state gains journey_version for optimistic concurrency
  OK    convertGuestToAccount recomputes XP from merged rows (SUM), never adds guest.xp + account.xp directly
  OK    convertGuestToAccount checks smokecraft_guest_conversions for an existing row before converting (idempotent)
  OK    saveJourneySnapshot rejects a stale expectedVersion with a conflict result rather than silently overwriting
  OK    handleConvertGuest requires req.user.role === passport_member (a real authenticated account)
  OK    handleConvertGuest requires req.smokecraftGuestCookieIdentity (server-verified cookie), never a client-supplied guest id
  OK    handleSaveJourneySnapshot requires a numeric expectedVersion from the client (optimistic-concurrency contract)
  OK    accountService reuses authService.hashPin/verifyPin (bcrypt) rather than inventing new hashing
  OK    accountService reuses authService.createJwtForUser/createAuthSession (existing session infra)
  OK    accountService reuses the existing lockout pattern (lockUserIfNeeded) rather than inventing new lockout logic
  OK    no raw/plaintext password or PIN is ever logged or returned outside the dev-only response path
  OK    devDeliveryPin (dev-only PIN exposure) is gated on NODE_ENV, never unconditional
  OK    src/pages/smokecraft/Account.jsx contains no JWT_SECRET / hardcoded credential / bcrypt hash literal
  OK    src/services/smokecraft/stateAdapter.js contains no JWT_SECRET / hardcoded credential / bcrypt hash literal
  OK    src/services/smokecraft/playerStateApiClient.js contains no JWT_SECRET / hardcoded credential / bcrypt hash literal
  OK    SmokeCraftJourneyContext imports and uses the shared stateAdapter (not bypassing it)
  OK    smokecraftAccountRoutes is mounted
  OK    convert-guest route is mounted
  OK    journey-snapshot GET/PUT routes are mounted

=== RESULT: PASS (0 checks failed) ===
── SmokeCraft gameplay-integrity validator (Holistic Fix 5A)

  OK    docs/smokecraft/SMOKECRAFT_GAMEPLAY_ENGINE_MAP.md exists
  OK    migration 095 exists
  OK    migration 095 has a rollback script
  OK    rollback file does not live inside server/db/migrations
  OK    smokecraft_rank_history has UNIQUE(guest_reference, rank_label) — idempotent promotion
  OK    smokecraft_gameplay_rules has UNIQUE(rule_key, version) — versioned, not overwritable
  OK    grantSessionBadgesInTx runs inside completeSession's transaction (client never separately claims a session-tied badge)
  OK    grantSessionPassportStampInTx runs inside the same transaction
  OK    badge/stamp grants use ON CONFLICT DO NOTHING against the real UNIQUE index (duplicate-protected, not app-level only)
  OK    rank is recomputed server-side from xp_total, never trusted from the client
  OK    no automatic demotion — recomputeRankInTx only ever changes rank when the newly computed rank differs (promotion), never compares for a lower value to force a downgrade
  OK    badge criteria are read from SESSION_REWARDS (existing single source of truth), not duplicated
  OK    rank ladder is read from SC_RANKS (existing, already-approved, already-aligned constant) — not a newly invented ladder
  OK    leaderboard query selects from smokecraft_player_state (real data)
  OK    leaderboard query has no hardcoded/mock guest names or scores
  OK    client leaderboard service fetches the real API, never returns a hardcoded communityEntries array
  OK    leaderboard preference endpoint validates displayName/eligible types, never trusts arbitrary client fields for scoring
  OK    no controller path accepts a client-supplied XP/score/badge/rank amount for the completion or award endpoints (still true from Holistic Fix 4)
  OK    Mentor.jsx has exactly one setSelectedMentor call site, reactive to journey.mentor (not an independent write)
  OK    leaderboard read route is mounted
  OK    leaderboard preference route requires identity (not anonymous-writable)

=== RESULT: PASS (0 checks failed) ===

── SmokeCraft gameplay-reward-authority validator (Holistic Fix 5A-2)

  OK    src/pages/smokecraft/Art.jsx: every addXP() call passes a named server-known source (no bare client-only XP grant)
  OK    src/pages/smokecraft/Available.jsx: every addXP() call passes a named server-known source (no bare client-only XP grant)
  OK    src/pages/smokecraft/Cultivation.jsx: every addXP() call passes a named server-known source (no bare client-only XP grant)
  OK    src/pages/smokecraft/Leaves.jsx: every addXP() call passes a named server-known source (no bare client-only XP grant)
  OK    KnowledgeCheck.jsx no longer calls addXP() directly (server-verified quiz submit only)
  OK    KnowledgeCheck.jsx submits raw responses via submitKnowledgeCheck, not a client score
  OK    LeafChallenge.jsx no longer calls addXP()/addBadge()/awardStamp() directly for the final-round reward (server-verified submit only)
  OK    LeafChallenge.jsx submits raw answers via submitLeafChallenge, not a client score
  OK    LeafChallenge.jsx sources its answer key from the shared, server-dual-imported data module (not an inline duplicate)
  OK    Blend.jsx no longer calls addXP()/awardStamp() directly (server-verified blend-selection submit only, Holistic Fix 5A-3)
  OK    Blend.jsx submits its raw wrapper/binder/filler selection via submitBlendSelection, not a client claim
  OK    submitBlendSelection validates a complete, well-formed selection server-side (wrapper/binder/exactly-3-fillers), never trusting a bare completion claim
  OK    submitKnowledgeCheck scores server-side against the real question data (scoreQuestionSet), not a client-submitted score
  OK    submitLeafChallenge scores server-side against the real answer key (scoreLeafChallenge), not a client-submitted score
  OK    correctReward requires both a reason and an authorizedBy identity (never a silent/anonymous correction)
  OK    correctReward never deletes/updates the original award/attempt row — only inserts a new correction row
  OK    The /corrections route is gated by requireStaff (never reachable by a plain learner identity)
  OK    Quiz and Leaf Challenge submit routes require a verified SmokeCraft identity
  OK    NAMED_XP_SOURCES is populated (not the empty placeholder from Holistic Fix 4) — named XP is now real, not dead code
  OK    Migration 096 (activity ledger + corrections) exists
  OK    Migration 096 has a rollback script outside server/db/migrations
  OK    smokecraft_activity_attempts has UNIQUE(guest_reference, activity_type, activity_key) — one scored attempt per activity ever
  OK    smokecraft_reward_corrections is append-only structured (has a reason and authorized_by column)
  OK    Seed script for the versioned rule registry exists
  OK    Rule seed script sources values from existing constants (SESSION_REWARDS/SC_RANKS/question sets), never invents new numbers
  OK    Rule seed script uses ON CONFLICT DO NOTHING on (rule_key, version) — a rule row is immutable once written

=== RESULT: PASS (0 checks failed) ===


── SmokeCraft alert pointer-safety validator (Holistic Fix 5A-3B, SC-D027)

  OK    BuildDiagnosticFooter.jsx exists and is readable
  OK    The mismatch banner still has role="alert" (screen-reader semantics intact)
  OK    The mismatch-banner JSX block is present and parseable
  OK    The banner's outer wrapper is pointer-transparent (pointerEvents: 'none') — SC-D027 fix, empty regions never block controls underneath
  OK    The Refresh button explicitly opts back into pointer events (pointerEvents: 'auto') — remains clickable
  OK    The Refresh button still has a real onClick handler (interactive action not accidentally disabled)
  OK    The banner is still full-viewport-width at top:0 (visual/position unchanged — no redesign)

=== RESULT: PASS (0 checks failed) ===


── SmokeCraft tasting-authority validator (Holistic Fix 5A-3D)

  OK    MiniTasting.jsx no longer calls addXP() directly (server-verified completion only)
  OK    MiniTasting.jsx uses the shared server adapter for draft load/save (loadTastingDraft/saveTastingDraft)
  OK    MiniTasting.jsx submits completion via the shared adapter (completeTasting), not a local claim
  OK    Completion is gated on a real selection (primaryDisabled tied to !selectedId)
  OK    submitTastingCompletion validates selectedCigarId against the server's own flight inventory (validIds), never trusting the client id blindly
  OK    submitTastingCompletion is idempotent via the existing smokecraft_activity_attempts UNIQUE constraint (activity_type='tasting')
  OK    saveTastingDraft never grants XP or completion (draft save is reward-free — search confirms no xp_total UPDATE inside saveTastingDraft)
  OK    saveTastingDraft enforces optimistic concurrency (expectedVersion check before write)
  OK    Tasting draft/completion routes all require a verified SmokeCraft identity
  OK    handleSaveTastingDraft requires an explicit expectedVersion (no default that would silently skip stale-write protection)
  OK    Draft/completion controllers never log or forward request bodies to a public audit/console path beyond the DB row itself (no console.log of req.body in these handlers)
  OK    Migration 097 (tasting drafts) exists
  OK    Migration 097 has a rollback script outside server/db/migrations
  OK    smokecraft_tasting_drafts has UNIQUE(guest_reference, activity_key) — one draft row per guest per activity
  OK    smokecraft_tasting_drafts has a version column for optimistic concurrency

=== RESULT: PASS (0 checks failed) ===


── SmokeCraft cultivator-authority validator (Holistic Fix 5A-3E)

  OK    Cultivation.jsx no longer calls addXP()/awardStamp() directly inside handleSave (server-verified submit only)
  OK    Cultivation.jsx submits evidence via the shared adapter (submitCultivatorEvidence)
  OK    Save is gated on all required stages being viewed (allStagesViewed used in the disabled condition)
  OK    Cultivation.jsx sources the required-stage list from the shared, server-dual-imported data module
  OK    submitCultivatorEvidence verifies the submitted evidence covers every real required stage (CULTIVATION_STAGE_IDS.every), never trusting a bare completion claim
  OK    submitCultivatorEvidence is idempotent via the existing smokecraft_activity_attempts UNIQUE constraint (activity_key='cultivator')
  OK    The cultivator Passport stamp insert uses ON CONFLICT DO NOTHING (duplicate-protected)
  OK    The cultivator submit route requires a verified SmokeCraft identity
  OK    handleSubmitCultivator requires a real idempotency key (requireIdempotencyKey)
  OK    handleSubmitCultivator requires viewedStageIds as a real array (rejects malformed input)
  OK    Shared cultivation-stage-id data module exists (dual-imported by client and server)
  OK    The shared stage-id list has no browser-only imports (safe to import server-side)
  OK    The shared stage-id list has exactly 7 real stage ids

=== RESULT: PASS (0 checks failed) ===


── SmokeCraft Collections-authority validator (Holistic Fix 5A-3F)

  OK    The Collections client only exposes read (getCollections/getItem) and server-recalculate (recalculate) calls — no client-set-ownership function exists
  OK    CollectionsCenter.jsx fetches live data via the shared collectionsApiClient (no local mirror)
  OK    CollectionsCenter.jsx has real loading/error/offline states (not a static mock)
  OK    recalculate() checks real evidence tables per item (EVIDENCE_CHECKS), never trusts a client-submitted ownership flag
  OK    Every collection item insert is duplicate-protected via ON CONFLICT on the real DB constraint
  OK    Collection unlock is idempotent via a stable idempotency_key, not a random one
  OK    A staff-authorized reversal is read from the append-only corrections ledger, never by deleting/editing the original ownership row
  OK    smokecraft_collection_ownership has a real UNIQUE(guest_reference, collection_item_key) constraint (duplicate ownership impossible at the DB level)
  OK    smokecraft_collection_ownership links a real source_progression_event_id (source event, not a bare flag)
  OK    Collections routes now have the dev/test rate-limiter skip (matches the established convention, closes a real found gap)
  OK    An authenticated account's Collections identity is prefixed with user: (consistent with the rest of player-state, real found-and-fixed defect)
  OK    Collections routes issue a fresh guest identity when none exists (ensureSmokeCraftGuestIdentity) — real found-and-fixed defect: a first-ever visit directly to /smokecraft/collections previously 401'd instead of getting a real guest identity
  OK    convertGuestToAccount transfers Collections ownership on guest-to-account conversion (real found-and-fixed gap — was previously never transferred)
  OK    correctReward supports a real reversed flag persisted to the DB (not silently dropped)
  OK    The /corrections route remains staff-gated (never a learner path) — unchanged from Holistic Fix 5A-2

=== RESULT: PASS (0 checks failed) ===


── SmokeCraft Skill-Tree-authority validator (Holistic Fix 5A-3G)

  OK    The Skill Tree client only exposes read (getSkillTree/getNode) and server-recalculate (recalculate) calls — no client-set-progress function exists
  OK    SkillTree.jsx fetches live data via the shared skillTreeApiClient (no local mirror)
  OK    SkillTree.jsx has real loading/error/offline states (not a static mock)
  OK    SkillTree.jsx renders a distinct visual state for a corrected/reversed node (not silently hidden)
  OK    recalculate() checks real evidence tables per node (EVIDENCE_CHECKS), never trusts a client-submitted completion flag
  OK    Every node has a completion_rule mapped to a real EVIDENCE_CHECKS entry (no node lacks verified evidence)
  OK    Node progression is duplicate-protected via ON CONFLICT on the real DB constraint
  OK    A staff-authorized reversal is read from the append-only corrections ledger, never by deleting/editing the original learner-state row
  OK    The persisted DB state column is never set to the non-enum "corrected" value (real CHECK constraint honored — correction is a read-time overlay only)
  OK    A reversed node breaks the downstream prerequisite chain (node totals are genuinely recalculated, not just relabeled)
  OK    smokecraft_skill_tree_learner_state has a real UNIQUE(guest_reference, node_key) constraint (duplicate progression impossible at the DB level)
  OK    smokecraft_skill_tree_learner_state links a real supporting_event_id (source event, not a bare flag)
  OK    Every node definition carries a completion_rule (the rule version/reference used for evidence evaluation)
  OK    Skill Tree routes have the dev/test rate-limiter skip (matches the established convention, closes a real found gap)
  OK    An authenticated account's Skill Tree identity is prefixed with user: (consistent with the rest of player-state, real found-and-fixed defect)
  OK    Skill Tree routes issue a fresh guest identity when none exists (ensureSmokeCraftGuestIdentity) — real found-and-fixed defect: a first-ever visit directly to /smokecraft/skill-tree previously 401'd instead of getting a real guest identity
  OK    convertGuestToAccount transfers the Skill Tree evidence tables on guest-to-account conversion (real found-and-fixed gap — was previously never transferred)
  OK    The evidence transfer is a deterministic recalculation performed AFTER commit, on a fresh connection (never reads its own uncommitted transaction)
  OK    The /corrections route remains staff-gated (never a learner path) — unchanged from Holistic Fix 5A-2
  OK    convert-guest response surfaces skillTreeEvidenceRowsTransferred/skillTreeCompletedNodes (auditable, not silently dropped)

=== RESULT: PASS (0 checks failed) ===


── SmokeCraft Leaderboard-authority validator (Holistic Fix 5A-3H)

  OK    getLeaderboard never accepts a client-submitted xpTotal/score — it SELECTs xp_total from the real player-state table
  OK    The eligibility WHERE clause enforces the real server-side opt-out (COALESCE(le.eligible, true) = true), not a client-supplied flag
  OK    A guest with zero real XP is honestly excluded, never shown as a fabricated zero-score row
  OK    Tie-breaking is deterministic: xp_total DESC, then completed_session_count DESC, then guest_reference ASC
  OK    displayName defaults to an honest "Guest ####" pattern, never the real email/account id, when unset
  OK    The public leaderboard payload never returns the raw guest_reference — only isCurrentUser is derived from it server-side
  OK    Venue scoping is a real, settable, persisted preference (venue_id column actually written), not a dead column
  OK    Pagination is real SQL LIMIT/OFFSET, not a client-side array slice
  OK    convertGuestToAccount transfers the leaderboard eligibility/opt-out/venue preference (real found-and-fixed gap — was previously never transferred)
  OK    XP corrections recompute smokecraft_player_state.xp_total directly (the same column the leaderboard reads), so placement is genuinely recalculated, never a separate cached leaderboard total
  OK    The leaderboard limit is server-side clamped to a real max (100), never trusting an arbitrarily large client-requested page size
  OK    The leaderboard offset is server-side clamped to a non-negative value
  OK    setLeaderboardPreference derives guestReference from the server-verified identity only (self-service, own identity only — never trusts a client-submitted guestReference for writes)
  OK    getLeaderboardSnapshot fetches the real authoritative player-state (fetchPlayerState) rather than trusting only the local GuestSessionContext mirror for the numbers it returns
  OK    A failed/offline fetch returns an honest error/offline status, never a fabricated empty-looking success
  OK    The Leaderboard screen renders the real fetched community entries (snapshot.communityEntries via filteredEntries), not only a synthetic single local entry
  OK    The screen prefers server-authoritative XP (authoritativeXp) for the displayed totals, not the local session mirror alone
  OK    The "You" indicator on a leaderboard row is driven by the server-computed isCurrentUser flag, never assumed for every row
  OK    The screen has real loading/error/offline states (not a static mock)
  OK    The screen supports real pagination controls (Prev/Next) over the server LIMIT/OFFSET
  OK    The "Refresh Rankings" control re-fetches real server data, not just a local timestamp bump
  OK    smokecraft_leaderboard_eligibility has a real UNIQUE guest_reference constraint (one preference row per identity)
  OK    smokecraft_leaderboard_eligibility carries a real venue_id column for venue-boundary enforcement
  OK    The documented tie-breaking rule matches the implementation exactly (xp_total DESC, completed_session_count DESC, guest_reference ASC)

=== RESULT: PASS (0 checks failed) ===


── SmokeCraft Pairing-Engine-authority validator (Holistic Fix 5B-1)

  OK    computeRecommendation always returns an explanation string
  OK    computeRecommendation always returns a ruleSetVersion
  OK    savePairing always recomputes the score itself (computeRecommendation), never trusts a client-submitted score field
  OK    An identical idempotency-key retry is a true no-op (no version bump, no new revision) — real idempotent save
  OK    Saved-pairing writes are duplicate-protected via a real DB UNIQUE constraint (natural key), not app-level-only
  OK    ratePairing enforces optimistic concurrency (expectedVersion) and returns a real 409-shaped conflict, never silently overwriting
  OK    Every save/rate mutation appends an append-only revision row before changing state — real revision history, never edited in place
  OK    getSavedPairing enforces ownership at the query level (WHERE ... AND guest_reference = $2), never fetching by id alone
  OK    The engine reuses the real, already-approved pairing data (STRENGTH_SCORE/TYPE_STRENGTH/HARMONY/GOAL_DESC/ADJUSTMENT_MAP/SERVING_STYLE) rather than inventing new cigar/beverage facts
  OK    No XP/badge/Passport-stamp is awarded by this package (mandate: only if an already-approved rule explicitly exists — none does here)
  OK    Ledger events cover all 4 required types: pairing_requested, pairing_recommended, pairing_saved, pairing_rated
  OK    Pairing-engine routes have the dev/test rate-limiter skip from day one
  OK    An authenticated account's pairing identity is prefixed with user: from day one (no repeat of the recurring identity-prefix defect)
  OK    Pairing-engine routes issue a fresh guest identity when none exists from day one (no repeat of the recurring first-visit-401 defect)
  OK    smokecraft_pairing_rules has a real UNIQUE(rule_key, version) constraint — versions are additive, never overwritable
  OK    smokecraft_pairing_saves has a real UNIQUE natural-key constraint (duplicate saves impossible at the DB level)
  OK    smokecraft_pairing_save_revisions has no UPDATE-style column at all — append-only by construction (only INSERT is possible)
  OK    PairingLab.jsx no longer imports the client-only scoring engine (buildRecommendation)
  OK    PairingLab.jsx uses the one shared pairing adapter (useSmokeCraftPairingEngine)
  OK    PairingLab.jsx has a single accessible page title (real found-and-fixed gap — Holistic Fix 5B-1A, found live via Playwright)
  OK    PairingLab.jsx's journey-sync effect depends on real primitive values, not a freshly-created object each render (real found-and-fixed infinite-render-loop defect — Holistic Fix 5B-1A, found live via Playwright: chip buttons constantly detaching from the DOM)
  OK    PairingLab.jsx's Pairing Choices panel has an explicit stacking order above the underlying pairing-type hotspots it measurably overlaps (real found-and-fixed blocked-overlay defect — Holistic Fix 5B-1A, found live via Playwright: "element intercepts pointer events")
  OK    PairingRecommendations.jsx no longer imports the client-only scoring engine (rankAllCategories)
  OK    PairingRecommendations.jsx uses the one shared pairing adapter (useSmokeCraftPairingEngine)
  OK    PairingRecommendations.jsx saves through the real server endpoint (engine.save), not only a local journey mirror
  OK    The shared adapter never computes a score itself — every status transition is driven by a real server response or a real network condition
  OK    The shared adapter represents the mandated state set (no-cigar/no-beverage/calculating/ready/low-confidence/no-safe-recommendation/offline/session-expired)
  OK    The pairing-engine API client only exposes recommend/rank/save/get/rate calls — no client-side score-setting function exists

=== RESULT: PASS (0 checks failed) ===


── SmokeCraft Mentor-Guidance-authority validator (Holistic Fix 5B-2A)

  OK    Mentor identity is looked up from the real, single roster (getMentorById), never trusted as a client-submitted name/country/flag
  OK    An unrecognized mentorId is rejected, never fabricates a mentor identity
  OK    Guidance never awards XP, badges, or Passport stamps (mentor guidance is read-only)
  OK    Guidance never issues an UPDATE/INSERT against smokecraft_player_state, smokecraft_awards, or any reward table (read-only queries only)
  OK    Every real signal query is scoped by guest_reference (never a global/unscoped query that could leak another learner's data)
  OK    The fallback state (no real signal available) is honestly labeled, using the mentor's own real roster greeting — never a fabricated achievement
  OK    Every response includes message/reason/nextAction/sourceContext/confidence/messageVersion — no unexplained guidance is possible
  OK    Mentor-guidance routes have the dev/test rate-limiter skip from day one
  OK    An authenticated account's mentor-guidance identity is prefixed with user: from day one
  OK    Mentor-guidance routes issue a fresh guest identity when none exists from day one
  OK    The shared guidance hook reads the selected mentor from the one canonical source (SmokeCraftJourneyContext.journey.mentor), never a second mentor store
  OK    The shared guidance hook never computes guidance itself — only requests it from the server
  OK    The shared guidance hook represents the mandated state set (no-mentor/loading/ready/unavailable/offline/session-expired)
  OK    DynamicMentorPanel uses the one shared mentor-guidance adapter (useSmokeCraftMentorGuidance)
  OK    MentorCommentary.jsx no longer keys guidance off a hardcoded per-mentor-id map that never matched the real roster (real found-and-fixed defect SC-D050)
  OK    MentorCommentary.jsx uses the one shared mentor-guidance adapter (useSmokeCraftMentorGuidance)
  OK    MentorCommentary.jsx renders real roster fields (mentor.country/mentor.bio), not the nonexistent mentor.origin/mentor.expertise (real found-and-fixed defect)
  OK    Mentor.jsx retains exactly one write path for the selected mentor (setMentor to SmokeCraftJourneyContext) — no second, competing mentor-selection owner reappeared
  OK    SkillTree.jsx's mentor panel uses the shared context-aware guidance service (context prop), not a hardcoded guidance string

── Holistic Fix 5B-2A-1 additions ──

  OK    Live pairing-aware guidance is scored with the SAME computeRecommendation function the pairing engine itself uses — never a second, competing scoring path that could contradict it
  OK    The live-pairing signal takes priority over a stale saved-pairing row when a current pairing selection is supplied
  OK    The live-pairing guidance message embeds the exact real compatScore (no rounding/altering it, no independent claim)
  OK    ChallengeHub.jsx no longer passes a static hardcoded guidance string to DynamicMentorPanel
  OK    ChallengeHub.jsx uses the shared context-aware guidance service (context prop)
  OK    BlendFaultChallenge.jsx no longer passes a static hardcoded guidance string to DynamicMentorPanel
  OK    BlendFaultChallenge.jsx uses the shared context-aware guidance service (context prop)
  OK    FillerArrangement.jsx no longer passes a static hardcoded guidance string to DynamicMentorPanel
  OK    FillerArrangement.jsx uses the shared context-aware guidance service (context prop)
  OK    CollectionsCenter.jsx no longer passes a static hardcoded guidance string to DynamicMentorPanel
  OK    CollectionsCenter.jsx uses the shared context-aware guidance service (context prop)
  OK    PairingLab.jsx connects a real mentor-guidance panel using the shared service (context="pairing-lab")
  OK    PairingLab.jsx passes the real live cigar+beverage selection as pairingContext (not a static string, not bypassing the shared service)
  OK    PairingRecommendations.jsx connects a real mentor-guidance panel using the shared service (context="pairing-recommendations")
  OK    PairingRecommendations.jsx passes the real live cigar+beverage selection as pairingContext (not a static string, not bypassing the shared service)
  OK    No active mentor panel in this pass's scope still passes a static guidance string (client-side hardcoded text is fully retired for these 6 screens)
  OK    Mentor.jsx still retains exactly one write path for the selected mentor — no duplicate mentor ownership reappeared across this pass's 6-screen wiring

=== RESULT: PASS (0 checks failed) ===


> crafthub-360-production@1.0.0 build
> vite build

vite v4.5.14 building for production...
transforming...
[plugin:vite:esbuild] Duplicate key "border" in object literal
113|          borderRadius: 9,
114|          background: selected ? `linear-gradient(160deg, ${statusColor}55, ${statusColor}22)` : cardBg,
115|          border: `2px solid ${selected ? GOLD : statusColor}`,
   |          ^
116|          boxShadow: selected
117|            ? `0 0 0 3px rgba(201,149,44,0.35), 0 0 12px ${statusColor}88, 0 2px 8px rgba(0,0,0,0.6)`

✓ 2025 modules transformed.
rendering chunks...
[plugin:vite:reporter] 
(!) /home/user/crafthub-360-stitch/src/api/passportScanApi.js is dynamically imported by /home/user/crafthub-360-stitch/src/pages/passport/PassportHome.jsx but also statically imported by /home/user/crafthub-360-stitch/src/pages/passport/PassportHome.jsx, dynamic import will not move module into another chunk.

computing gzip size...
dist/index.html                                               0.80 kB │ gzip:   0.42 kB
dist/assets/BootConsole-174cbfbc.css                          8.49 kB │ gzip:   2.16 kB
dist/assets/index-b84cfafb.css                              129.56 kB │ gzip:  22.28 kB
dist/assets/testModeConfig-93ff0050.js                        1.22 kB │ gzip:   0.52 kB
dist/assets/packagingStudioApiClient-dafcb5ef.js              1.56 kB │ gzip:   0.73 kB
dist/assets/venueHumidorCustomerApiClient-f32151ec.js         2.43 kB │ gzip:   0.97 kB
dist/assets/MentorGuidancePanel-7ce9a567.js                   2.68 kB │ gzip:   0.84 kB
dist/assets/PinPad-d5835226.js                                3.27 kB │ gzip:   1.14 kB
dist/assets/useAdminVenueId-bee5b0ad.js                       3.71 kB │ gzip:   1.19 kB
dist/assets/PrototypeDisclosure-71d2ea51.js                   3.97 kB │ gzip:   1.56 kB
dist/assets/PackagingStudioDashboard-181fbe62.js              4.68 kB │ gzip:   1.43 kB
dist/assets/PackagingReview-45fb8168.js                       4.82 kB │ gzip:   1.42 kB
dist/assets/JudgeDashboard-233a7b4e.js                        4.85 kB │ gzip:   1.51 kB
dist/assets/PackagingStudioShare-6cee4236.js                  6.13 kB │ gzip:   1.55 kB
dist/assets/OfflineMode-de16e511.js                           6.40 kB │ gzip:   1.92 kB
dist/assets/VenueHumidorMyAcquisitions-3e819ab9.js            6.81 kB │ gzip:   1.70 kB
dist/assets/MentorReview-6bd8c583.js                          7.16 kB │ gzip:   2.23 kB
dist/assets/AdminLogin-f7ab44ab.js                            7.24 kB │ gzip:   2.03 kB
dist/assets/StaffLogin-ae415ded.js                            7.35 kB │ gzip:   2.14 kB
dist/assets/FounderLogin-7ab86133.js                          7.82 kB │ gzip:   2.05 kB
dist/assets/PackagingStudioVersions-133b53a0.js               8.03 kB │ gzip:   1.65 kB
dist/assets/MentorLogin-fce34aa8.js                           8.15 kB │ gzip:   2.23 kB
dist/assets/DevLogin-df63f321.js                              8.51 kB │ gzip:   2.32 kB
dist/assets/InstallHelp-efd3c394.js                           8.75 kB │ gzip:   2.57 kB
dist/assets/VenueHumidorOrderConfirmation-d8828fcb.js         9.03 kB │ gzip:   2.23 kB
dist/assets/VenueHumidorMyOrders-78751b00.js                  9.92 kB │ gzip:   2.25 kB
dist/assets/KioskSetup-bd8a490d.js                           10.06 kB │ gzip:   2.36 kB
dist/assets/GoldenBoxHub-a03d230b.js                         10.29 kB │ gzip:   2.09 kB
dist/assets/VenueHumidorPickup-32f0ea39.js                   10.53 kB │ gzip:   2.50 kB
dist/assets/PilotReadinessDashboard-a2cbc608.js              10.59 kB │ gzip:   2.13 kB
dist/assets/CompetitionDetail-ddb8c01a.js                    10.79 kB │ gzip:   2.26 kB
dist/assets/VenueHumidorFulfillmentHistory-81d84b51.js       11.06 kB │ gzip:   2.04 kB
dist/assets/SystemOverview-5ca79056.js                       11.28 kB │ gzip:   2.96 kB
dist/assets/VenueHumidorAcquisitionDetail-9729f67c.js        11.91 kB │ gzip:   2.53 kB
dist/assets/VenueHumidorAdminInventoryEvents-7f5f950f.js     13.22 kB │ gzip:   2.24 kB
dist/assets/VenueHumidorHandoff-84dd179c.js                  13.40 kB │ gzip:   3.04 kB
dist/assets/VenueHumidorReceipt-72de5259.js                  14.09 kB │ gzip:   2.38 kB
dist/assets/VenueHumidorCheckout-06123403.js                 14.74 kB │ gzip:   3.20 kB
dist/assets/VenueHumidorAssistedSelling-556a66d2.js          14.83 kB │ gzip:   2.64 kB
dist/assets/VenueHumidorOrderQueue-eef760d8.js               14.83 kB │ gzip:   2.63 kB
dist/assets/MentorConsole-a4eb70f7.js                        15.12 kB │ gzip:   3.42 kB
dist/assets/VenueHumidorMyOrderDetail-3d4870ca.js            15.13 kB │ gzip:   2.80 kB
dist/assets/InvestorDemo-c4a053ed.js                         16.08 kB │ gzip:   3.78 kB
dist/assets/DeviceStatus-03d71eb6.js                         16.09 kB │ gzip:   3.54 kB
dist/assets/VenueHumidorBrowser-a55068bf.js                  16.67 kB │ gzip:   3.35 kB
dist/assets/DevDiagnostics-a7a94e5a.js                       17.16 kB │ gzip:   3.22 kB
dist/assets/VenueHumidorAdminDashboard-5c04438e.js           18.13 kB │ gzip:   2.59 kB
dist/assets/VenueOwnerDemo-0a34d977.js                       18.86 kB │ gzip:   4.43 kB
dist/assets/VenueHumidorRecommendations-af115810.js          19.09 kB │ gzip:   3.41 kB
dist/assets/VenueHumidorCigarDetail-b6cbc998.js              19.65 kB │ gzip:   3.79 kB
dist/assets/FounderControl-c19b5c3f.js                       21.82 kB │ gzip:   4.34 kB
dist/assets/PilotOnboarding-942dd204.js                      22.63 kB │ gzip:   3.98 kB
dist/assets/JudgeEntryReview-31852264.js                     23.23 kB │ gzip:   5.15 kB
dist/assets/PackagingStudioEditor-ec7eee32.js                24.32 kB │ gzip:   4.75 kB
dist/assets/ResultsExperience-9d9f4558.js                    24.47 kB │ gzip:   4.67 kB
dist/assets/FounderDemo-c8cb7bf3.js                          25.15 kB │ gzip:   5.66 kB
dist/assets/VenueHumidorOrderDetail-3dc05ad9.js              26.02 kB │ gzip:   4.47 kB
dist/assets/VenueManagementCommandHub-650151d7.js            29.74 kB │ gzip:   5.69 kB
dist/assets/BootConsole-1320356c.js                          32.58 kB │ gzip:   6.79 kB
dist/assets/VenueHumidorAdminProductForm-9e2c11fb.js         35.92 kB │ gzip:   5.51 kB
dist/assets/EntryWorkspace-61d6c22d.js                       37.95 kB │ gzip:   7.01 kB
dist/assets/ModuleDeploymentCenter-86b05b18.js               38.13 kB │ gzip:   8.69 kB
dist/assets/VenueTestControl-e32cb45f.js                     55.37 kB │ gzip:   9.16 kB
dist/assets/Admin-b321b236.js                                97.90 kB │ gzip:  16.93 kB
dist/assets/index-0b3823c2.js                             5,335.35 kB │ gzip: 915.00 kB

(!) Some chunks are larger than 500 kBs after minification. Consider:
- Using dynamic import() to code-split the application
- Use build.rollupOptions.output.manualChunks to improve chunking: https://rollupjs.org/configuration-options/#output-manualchunks
- Adjust chunk size limit for this warning via build.chunkSizeWarningLimit.
✓ built in 21.19s

> crafthub-360-production@1.0.0 prebuild
> node scripts/validateSmokecraftAssets.mjs && node scripts/generateBuildManifest.mjs && node scripts/generateSmokecraftGameManifest.mjs && node scripts/validateSmokecraftManifest.mjs && node scripts/validateSmokecraftShellAdoption.mjs && node scripts/validateSmokecraftControlCoverage.mjs && node scripts/validateSmokecraftResponsive.mjs && node scripts/validateSmokecraftPlayerStateIntegrity.mjs && node scripts/validateSmokecraftAccountIntegrity.mjs && node scripts/validateSmokecraftGameplayIntegrity.mjs && node scripts/validateSmokecraftGameplayAuthority.mjs && node scripts/validateSmokecraftAlertPointerSafety.mjs && node scripts/validateSmokecraftTastingAuthority.mjs && node scripts/validateSmokecraftCultivatorAuthority.mjs && node scripts/validateSmokecraftCollectionsAuthority.mjs && node scripts/validateSmokecraftSkillTreeAuthority.mjs && node scripts/validateSmokecraftLeaderboardAuthority.mjs && node scripts/validateSmokecraftPairingEngineAuthority.mjs && node scripts/validateSmokecraftMentorGuidanceAuthority.mjs


SmokeCraft asset validation: 83/83 registered assets verified on disk with correct case.
All registered SmokeCraft assets verified. Build may proceed.
build-manifest.json generated — commit 773d0be, 27/28 critical assets ok.
Wrote docs/smokecraft/SMOKECRAFT_GAME_MANIFEST.json
Total routes: 130 (entry: 4, curriculum: 21, supporting: 105)
Classification counts: {
  'full-live-react': 105,
  'clean-image-shell': 7,
  'alias-redirect': 14,
  'instructional-image': 4
}

=== SmokeCraft game-manifest / navigation / shell validation (Holistic Fix 1) ===

  PASS  Route inventory regenerates without error
  PASS  SMOKECRAFT_GAME_MANIFEST.json exists
  PASS  Manifest totalRoutes matches live /smokecraft route count (no route missing from the manifest)
  PASS  No duplicate screenId in the manifest
  PASS  Every manifest entry has a route string
  PASS  Every screen classified as live/clean-shell cites real audit evidence (auditedIn is not empty/unclassified)
  PASS  Exactly 27 sessions in the spine
  PASS  TOTAL_SESSIONS constant equals 27
  PASS  Exactly 6 phases
  PASS  TOTAL_VISITS constant equals 6
  PASS  Session numbers are exactly 1..27, no gap, no duplicate
  PASS  Every curriculum manifest entry has an assetStatus field
  PASS  No curriculum manifest entry silently references a non-existent SC_ASSETS key
  PASS  Every SmokeCraft-namespace navigation-registry destination resolves to a real, currently-registered route
  PASS  Locked phase groupings unchanged (Package J decision)
  PASS  No route remains unclassified (0 unclassified)
  PASS  Every legacy <Navigate> alias resolves to a currently-registered route (14 aliases checked, 0 broken)
  PASS  Every <Navigate> alias target inside the SmokeCraft route tree is documented in the canonical alias table (manifest alias-redirect entries) (13 literal targets checked, 0 undocumented)
  PASS  venue-commerce / order / ticket-tapper/staff-specials remain a documented, enforced alias group (identical component)
  PASS  Manifest fullyMigratedScreens (82) — every claimed route (82) is backed by a real <SmokeCraftScreenShell> render (82 verified)
  PASS  Educational completeness audit doc still covers all 21 primary session slots (0 missing)

=== RESULT: PASS — 0 failing check(s) ===


=== SmokeCraft shell/navigation-registry adoption lock (Holistic Fix 2A) ===

  PASS  Welcome: imports SmokeCraftScreenShell
  PASS  Welcome: actually renders <SmokeCraftScreenShell
  PASS  Welcome: does not import SmokeCraftImageBoundsOverlay directly (must go through the shell)
  PASS  Welcome: registered destination "/smokecraft/rewards-center" is not reintroduced as a bare local literal
  PASS  Welcome: registered destination "/smokecraft/passport" is not reintroduced as a bare local literal
  PASS  Welcome: registered destination "/smokecraft/leaderboard" is not reintroduced as a bare local literal
  PASS  Welcome: registered destination "/smokecraft/event-challenge" is not reintroduced as a bare local literal
  PASS  Welcome: registered destination "/smokecraft/collections" is not reintroduced as a bare local literal
  PASS  Welcome: registered destination "/smokecraft/mentor-selection" is not reintroduced as a bare local literal
  PASS  Welcome: registered destination "/smokecraft/knowledge-drop" is not reintroduced as a bare local literal
  PASS  Welcome: registered destination "/smokecraft/golden-box" is not reintroduced as a bare local literal
  PASS  Leaderboard: imports SmokeCraftScreenShell
  PASS  Leaderboard: actually renders <SmokeCraftScreenShell
  PASS  Leaderboard: does not import SmokeCraftImageBoundsOverlay directly (must go through the shell)
  PASS  Leaderboard: registered destination "/smokecraft/humidor-match" is not reintroduced as a bare local literal
  PASS  Leaderboard: registered destination "/smokecraft/challenge-hub" is not reintroduced as a bare local literal
  PASS  Leaderboard: registered destination "/smokecraft/event-challenge" is not reintroduced as a bare local literal
  PASS  Leaderboard: registered destination "/smokecraft/rewards-center" is not reintroduced as a bare local literal
  PASS  Leaderboard: registered destination "/smokecraft/passport" is not reintroduced as a bare local literal
  PASS  Passport: imports SmokeCraftScreenShell
  PASS  Passport: actually renders <SmokeCraftScreenShell
  PASS  Passport: does not import SmokeCraftImageBoundsOverlay directly (must go through the shell)
  PASS  Passport: registered destination "/passport/scan" is not reintroduced as a bare local literal
  PASS  Passport: registered destination "/passport/directory" is not reintroduced as a bare local literal
  PASS  Passport: registered destination "/passport/events" is not reintroduced as a bare local literal
  PASS  Passport: registered destination "/passport/benefits" is not reintroduced as a bare local literal
  PASS  Passport: registered destination "/passport/how-it-works" is not reintroduced as a bare local literal
  PASS  Venue Selection: imports SmokeCraftScreenShell
  PASS  Venue Selection: actually renders <SmokeCraftScreenShell
  PASS  Venue Selection: does not import SmokeCraftImageBoundsOverlay directly (must go through the shell)
  PASS  CraftHub: imports SmokeCraftScreenShell
  PASS  CraftHub: actually renders <SmokeCraftScreenShell
  PASS  CraftHub: does not import SmokeCraftImageBoundsOverlay directly (must go through the shell)
  PASS  Challenge Hub: imports SmokeCraftScreenShell
  PASS  Challenge Hub: actually renders <SmokeCraftScreenShell
  PASS  Challenge Hub: does not import SmokeCraftImageBoundsOverlay directly (must go through the shell)
  PASS  Rewards: imports SmokeCraftScreenShell
  PASS  Rewards: actually renders <SmokeCraftScreenShell
  PASS  Rewards: does not import SmokeCraftImageBoundsOverlay directly (must go through the shell)
  PASS  Rewards: registered destination "/smokecraft/challenge-hub" is not reintroduced as a bare local literal
  PASS  Rewards: registered destination "/smokecraft/collections" is not reintroduced as a bare local literal
  PASS  Golden Box Rules: imports SmokeCraftScreenShell
  PASS  Golden Box Rules: actually renders <SmokeCraftScreenShell
  PASS  Golden Box Rules: does not import SmokeCraftImageBoundsOverlay directly (must go through the shell)
  PASS  Golden Box Rules: registered destination "/smokecraft/mentor-selection" is not reintroduced as a bare local literal
  PASS  Golden Box Status: imports SmokeCraftScreenShell
  PASS  Golden Box Status: actually renders <SmokeCraftScreenShell
  PASS  Golden Box Status: does not import SmokeCraftImageBoundsOverlay directly (must go through the shell)
  PASS  Golden Box Hub: imports SmokeCraftScreenShell
  PASS  Golden Box Hub: actually renders <SmokeCraftScreenShell
  PASS  Golden Box Hub: does not import SmokeCraftImageBoundsOverlay directly (must go through the shell)
  PASS  Golden Box Competition Detail: imports SmokeCraftScreenShell
  PASS  Golden Box Competition Detail: actually renders <SmokeCraftScreenShell
  PASS  Golden Box Competition Detail: does not import SmokeCraftImageBoundsOverlay directly (must go through the shell)
  PASS  Golden Box Competition Detail: registered destination "/smokecraft/golden-box" is not reintroduced as a bare local literal
  PASS  Golden Box Entry Workspace: imports SmokeCraftScreenShell
  PASS  Golden Box Entry Workspace: actually renders <SmokeCraftScreenShell
  PASS  Golden Box Entry Workspace: does not import SmokeCraftImageBoundsOverlay directly (must go through the shell)
  PASS  Golden Box Results: imports SmokeCraftScreenShell
  PASS  Golden Box Results: actually renders <SmokeCraftScreenShell
  PASS  Golden Box Results: does not import SmokeCraftImageBoundsOverlay directly (must go through the shell)
  PASS  Golden Box Results: registered destination "/smokecraft/golden-box" is not reintroduced as a bare local literal
  PASS  Golden Box Results: registered destination "/smokecraft/leaderboard" is not reintroduced as a bare local literal
  PASS  Golden Box Judge Dashboard: imports SmokeCraftScreenShell
  PASS  Golden Box Judge Dashboard: actually renders <SmokeCraftScreenShell
  PASS  Golden Box Judge Dashboard: does not import SmokeCraftImageBoundsOverlay directly (must go through the shell)
  PASS  Golden Box Judge Entry Review: imports SmokeCraftScreenShell
  PASS  Golden Box Judge Entry Review: actually renders <SmokeCraftScreenShell
  PASS  Golden Box Judge Entry Review: does not import SmokeCraftImageBoundsOverlay directly (must go through the shell)
  PASS  Golden Box Mentor Review: imports SmokeCraftScreenShell
  PASS  Golden Box Mentor Review: actually renders <SmokeCraftScreenShell
  PASS  Golden Box Mentor Review: does not import SmokeCraftImageBoundsOverlay directly (must go through the shell)
  PASS  Packaging Studio Dashboard: imports SmokeCraftScreenShell
  PASS  Packaging Studio Dashboard: actually renders <SmokeCraftScreenShell
  PASS  Packaging Studio Dashboard: does not import SmokeCraftImageBoundsOverlay directly (must go through the shell)
  PASS  Packaging Studio Editor: imports SmokeCraftScreenShell
  PASS  Packaging Studio Editor: actually renders <SmokeCraftScreenShell
  PASS  Packaging Studio Editor: does not import SmokeCraftImageBoundsOverlay directly (must go through the shell)
  PASS  Packaging Studio Versions: imports SmokeCraftScreenShell
  PASS  Packaging Studio Versions: actually renders <SmokeCraftScreenShell
  PASS  Packaging Studio Versions: does not import SmokeCraftImageBoundsOverlay directly (must go through the shell)
  PASS  Packaging Studio Share: imports SmokeCraftScreenShell
  PASS  Packaging Studio Share: actually renders <SmokeCraftScreenShell
  PASS  Packaging Studio Share: does not import SmokeCraftImageBoundsOverlay directly (must go through the shell)
  PASS  Packaging Review (public share link): imports SmokeCraftScreenShell
  PASS  Packaging Review (public share link): actually renders <SmokeCraftScreenShell
  PASS  Packaging Review (public share link): does not import SmokeCraftImageBoundsOverlay directly (must go through the shell)
  PASS  Origins: imports SmokeCraftScreenShell
  PASS  Origins: actually renders <SmokeCraftScreenShell
  PASS  Origins: does not import SmokeCraftImageBoundsOverlay directly (must go through the shell)
  PASS  Curation: imports SmokeCraftScreenShell
  PASS  Curation: actually renders <SmokeCraftScreenShell
  PASS  Curation: does not import SmokeCraftImageBoundsOverlay directly (must go through the shell)
  PASS  Curation: registered destination "/grand-lounge-ranking" is not reintroduced as a bare local literal
  PASS  Leaves: imports SmokeCraftScreenShell
  PASS  Leaves: actually renders <SmokeCraftScreenShell
  PASS  Leaves: does not import SmokeCraftImageBoundsOverlay directly (must go through the shell)
  PASS  Leaves: registered destination "/grand-lounge-ranking" is not reintroduced as a bare local literal
  PASS  Leaves: registered destination "/passport" is not reintroduced as a bare local literal
  PASS  Leaf Challenge: imports SmokeCraftScreenShell
  PASS  Leaf Challenge: actually renders <SmokeCraftScreenShell
  PASS  Leaf Challenge: does not import SmokeCraftImageBoundsOverlay directly (must go through the shell)
  PASS  Leaf Challenge Calculating: imports SmokeCraftScreenShell
  PASS  Leaf Challenge Calculating: actually renders <SmokeCraftScreenShell
  PASS  Leaf Challenge Calculating: does not import SmokeCraftImageBoundsOverlay directly (must go through the shell)
  PASS  Leaf Challenge Result: imports SmokeCraftScreenShell
  PASS  Leaf Challenge Result: actually renders <SmokeCraftScreenShell
  PASS  Leaf Challenge Result: does not import SmokeCraftImageBoundsOverlay directly (must go through the shell)
  PASS  Leaf Challenge Result: registered destination "/passport" is not reintroduced as a bare local literal
  PASS  Cultivation: imports SmokeCraftScreenShell
  PASS  Cultivation: actually renders <SmokeCraftScreenShell
  PASS  Cultivation: does not import SmokeCraftImageBoundsOverlay directly (must go through the shell)
  PASS  Blend: imports SmokeCraftScreenShell
  PASS  Blend: actually renders <SmokeCraftScreenShell
  PASS  Blend: does not import SmokeCraftImageBoundsOverlay directly (must go through the shell)
  PASS  Flavor DNA: imports SmokeCraftScreenShell
  PASS  Flavor DNA: actually renders <SmokeCraftScreenShell
  PASS  Flavor DNA: does not import SmokeCraftImageBoundsOverlay directly (must go through the shell)
  PASS  Pairing: imports SmokeCraftScreenShell
  PASS  Pairing: actually renders <SmokeCraftScreenShell
  PASS  Pairing: does not import SmokeCraftImageBoundsOverlay directly (must go through the shell)
  PASS  Available: imports SmokeCraftScreenShell
  PASS  Available: actually renders <SmokeCraftScreenShell
  PASS  Available: does not import SmokeCraftImageBoundsOverlay directly (must go through the shell)
  PASS  Assistant: imports SmokeCraftScreenShell
  PASS  Assistant: actually renders <SmokeCraftScreenShell
  PASS  Assistant: does not import SmokeCraftImageBoundsOverlay directly (must go through the shell)
  PASS  Pairing Mastery: imports SmokeCraftScreenShell
  PASS  Pairing Mastery: actually renders <SmokeCraftScreenShell
  PASS  Pairing Mastery: does not import SmokeCraftImageBoundsOverlay directly (must go through the shell)
  PASS  Vitola: imports SmokeCraftScreenShell
  PASS  Vitola: actually renders <SmokeCraftScreenShell
  PASS  Vitola: does not import SmokeCraftImageBoundsOverlay directly (must go through the shell)
  PASS  Landing: imports SmokeCraftScreenShell
  PASS  Landing: actually renders <SmokeCraftScreenShell
  PASS  Landing: does not import SmokeCraftImageBoundsOverlay directly (must go through the shell)
  PASS  Seed & Soil: imports SmokeCraftScreenShell
  PASS  Seed & Soil: actually renders <SmokeCraftScreenShell
  PASS  Seed & Soil: does not import SmokeCraftImageBoundsOverlay directly (must go through the shell)
  PASS  Request Purchase: imports SmokeCraftScreenShell
  PASS  Request Purchase: actually renders <SmokeCraftScreenShell
  PASS  Request Purchase: does not import SmokeCraftImageBoundsOverlay directly (must go through the shell)
  PASS  Management Sync: imports SmokeCraftScreenShell
  PASS  Management Sync: actually renders <SmokeCraftScreenShell
  PASS  Management Sync: does not import SmokeCraftImageBoundsOverlay directly (must go through the shell)
  PASS  Resume Journey: imports SmokeCraftScreenShell
  PASS  Resume Journey: actually renders <SmokeCraftScreenShell
  PASS  Resume Journey: does not import SmokeCraftImageBoundsOverlay directly (must go through the shell)
  PASS  Rewards Center: imports SmokeCraftScreenShell
  PASS  Rewards Center: actually renders <SmokeCraftScreenShell
  PASS  Rewards Center: does not import SmokeCraftImageBoundsOverlay directly (must go through the shell)
  PASS  How It Works: imports SmokeCraftScreenShell
  PASS  How It Works: actually renders <SmokeCraftScreenShell
  PASS  How It Works: does not import SmokeCraftImageBoundsOverlay directly (must go through the shell)
  PASS  Guest Pass: imports SmokeCraftScreenShell
  PASS  Guest Pass: actually renders <SmokeCraftScreenShell
  PASS  Guest Pass: does not import SmokeCraftImageBoundsOverlay directly (must go through the shell)
  PASS  Scan: imports SmokeCraftScreenShell
  PASS  Scan: actually renders <SmokeCraftScreenShell
  PASS  Scan: does not import SmokeCraftImageBoundsOverlay directly (must go through the shell)
  PASS  Enroll: imports SmokeCraftScreenShell
  PASS  Enroll: actually renders <SmokeCraftScreenShell
  PASS  Enroll: does not import SmokeCraftImageBoundsOverlay directly (must go through the shell)
  PASS  Identity: imports SmokeCraftScreenShell
  PASS  Identity: actually renders <SmokeCraftScreenShell
  PASS  Identity: does not import SmokeCraftImageBoundsOverlay directly (must go through the shell)
  PASS  Art: imports SmokeCraftScreenShell
  PASS  Art: actually renders <SmokeCraftScreenShell
  PASS  Art: does not import SmokeCraftImageBoundsOverlay directly (must go through the shell)
  PASS  Cigar Gauge Guide: imports SmokeCraftScreenShell
  PASS  Cigar Gauge Guide: actually renders <SmokeCraftScreenShell
  PASS  Cigar Gauge Guide: does not import SmokeCraftImageBoundsOverlay directly (must go through the shell)
  PASS  Knowledge Check Demo: imports SmokeCraftScreenShell
  PASS  Knowledge Check Demo: actually renders <SmokeCraftScreenShell
  PASS  Knowledge Check Demo: does not import SmokeCraftImageBoundsOverlay directly (must go through the shell)
  PASS  Skill Tree: imports SmokeCraftScreenShell
  PASS  Skill Tree: actually renders <SmokeCraftScreenShell
  PASS  Skill Tree: does not import SmokeCraftImageBoundsOverlay directly (must go through the shell)
  PASS  Collections Center: imports SmokeCraftScreenShell
  PASS  Collections Center: actually renders <SmokeCraftScreenShell
  PASS  Collections Center: does not import SmokeCraftImageBoundsOverlay directly (must go through the shell)
  PASS  Demo: imports SmokeCraftScreenShell
  PASS  Demo: actually renders <SmokeCraftScreenShell
  PASS  Demo: does not import SmokeCraftImageBoundsOverlay directly (must go through the shell)
  PASS  Demo Reset: imports SmokeCraftScreenShell
  PASS  Demo Reset: actually renders <SmokeCraftScreenShell
  PASS  Demo Reset: does not import SmokeCraftImageBoundsOverlay directly (must go through the shell)
  PASS  Visit Complete: imports SmokeCraftScreenShell
  PASS  Visit Complete: actually renders <SmokeCraftScreenShell
  PASS  Visit Complete: does not import SmokeCraftImageBoundsOverlay directly (must go through the shell)
  PASS  Filler Arrangement: imports SmokeCraftScreenShell
  PASS  Filler Arrangement: actually renders <SmokeCraftScreenShell
  PASS  Filler Arrangement: does not import SmokeCraftImageBoundsOverlay directly (must go through the shell)
  PASS  SmokeCraft Curriculum Screen Renderer (all 21 session slots): imports SmokeCraftScreenShell
  PASS  SmokeCraft Curriculum Screen Renderer (all 21 session slots): actually renders <SmokeCraftScreenShell
  PASS  SmokeCraft Curriculum Screen Renderer (all 21 session slots): does not import SmokeCraftImageBoundsOverlay directly (must go through the shell)
  PASS  Wrapper Strength (Leaf to Cigar construction module): imports SmokeCraftScreenShell
  PASS  Wrapper Strength (Leaf to Cigar construction module): actually renders <SmokeCraftScreenShell
  PASS  Wrapper Strength (Leaf to Cigar construction module): does not import SmokeCraftImageBoundsOverlay directly (must go through the shell)
  PASS  Commerce Menu: imports SmokeCraftScreenShell
  PASS  Commerce Menu: actually renders <SmokeCraftScreenShell
  PASS  Commerce Menu: does not import SmokeCraftImageBoundsOverlay directly (must go through the shell)
  PASS  Commerce Cart: imports SmokeCraftScreenShell
  PASS  Commerce Cart: actually renders <SmokeCraftScreenShell
  PASS  Commerce Cart: does not import SmokeCraftImageBoundsOverlay directly (must go through the shell)
  PASS  Commerce Checkout: imports SmokeCraftScreenShell
  PASS  Commerce Checkout: actually renders <SmokeCraftScreenShell
  PASS  Commerce Checkout: does not import SmokeCraftImageBoundsOverlay directly (must go through the shell)
  PASS  Commerce Payment Success: imports SmokeCraftScreenShell
  PASS  Commerce Payment Success: actually renders <SmokeCraftScreenShell
  PASS  Commerce Payment Success: does not import SmokeCraftImageBoundsOverlay directly (must go through the shell)
  PASS  Commerce Order Status: imports SmokeCraftScreenShell
  PASS  Commerce Order Status: actually renders <SmokeCraftScreenShell
  PASS  Commerce Order Status: does not import SmokeCraftImageBoundsOverlay directly (must go through the shell)
  PASS  src/pages/smokecraft/WelcomeExperience.jsx: still references its locked approved asset (SC_ASSETS.session1)
  PASS  src/pages/smokecraft/Leaderboard.jsx: still references its locked approved asset (SC_ASSETS.leaderboard)
  PASS  src/pages/smokecraft/SmokeCraftPassport.jsx: still references its locked approved asset (SC_ASSETS.passportHub)
  PASS  src/pages/smokecraft/SmokeCraftCraftHub.jsx: still references its locked approved asset (SC_ASSETS.craftHubVenueTable)
  PASS  src/pages/smokecraft/Rewards.jsx: still references its locked approved asset (SC_ASSETS.rewards)
  PASS  src/pages/smokecraft/GoldenBox.jsx: still references its locked approved asset (SC_ASSETS.goldenBox)
  PASS  No collision among the 5 distinct pairing-family routes (pairing/pairing-lab/pairing-recommendations/humidor-match/pairing-mastery)
  PASS  smokecraftNavigationRegistry keeps PAIRING and PAIRING_STANDALONE as distinct, non-collapsed values
  PASS  Curriculum component registry still registers all 21 session slots (session-1..session-27 with merges)
  PASS  No curriculum session component is rendered directly from App.jsx (all must route through SmokeCraftScreenRenderer)
  PASS  session-21's required interactive region ('section-review') is still registered in the interaction manifest
  PASS  src/pages/smokecraft/HumidorMatch.jsx: still renders SmokeCraftLessonInfoButton (Session 2 lesson title/Golden Box/Why It Matters)
  PASS  smokecraftEducationalEnrichment.js: session 2 entry still has both whyItMatters and goldenBox
  PASS  src/pages/smokecraft/Format.jsx: still renders SmokeCraftLessonInfoButton (Session 5 lesson title/Golden Box/Why It Matters)
  PASS  smokecraftEducationalEnrichment.js: session 5 entry still has both whyItMatters and goldenBox
  PASS  src/pages/smokecraft/CutToastLight.jsx: still renders SmokeCraftLessonInfoButton (Session 6 lesson title/Golden Box/Why It Matters)
  PASS  smokecraftEducationalEnrichment.js: session 6 entry still has both whyItMatters and goldenBox
  PASS  src/pages/smokecraft/FirstThird.jsx: still renders SmokeCraftLessonInfoButton (Session 8 lesson title/Golden Box/Why It Matters)
  PASS  smokecraftEducationalEnrichment.js: session 8 entry still has both whyItMatters and goldenBox
  PASS  src/pages/smokecraft/FlavorMemory.jsx: still renders SmokeCraftLessonInfoButton (Session 10 lesson title/Golden Box/Why It Matters)
  PASS  smokecraftEducationalEnrichment.js: session 10 entry still has both whyItMatters and goldenBox
  PASS  src/pages/smokecraft/PairingLab.jsx: still renders SmokeCraftLessonInfoButton (Session 11 lesson title/Golden Box/Why It Matters)
  PASS  smokecraftEducationalEnrichment.js: session 11 entry still has both whyItMatters and goldenBox
  PASS  src/pages/smokecraft/SecondThird.jsx: still renders SmokeCraftLessonInfoButton (Session 12 lesson title/Golden Box/Why It Matters)
  PASS  smokecraftEducationalEnrichment.js: session 12 entry still has both whyItMatters and goldenBox
  PASS  src/pages/smokecraft/FinalThird.jsx: still renders SmokeCraftLessonInfoButton (Session 16 lesson title/Golden Box/Why It Matters)
  PASS  smokecraftEducationalEnrichment.js: session 16 entry still has both whyItMatters and goldenBox
  PASS  src/pages/smokecraft/Scorecard.jsx: still renders SmokeCraftLessonInfoButton (Session 19 lesson title/Golden Box/Why It Matters)
  PASS  smokecraftEducationalEnrichment.js: session 19 entry still has both whyItMatters and goldenBox
  PASS  src/pages/smokecraft/PassportStamp.jsx: still renders SmokeCraftLessonInfoButton (Session 23 lesson title/Golden Box/Why It Matters)
  PASS  smokecraftEducationalEnrichment.js: session 23 entry still has both whyItMatters and goldenBox
  PASS  src/pages/smokecraft/FinalReview.jsx: still renders SmokeCraftLessonInfoButton (Session 24 lesson title/Golden Box/Why It Matters)
  PASS  smokecraftEducationalEnrichment.js: session 24 entry still has both whyItMatters and goldenBox
  PASS  src/pages/smokecraft/MeetYourCigar.jsx: still renders SmokeCraftLessonInfoButton (Session 3 lesson title/Golden Box/Why It Matters)
  PASS  smokecraftEducationalEnrichment.js: session 3 entry still has both whyItMatters and goldenBox
  PASS  src/pages/smokecraft/Terroir.jsx: still renders SmokeCraftLessonInfoButton (Session 4 lesson title/Golden Box/Why It Matters)
  PASS  smokecraftEducationalEnrichment.js: session 4 entry still has both whyItMatters and goldenBox
  PASS  src/pages/smokecraft/LightingTutorial.jsx: still renders SmokeCraftLessonInfoButton (Session 7 lesson title/Golden Box/Why It Matters)
  PASS  smokecraftEducationalEnrichment.js: session 7 entry still has both whyItMatters and goldenBox
  PASS  src/pages/smokecraft/MentorCommentary.jsx: still renders SmokeCraftLessonInfoButton (Session 14 lesson title/Golden Box/Why It Matters)
  PASS  smokecraftEducationalEnrichment.js: session 14 entry still has both whyItMatters and goldenBox
  PASS  src/pages/smokecraft/KnowledgeDrop.jsx: still renders SmokeCraftLessonInfoButton (Session 15 lesson title/Golden Box/Why It Matters)
  PASS  smokecraftEducationalEnrichment.js: session 15 entry still has both whyItMatters and goldenBox
  PASS  src/pages/smokecraft/AISummary.jsx: still renders SmokeCraftLessonInfoButton (Session 21 lesson title/Golden Box/Why It Matters)
  PASS  smokecraftEducationalEnrichment.js: session 21 entry still has both whyItMatters and goldenBox
  PASS  src/pages/smokecraft/PairingRecommendations.jsx: still renders SmokeCraftLessonInfoButton (Session 22 lesson title/Golden Box/Why It Matters)
  PASS  smokecraftEducationalEnrichment.js: session 22 entry still has both whyItMatters and goldenBox
  PASS  SmokeCraftLessonInfoButton: button uses position:'fixed' (not 'absolute', which clips inside SmokeCraftImageBoundsOverlay)
  PASS  src/pages/smokecraft/HumidorMatch.jsx: still has the "if (done) return" duplicate-fire guard on its Continue handler
  PASS  src/pages/smokecraft/FirstThird.jsx: still has the "if (done) return" duplicate-fire guard on its Continue handler

=== RESULT: PASS — 0 failing check(s) ===

── SmokeCraft control-coverage validator (Holistic Fix 2E-11)

  OK    raw discovery total (276) equals inventory total (276)
  OK    map doc declares "Total controls: 276. Total mapped: 276. Unmapped: 0."
  OK    every control in the inventory has a non-empty group assignment
  OK    group "navigation": inventory count (55) matches byGroupCounts (55)
  OK    group "navigation": map doc summary table shows count 55
  OK    group "selection-toggle": inventory count (94) matches byGroupCounts (94)
  OK    group "selection-toggle": map doc summary table shows count 94
  OK    group "rating-toggle": inventory count (67) matches byGroupCounts (67)
  OK    group "rating-toggle": map doc summary table shows count 67
  OK    group "tab-disclosure": inventory count (23) matches byGroupCounts (23)
  OK    group "tab-disclosure": map doc summary table shows count 23
  OK    group "tasting-input": inventory count (12) matches byGroupCounts (12)
  OK    group "tasting-input": map doc summary table shows count 12
  OK    group "completion": inventory count (23) matches byGroupCounts (23)
  OK    group "completion": map doc summary table shows count 23
  OK    group "honest-disabled": inventory count (2) matches byGroupCounts (2)
  OK    group "honest-disabled": map doc summary table shows count 2
  OK    sum of all group counts (276) equals total controls (276)
  OK    group "navigation" has a browser-test reference
  OK    group "navigation"'s referenced test script exists on disk (verify-smokecraft-hf2e5-curriculum-forward-backward.mjs)
  OK    group "selection-toggle" has a browser-test reference
  OK    group "selection-toggle"'s referenced test script exists on disk (verify-smokecraft-hf2e10-control-state-persistence.mjs)
  OK    group "rating-toggle" has a browser-test reference
  OK    group "rating-toggle"'s referenced test script exists on disk (verify-smokecraft-hf2e10-control-state-persistence.mjs)
  OK    group "tab-disclosure" has a browser-test reference
  OK    group "tab-disclosure"'s referenced test script exists on disk (verify-smokecraft-hf2e10-control-state-persistence.mjs)
  OK    group "tasting-input" has a browser-test reference
  OK    group "tasting-input"'s referenced test script exists on disk (verify-smokecraft-hf2e10-control-state-persistence.mjs)
  OK    group "completion" has a browser-test reference
  OK    group "completion"'s referenced test script exists on disk (verify-smokecraft-hf2e10-control-state-persistence.mjs)
  OK    group "honest-disabled" has a browser-test reference
  OK    group "honest-disabled"'s referenced test script exists on disk (verify-smokecraft-hf2e10-control-state-persistence.mjs)
  OK    navigation-required group "navigation" has a destination-assertion reference
  OK    persistence-required group "rating-toggle" has a reload-test reference
  OK    navigation-required group "completion" has a destination-assertion reference
  OK    duplicate-risk group "completion" has a rapid-double-action test reference
  OK    disabled-state-expected group "honest-disabled" has an honest-state assertion reference
  OK    session 1 has at least one mapped control
  OK    session 2 has at least one mapped control
  OK    session 3 has at least one mapped control
  OK    session 4 has at least one mapped control
  OK    session 5 has at least one mapped control
  OK    session 6 has at least one mapped control
  OK    session 7 has at least one mapped control
  OK    session 8 has at least one mapped control
  OK    session 10 has at least one mapped control
  OK    session 11 has at least one mapped control
  OK    session 12 has at least one mapped control
  OK    session 14 has at least one mapped control
  OK    session 15 has at least one mapped control
  OK    session 16 has at least one mapped control
  OK    session 19 has at least one mapped control
  OK    session 21 has at least one mapped control
  OK    session 22 has at least one mapped control
  OK    session 23 has at least one mapped control
  OK    session 24 has at least one mapped control
  OK    session 25 has at least one mapped control
  OK    session 26 has at least one mapped control
  OK    session 27 has at least one mapped control
  OK    all 22 primary sessions are represented in the inventory
  OK    deep control-behavior proof file exists
  OK    deep control-behavior proof reports 0 failures
  OK    deep control-behavior proof covers the 6 non-navigation implementation groups
  OK    navigation group's forward/backward test script exists on disk

=== RESULT: PASS (0 checks failed) ===
── SmokeCraft responsive-regression validator (Holistic Fix 3)

  OK    inventory covers all live routes (130)
  OK    no route has a navigation timeout/crash at any viewport
  OK    no route has horizontal overflow at any of the 5 viewports
  OK    no route blocks vertical scrolling when content exceeds the viewport
  OK    no route has a real control obscured behind the fixed bottom nav
  OK    no hero/backdrop image is stretched or distorted (object-fit:fill with a mismatched box)

=== RESULT: PASS (0 checks failed) ===
── SmokeCraft player-state integrity validator (Holistic Fix 4)

  OK    docs/smokecraft/SMOKECRAFT_STATE_OWNERSHIP_MAP.md exists
  OK    migration 092 (canonical player state) exists
  OK    migration 092 has a rollback script
  OK    migration 093 (idempotency-key guest-scope fix) exists
  OK    rollback file does NOT live inside server/db/migrations (would be picked up and auto-run as a forward migration)
  OK    smokecraft_session_completions has a UNIQUE constraint on (guest_reference, session_id)
  OK    smokecraft_awards has a UNIQUE index on (guest_reference, award_type, award_key)
  OK    migration 093 drops the global UNIQUE constraint on smokecraft_session_completions.idempotency_key
  OK    migration 093 adds a guest-scoped UNIQUE index instead
  OK    migration 093 does the same fix for smokecraft_awards
  OK    controller derives guestReference only from req.smokecraftIdentity, never req.body
  OK    XP amount for session completion comes from the server-owned reward table, not the request body
  OK    XP award endpoint validates the award key against a server-known table (getNamedXpAmount), never trusts a client amount directly
  OK    every mutation requires a client-supplied idempotencyKey (validated, not optional)
  OK    completeSession uses BEGIN/COMMIT/ROLLBACK (real transaction, not fire-and-forget writes)
  OK    every mutation path records an audit row (applied or duplicate_replay)
  OK    client.release() is called (no connection leak) via a finally block
  OK    player-state routes require requireSmokeCraftIdentity (server-verified cookie) on every state-touching route
  OK    player-state routes are rate-limited
  OK    mutation routes reuse ensureSmokeCraftGuestIdentity (the existing, proven JWT-cookie identity system) rather than inventing a new one
  OK    smokecraftPlayerStateRoutes is imported in server/index.js
  OK    smokecraftPlayerStateRoutes is mounted at '/api/smokecraft/player-state'
  OK    awardSessionRewards calls the new server-authoritative completeSessionOnServer
  OK    awardStamp calls the new server-authoritative awardPassportStampOnServer
  OK    client adapter returns { ok: false } on network failure, never a fabricated success
  OK    client adapter checks data.success === true before treating a response as ok (no fake-success on a malformed 200)

=== RESULT: PASS (0 checks failed) ===
── SmokeCraft account-integrity validator (Holistic Fix 4B)

  OK    docs/smokecraft/SMOKECRAFT_GUEST_ACCOUNT_MERGE_POLICY.md exists
  OK    migration 094 exists
  OK    migration 094 has a rollback script
  OK    rollback file does not live inside server/db/migrations
  OK    smokecraft_guest_conversions has UNIQUE(guest_reference) — a guest can convert at most once, ever
  OK    smokecraft_player_state gains journey_version for optimistic concurrency
  OK    convertGuestToAccount recomputes XP from merged rows (SUM), never adds guest.xp + account.xp directly
  OK    convertGuestToAccount checks smokecraft_guest_conversions for an existing row before converting (idempotent)
  OK    saveJourneySnapshot rejects a stale expectedVersion with a conflict result rather than silently overwriting
  OK    handleConvertGuest requires req.user.role === passport_member (a real authenticated account)
  OK    handleConvertGuest requires req.smokecraftGuestCookieIdentity (server-verified cookie), never a client-supplied guest id
  OK    handleSaveJourneySnapshot requires a numeric expectedVersion from the client (optimistic-concurrency contract)
  OK    accountService reuses authService.hashPin/verifyPin (bcrypt) rather than inventing new hashing
  OK    accountService reuses authService.createJwtForUser/createAuthSession (existing session infra)
  OK    accountService reuses the existing lockout pattern (lockUserIfNeeded) rather than inventing new lockout logic
  OK    no raw/plaintext password or PIN is ever logged or returned outside the dev-only response path
  OK    devDeliveryPin (dev-only PIN exposure) is gated on NODE_ENV, never unconditional
  OK    src/pages/smokecraft/Account.jsx contains no JWT_SECRET / hardcoded credential / bcrypt hash literal
  OK    src/services/smokecraft/stateAdapter.js contains no JWT_SECRET / hardcoded credential / bcrypt hash literal
  OK    src/services/smokecraft/playerStateApiClient.js contains no JWT_SECRET / hardcoded credential / bcrypt hash literal
  OK    SmokeCraftJourneyContext imports and uses the shared stateAdapter (not bypassing it)
  OK    smokecraftAccountRoutes is mounted
  OK    convert-guest route is mounted
  OK    journey-snapshot GET/PUT routes are mounted

=== RESULT: PASS (0 checks failed) ===
── SmokeCraft gameplay-integrity validator (Holistic Fix 5A)

  OK    docs/smokecraft/SMOKECRAFT_GAMEPLAY_ENGINE_MAP.md exists
  OK    migration 095 exists
  OK    migration 095 has a rollback script
  OK    rollback file does not live inside server/db/migrations
  OK    smokecraft_rank_history has UNIQUE(guest_reference, rank_label) — idempotent promotion
  OK    smokecraft_gameplay_rules has UNIQUE(rule_key, version) — versioned, not overwritable
  OK    grantSessionBadgesInTx runs inside completeSession's transaction (client never separately claims a session-tied badge)
  OK    grantSessionPassportStampInTx runs inside the same transaction
  OK    badge/stamp grants use ON CONFLICT DO NOTHING against the real UNIQUE index (duplicate-protected, not app-level only)
  OK    rank is recomputed server-side from xp_total, never trusted from the client
  OK    no automatic demotion — recomputeRankInTx only ever changes rank when the newly computed rank differs (promotion), never compares for a lower value to force a downgrade
  OK    badge criteria are read from SESSION_REWARDS (existing single source of truth), not duplicated
  OK    rank ladder is read from SC_RANKS (existing, already-approved, already-aligned constant) — not a newly invented ladder
  OK    leaderboard query selects from smokecraft_player_state (real data)
  OK    leaderboard query has no hardcoded/mock guest names or scores
  OK    client leaderboard service fetches the real API, never returns a hardcoded communityEntries array
  OK    leaderboard preference endpoint validates displayName/eligible types, never trusts arbitrary client fields for scoring
  OK    no controller path accepts a client-supplied XP/score/badge/rank amount for the completion or award endpoints (still true from Holistic Fix 4)
  OK    Mentor.jsx has exactly one setSelectedMentor call site, reactive to journey.mentor (not an independent write)
  OK    leaderboard read route is mounted
  OK    leaderboard preference route requires identity (not anonymous-writable)

=== RESULT: PASS (0 checks failed) ===

── SmokeCraft gameplay-reward-authority validator (Holistic Fix 5A-2)

  OK    src/pages/smokecraft/Art.jsx: every addXP() call passes a named server-known source (no bare client-only XP grant)
  OK    src/pages/smokecraft/Available.jsx: every addXP() call passes a named server-known source (no bare client-only XP grant)
  OK    src/pages/smokecraft/Cultivation.jsx: every addXP() call passes a named server-known source (no bare client-only XP grant)
  OK    src/pages/smokecraft/Leaves.jsx: every addXP() call passes a named server-known source (no bare client-only XP grant)
  OK    KnowledgeCheck.jsx no longer calls addXP() directly (server-verified quiz submit only)
  OK    KnowledgeCheck.jsx submits raw responses via submitKnowledgeCheck, not a client score
  OK    LeafChallenge.jsx no longer calls addXP()/addBadge()/awardStamp() directly for the final-round reward (server-verified submit only)
  OK    LeafChallenge.jsx submits raw answers via submitLeafChallenge, not a client score
  OK    LeafChallenge.jsx sources its answer key from the shared, server-dual-imported data module (not an inline duplicate)
  OK    Blend.jsx no longer calls addXP()/awardStamp() directly (server-verified blend-selection submit only, Holistic Fix 5A-3)
  OK    Blend.jsx submits its raw wrapper/binder/filler selection via submitBlendSelection, not a client claim
  OK    submitBlendSelection validates a complete, well-formed selection server-side (wrapper/binder/exactly-3-fillers), never trusting a bare completion claim
  OK    submitKnowledgeCheck scores server-side against the real question data (scoreQuestionSet), not a client-submitted score
  OK    submitLeafChallenge scores server-side against the real answer key (scoreLeafChallenge), not a client-submitted score
  OK    correctReward requires both a reason and an authorizedBy identity (never a silent/anonymous correction)
  OK    correctReward never deletes/updates the original award/attempt row — only inserts a new correction row
  OK    The /corrections route is gated by requireStaff (never reachable by a plain learner identity)
  OK    Quiz and Leaf Challenge submit routes require a verified SmokeCraft identity
  OK    NAMED_XP_SOURCES is populated (not the empty placeholder from Holistic Fix 4) — named XP is now real, not dead code
  OK    Migration 096 (activity ledger + corrections) exists
  OK    Migration 096 has a rollback script outside server/db/migrations
  OK    smokecraft_activity_attempts has UNIQUE(guest_reference, activity_type, activity_key) — one scored attempt per activity ever
  OK    smokecraft_reward_corrections is append-only structured (has a reason and authorized_by column)
  OK    Seed script for the versioned rule registry exists
  OK    Rule seed script sources values from existing constants (SESSION_REWARDS/SC_RANKS/question sets), never invents new numbers
  OK    Rule seed script uses ON CONFLICT DO NOTHING on (rule_key, version) — a rule row is immutable once written

=== RESULT: PASS (0 checks failed) ===


── SmokeCraft alert pointer-safety validator (Holistic Fix 5A-3B, SC-D027)

  OK    BuildDiagnosticFooter.jsx exists and is readable
  OK    The mismatch banner still has role="alert" (screen-reader semantics intact)
  OK    The mismatch-banner JSX block is present and parseable
  OK    The banner's outer wrapper is pointer-transparent (pointerEvents: 'none') — SC-D027 fix, empty regions never block controls underneath
  OK    The Refresh button explicitly opts back into pointer events (pointerEvents: 'auto') — remains clickable
  OK    The Refresh button still has a real onClick handler (interactive action not accidentally disabled)
  OK    The banner is still full-viewport-width at top:0 (visual/position unchanged — no redesign)

=== RESULT: PASS (0 checks failed) ===


── SmokeCraft tasting-authority validator (Holistic Fix 5A-3D)

  OK    MiniTasting.jsx no longer calls addXP() directly (server-verified completion only)
  OK    MiniTasting.jsx uses the shared server adapter for draft load/save (loadTastingDraft/saveTastingDraft)
  OK    MiniTasting.jsx submits completion via the shared adapter (completeTasting), not a local claim
  OK    Completion is gated on a real selection (primaryDisabled tied to !selectedId)
  OK    submitTastingCompletion validates selectedCigarId against the server's own flight inventory (validIds), never trusting the client id blindly
  OK    submitTastingCompletion is idempotent via the existing smokecraft_activity_attempts UNIQUE constraint (activity_type='tasting')
  OK    saveTastingDraft never grants XP or completion (draft save is reward-free — search confirms no xp_total UPDATE inside saveTastingDraft)
  OK    saveTastingDraft enforces optimistic concurrency (expectedVersion check before write)
  OK    Tasting draft/completion routes all require a verified SmokeCraft identity
  OK    handleSaveTastingDraft requires an explicit expectedVersion (no default that would silently skip stale-write protection)
  OK    Draft/completion controllers never log or forward request bodies to a public audit/console path beyond the DB row itself (no console.log of req.body in these handlers)
  OK    Migration 097 (tasting drafts) exists
  OK    Migration 097 has a rollback script outside server/db/migrations
  OK    smokecraft_tasting_drafts has UNIQUE(guest_reference, activity_key) — one draft row per guest per activity
  OK    smokecraft_tasting_drafts has a version column for optimistic concurrency

=== RESULT: PASS (0 checks failed) ===


── SmokeCraft cultivator-authority validator (Holistic Fix 5A-3E)

  OK    Cultivation.jsx no longer calls addXP()/awardStamp() directly inside handleSave (server-verified submit only)
  OK    Cultivation.jsx submits evidence via the shared adapter (submitCultivatorEvidence)
  OK    Save is gated on all required stages being viewed (allStagesViewed used in the disabled condition)
  OK    Cultivation.jsx sources the required-stage list from the shared, server-dual-imported data module
  OK    submitCultivatorEvidence verifies the submitted evidence covers every real required stage (CULTIVATION_STAGE_IDS.every), never trusting a bare completion claim
  OK    submitCultivatorEvidence is idempotent via the existing smokecraft_activity_attempts UNIQUE constraint (activity_key='cultivator')
  OK    The cultivator Passport stamp insert uses ON CONFLICT DO NOTHING (duplicate-protected)
  OK    The cultivator submit route requires a verified SmokeCraft identity
  OK    handleSubmitCultivator requires a real idempotency key (requireIdempotencyKey)
  OK    handleSubmitCultivator requires viewedStageIds as a real array (rejects malformed input)
  OK    Shared cultivation-stage-id data module exists (dual-imported by client and server)
  OK    The shared stage-id list has no browser-only imports (safe to import server-side)
  OK    The shared stage-id list has exactly 7 real stage ids

=== RESULT: PASS (0 checks failed) ===


── SmokeCraft Collections-authority validator (Holistic Fix 5A-3F)

  OK    The Collections client only exposes read (getCollections/getItem) and server-recalculate (recalculate) calls — no client-set-ownership function exists
  OK    CollectionsCenter.jsx fetches live data via the shared collectionsApiClient (no local mirror)
  OK    CollectionsCenter.jsx has real loading/error/offline states (not a static mock)
  OK    recalculate() checks real evidence tables per item (EVIDENCE_CHECKS), never trusts a client-submitted ownership flag
  OK    Every collection item insert is duplicate-protected via ON CONFLICT on the real DB constraint
  OK    Collection unlock is idempotent via a stable idempotency_key, not a random one
  OK    A staff-authorized reversal is read from the append-only corrections ledger, never by deleting/editing the original ownership row
  OK    smokecraft_collection_ownership has a real UNIQUE(guest_reference, collection_item_key) constraint (duplicate ownership impossible at the DB level)
  OK    smokecraft_collection_ownership links a real source_progression_event_id (source event, not a bare flag)
  OK    Collections routes now have the dev/test rate-limiter skip (matches the established convention, closes a real found gap)
  OK    An authenticated account's Collections identity is prefixed with user: (consistent with the rest of player-state, real found-and-fixed defect)
  OK    Collections routes issue a fresh guest identity when none exists (ensureSmokeCraftGuestIdentity) — real found-and-fixed defect: a first-ever visit directly to /smokecraft/collections previously 401'd instead of getting a real guest identity
  OK    convertGuestToAccount transfers Collections ownership on guest-to-account conversion (real found-and-fixed gap — was previously never transferred)
  OK    correctReward supports a real reversed flag persisted to the DB (not silently dropped)
  OK    The /corrections route remains staff-gated (never a learner path) — unchanged from Holistic Fix 5A-2

=== RESULT: PASS (0 checks failed) ===


── SmokeCraft Skill-Tree-authority validator (Holistic Fix 5A-3G)

  OK    The Skill Tree client only exposes read (getSkillTree/getNode) and server-recalculate (recalculate) calls — no client-set-progress function exists
  OK    SkillTree.jsx fetches live data via the shared skillTreeApiClient (no local mirror)
  OK    SkillTree.jsx has real loading/error/offline states (not a static mock)
  OK    SkillTree.jsx renders a distinct visual state for a corrected/reversed node (not silently hidden)
  OK    recalculate() checks real evidence tables per node (EVIDENCE_CHECKS), never trusts a client-submitted completion flag
  OK    Every node has a completion_rule mapped to a real EVIDENCE_CHECKS entry (no node lacks verified evidence)
  OK    Node progression is duplicate-protected via ON CONFLICT on the real DB constraint
  OK    A staff-authorized reversal is read from the append-only corrections ledger, never by deleting/editing the original learner-state row
  OK    The persisted DB state column is never set to the non-enum "corrected" value (real CHECK constraint honored — correction is a read-time overlay only)
  OK    A reversed node breaks the downstream prerequisite chain (node totals are genuinely recalculated, not just relabeled)
  OK    smokecraft_skill_tree_learner_state has a real UNIQUE(guest_reference, node_key) constraint (duplicate progression impossible at the DB level)
  OK    smokecraft_skill_tree_learner_state links a real supporting_event_id (source event, not a bare flag)
  OK    Every node definition carries a completion_rule (the rule version/reference used for evidence evaluation)
  OK    Skill Tree routes have the dev/test rate-limiter skip (matches the established convention, closes a real found gap)
  OK    An authenticated account's Skill Tree identity is prefixed with user: (consistent with the rest of player-state, real found-and-fixed defect)
  OK    Skill Tree routes issue a fresh guest identity when none exists (ensureSmokeCraftGuestIdentity) — real found-and-fixed defect: a first-ever visit directly to /smokecraft/skill-tree previously 401'd instead of getting a real guest identity
  OK    convertGuestToAccount transfers the Skill Tree evidence tables on guest-to-account conversion (real found-and-fixed gap — was previously never transferred)
  OK    The evidence transfer is a deterministic recalculation performed AFTER commit, on a fresh connection (never reads its own uncommitted transaction)
  OK    The /corrections route remains staff-gated (never a learner path) — unchanged from Holistic Fix 5A-2
  OK    convert-guest response surfaces skillTreeEvidenceRowsTransferred/skillTreeCompletedNodes (auditable, not silently dropped)

=== RESULT: PASS (0 checks failed) ===


── SmokeCraft Leaderboard-authority validator (Holistic Fix 5A-3H)

  OK    getLeaderboard never accepts a client-submitted xpTotal/score — it SELECTs xp_total from the real player-state table
  OK    The eligibility WHERE clause enforces the real server-side opt-out (COALESCE(le.eligible, true) = true), not a client-supplied flag
  OK    A guest with zero real XP is honestly excluded, never shown as a fabricated zero-score row
  OK    Tie-breaking is deterministic: xp_total DESC, then completed_session_count DESC, then guest_reference ASC
  OK    displayName defaults to an honest "Guest ####" pattern, never the real email/account id, when unset
  OK    The public leaderboard payload never returns the raw guest_reference — only isCurrentUser is derived from it server-side
  OK    Venue scoping is a real, settable, persisted preference (venue_id column actually written), not a dead column
  OK    Pagination is real SQL LIMIT/OFFSET, not a client-side array slice
  OK    convertGuestToAccount transfers the leaderboard eligibility/opt-out/venue preference (real found-and-fixed gap — was previously never transferred)
  OK    XP corrections recompute smokecraft_player_state.xp_total directly (the same column the leaderboard reads), so placement is genuinely recalculated, never a separate cached leaderboard total
  OK    The leaderboard limit is server-side clamped to a real max (100), never trusting an arbitrarily large client-requested page size
  OK    The leaderboard offset is server-side clamped to a non-negative value
  OK    setLeaderboardPreference derives guestReference from the server-verified identity only (self-service, own identity only — never trusts a client-submitted guestReference for writes)
  OK    getLeaderboardSnapshot fetches the real authoritative player-state (fetchPlayerState) rather than trusting only the local GuestSessionContext mirror for the numbers it returns
  OK    A failed/offline fetch returns an honest error/offline status, never a fabricated empty-looking success
  OK    The Leaderboard screen renders the real fetched community entries (snapshot.communityEntries via filteredEntries), not only a synthetic single local entry
  OK    The screen prefers server-authoritative XP (authoritativeXp) for the displayed totals, not the local session mirror alone
  OK    The "You" indicator on a leaderboard row is driven by the server-computed isCurrentUser flag, never assumed for every row
  OK    The screen has real loading/error/offline states (not a static mock)
  OK    The screen supports real pagination controls (Prev/Next) over the server LIMIT/OFFSET
  OK    The "Refresh Rankings" control re-fetches real server data, not just a local timestamp bump
  OK    smokecraft_leaderboard_eligibility has a real UNIQUE guest_reference constraint (one preference row per identity)
  OK    smokecraft_leaderboard_eligibility carries a real venue_id column for venue-boundary enforcement
  OK    The documented tie-breaking rule matches the implementation exactly (xp_total DESC, completed_session_count DESC, guest_reference ASC)

=== RESULT: PASS (0 checks failed) ===


── SmokeCraft Pairing-Engine-authority validator (Holistic Fix 5B-1)

  OK    computeRecommendation always returns an explanation string
  OK    computeRecommendation always returns a ruleSetVersion
  OK    savePairing always recomputes the score itself (computeRecommendation), never trusts a client-submitted score field
  OK    An identical idempotency-key retry is a true no-op (no version bump, no new revision) — real idempotent save
  OK    Saved-pairing writes are duplicate-protected via a real DB UNIQUE constraint (natural key), not app-level-only
  OK    ratePairing enforces optimistic concurrency (expectedVersion) and returns a real 409-shaped conflict, never silently overwriting
  OK    Every save/rate mutation appends an append-only revision row before changing state — real revision history, never edited in place
  OK    getSavedPairing enforces ownership at the query level (WHERE ... AND guest_reference = $2), never fetching by id alone
  OK    The engine reuses the real, already-approved pairing data (STRENGTH_SCORE/TYPE_STRENGTH/HARMONY/GOAL_DESC/ADJUSTMENT_MAP/SERVING_STYLE) rather than inventing new cigar/beverage facts
  OK    No XP/badge/Passport-stamp is awarded by this package (mandate: only if an already-approved rule explicitly exists — none does here)
  OK    Ledger events cover all 4 required types: pairing_requested, pairing_recommended, pairing_saved, pairing_rated
  OK    Pairing-engine routes have the dev/test rate-limiter skip from day one
  OK    An authenticated account's pairing identity is prefixed with user: from day one (no repeat of the recurring identity-prefix defect)
  OK    Pairing-engine routes issue a fresh guest identity when none exists from day one (no repeat of the recurring first-visit-401 defect)
  OK    smokecraft_pairing_rules has a real UNIQUE(rule_key, version) constraint — versions are additive, never overwritable
  OK    smokecraft_pairing_saves has a real UNIQUE natural-key constraint (duplicate saves impossible at the DB level)
  OK    smokecraft_pairing_save_revisions has no UPDATE-style column at all — append-only by construction (only INSERT is possible)
  OK    PairingLab.jsx no longer imports the client-only scoring engine (buildRecommendation)
  OK    PairingLab.jsx uses the one shared pairing adapter (useSmokeCraftPairingEngine)
  OK    PairingLab.jsx has a single accessible page title (real found-and-fixed gap — Holistic Fix 5B-1A, found live via Playwright)
  OK    PairingLab.jsx's journey-sync effect depends on real primitive values, not a freshly-created object each render (real found-and-fixed infinite-render-loop defect — Holistic Fix 5B-1A, found live via Playwright: chip buttons constantly detaching from the DOM)
  OK    PairingLab.jsx's Pairing Choices panel has an explicit stacking order above the underlying pairing-type hotspots it measurably overlaps (real found-and-fixed blocked-overlay defect — Holistic Fix 5B-1A, found live via Playwright: "element intercepts pointer events")
  OK    PairingRecommendations.jsx no longer imports the client-only scoring engine (rankAllCategories)
  OK    PairingRecommendations.jsx uses the one shared pairing adapter (useSmokeCraftPairingEngine)
  OK    PairingRecommendations.jsx saves through the real server endpoint (engine.save), not only a local journey mirror
  OK    The shared adapter never computes a score itself — every status transition is driven by a real server response or a real network condition
  OK    The shared adapter represents the mandated state set (no-cigar/no-beverage/calculating/ready/low-confidence/no-safe-recommendation/offline/session-expired)
  OK    The pairing-engine API client only exposes recommend/rank/save/get/rate calls — no client-side score-setting function exists

=== RESULT: PASS (0 checks failed) ===


── SmokeCraft Mentor-Guidance-authority validator (Holistic Fix 5B-2A)

  OK    Mentor identity is looked up from the real, single roster (getMentorById), never trusted as a client-submitted name/country/flag
  OK    An unrecognized mentorId is rejected, never fabricates a mentor identity
  OK    Guidance never awards XP, badges, or Passport stamps (mentor guidance is read-only)
  OK    Guidance never issues an UPDATE/INSERT against smokecraft_player_state, smokecraft_awards, or any reward table (read-only queries only)
  OK    Every real signal query is scoped by guest_reference (never a global/unscoped query that could leak another learner's data)
  OK    The fallback state (no real signal available) is honestly labeled, using the mentor's own real roster greeting — never a fabricated achievement
  OK    Every response includes message/reason/nextAction/sourceContext/confidence/messageVersion — no unexplained guidance is possible
  OK    Mentor-guidance routes have the dev/test rate-limiter skip from day one
  OK    An authenticated account's mentor-guidance identity is prefixed with user: from day one
  OK    Mentor-guidance routes issue a fresh guest identity when none exists from day one
  OK    The shared guidance hook reads the selected mentor from the one canonical source (SmokeCraftJourneyContext.journey.mentor), never a second mentor store
  OK    The shared guidance hook never computes guidance itself — only requests it from the server
  OK    The shared guidance hook represents the mandated state set (no-mentor/loading/ready/unavailable/offline/session-expired)
  OK    DynamicMentorPanel uses the one shared mentor-guidance adapter (useSmokeCraftMentorGuidance)
  OK    MentorCommentary.jsx no longer keys guidance off a hardcoded per-mentor-id map that never matched the real roster (real found-and-fixed defect SC-D050)
  OK    MentorCommentary.jsx uses the one shared mentor-guidance adapter (useSmokeCraftMentorGuidance)
  OK    MentorCommentary.jsx renders real roster fields (mentor.country/mentor.bio), not the nonexistent mentor.origin/mentor.expertise (real found-and-fixed defect)
  OK    Mentor.jsx retains exactly one write path for the selected mentor (setMentor to SmokeCraftJourneyContext) — no second, competing mentor-selection owner reappeared
  OK    SkillTree.jsx's mentor panel uses the shared context-aware guidance service (context prop), not a hardcoded guidance string

── Holistic Fix 5B-2A-1 additions ──

  OK    Live pairing-aware guidance is scored with the SAME computeRecommendation function the pairing engine itself uses — never a second, competing scoring path that could contradict it
  OK    The live-pairing signal takes priority over a stale saved-pairing row when a current pairing selection is supplied
  OK    The live-pairing guidance message embeds the exact real compatScore (no rounding/altering it, no independent claim)
  OK    ChallengeHub.jsx no longer passes a static hardcoded guidance string to DynamicMentorPanel
  OK    ChallengeHub.jsx uses the shared context-aware guidance service (context prop)
  OK    BlendFaultChallenge.jsx no longer passes a static hardcoded guidance string to DynamicMentorPanel
  OK    BlendFaultChallenge.jsx uses the shared context-aware guidance service (context prop)
  OK    FillerArrangement.jsx no longer passes a static hardcoded guidance string to DynamicMentorPanel
  OK    FillerArrangement.jsx uses the shared context-aware guidance service (context prop)
  OK    CollectionsCenter.jsx no longer passes a static hardcoded guidance string to DynamicMentorPanel
  OK    CollectionsCenter.jsx uses the shared context-aware guidance service (context prop)
  OK    PairingLab.jsx connects a real mentor-guidance panel using the shared service (context="pairing-lab")
  OK    PairingLab.jsx passes the real live cigar+beverage selection as pairingContext (not a static string, not bypassing the shared service)
  OK    PairingRecommendations.jsx connects a real mentor-guidance panel using the shared service (context="pairing-recommendations")
  OK    PairingRecommendations.jsx passes the real live cigar+beverage selection as pairingContext (not a static string, not bypassing the shared service)
  OK    No active mentor panel in this pass's scope still passes a static guidance string (client-side hardcoded text is fully retired for these 6 screens)
  OK    Mentor.jsx still retains exactly one write path for the selected mentor — no duplicate mentor ownership reappeared across this pass's 6-screen wiring

=== RESULT: PASS (0 checks failed) ===


> crafthub-360-production@1.0.0 build
> vite build

vite v4.5.14 building for production...
transforming...
[plugin:vite:esbuild] Duplicate key "border" in object literal
113|          borderRadius: 9,
114|          background: selected ? `linear-gradient(160deg, ${statusColor}55, ${statusColor}22)` : cardBg,
115|          border: `2px solid ${selected ? GOLD : statusColor}`,
   |          ^
116|          boxShadow: selected
117|            ? `0 0 0 3px rgba(201,149,44,0.35), 0 0 12px ${statusColor}88, 0 2px 8px rgba(0,0,0,0.6)`

✓ 2025 modules transformed.
rendering chunks...
[plugin:vite:reporter] 
(!) /home/user/crafthub-360-stitch/src/api/passportScanApi.js is dynamically imported by /home/user/crafthub-360-stitch/src/pages/passport/PassportHome.jsx but also statically imported by /home/user/crafthub-360-stitch/src/pages/passport/PassportHome.jsx, dynamic import will not move module into another chunk.

computing gzip size...
dist/index.html                                               0.80 kB │ gzip:   0.41 kB
dist/assets/BootConsole-174cbfbc.css                          8.49 kB │ gzip:   2.16 kB
dist/assets/index-b84cfafb.css                              129.56 kB │ gzip:  22.28 kB
dist/assets/testModeConfig-93ff0050.js                        1.22 kB │ gzip:   0.52 kB
dist/assets/packagingStudioApiClient-dafcb5ef.js              1.56 kB │ gzip:   0.73 kB
dist/assets/venueHumidorCustomerApiClient-f32151ec.js         2.43 kB │ gzip:   0.97 kB
dist/assets/MentorGuidancePanel-7ff8bf1b.js                   2.68 kB │ gzip:   0.84 kB
dist/assets/PinPad-deb9f62a.js                                3.27 kB │ gzip:   1.14 kB
dist/assets/useAdminVenueId-ee08ef69.js                       3.71 kB │ gzip:   1.19 kB
dist/assets/PrototypeDisclosure-b114c36f.js                   3.97 kB │ gzip:   1.56 kB
dist/assets/PackagingStudioDashboard-4f10f84e.js              4.68 kB │ gzip:   1.43 kB
dist/assets/PackagingReview-1da3ce56.js                       4.82 kB │ gzip:   1.42 kB
dist/assets/JudgeDashboard-784e8788.js                        4.85 kB │ gzip:   1.51 kB
dist/assets/PackagingStudioShare-f6744a53.js                  6.13 kB │ gzip:   1.55 kB
dist/assets/OfflineMode-6425a43f.js                           6.40 kB │ gzip:   1.92 kB
dist/assets/VenueHumidorMyAcquisitions-983feddf.js            6.81 kB │ gzip:   1.70 kB
dist/assets/MentorReview-f99f19fe.js                          7.16 kB │ gzip:   2.23 kB
dist/assets/AdminLogin-0ab5ae87.js                            7.24 kB │ gzip:   2.03 kB
dist/assets/StaffLogin-e6bbbece.js                            7.35 kB │ gzip:   2.14 kB
dist/assets/FounderLogin-81803642.js                          7.82 kB │ gzip:   2.05 kB
dist/assets/PackagingStudioVersions-acbf00cc.js               8.03 kB │ gzip:   1.65 kB
dist/assets/MentorLogin-76b54137.js                           8.15 kB │ gzip:   2.23 kB
dist/assets/DevLogin-cc766dbf.js                              8.51 kB │ gzip:   2.32 kB
dist/assets/InstallHelp-c9a51dce.js                           8.75 kB │ gzip:   2.57 kB
dist/assets/VenueHumidorOrderConfirmation-6d516226.js         9.03 kB │ gzip:   2.23 kB
dist/assets/VenueHumidorMyOrders-2ee07e58.js                  9.92 kB │ gzip:   2.25 kB
dist/assets/KioskSetup-f318b120.js                           10.06 kB │ gzip:   2.36 kB
dist/assets/GoldenBoxHub-b89f0f85.js                         10.29 kB │ gzip:   2.09 kB
dist/assets/VenueHumidorPickup-a6f4cfb7.js                   10.53 kB │ gzip:   2.50 kB
dist/assets/PilotReadinessDashboard-eeaf5878.js              10.59 kB │ gzip:   2.13 kB
dist/assets/CompetitionDetail-3ffc1873.js                    10.79 kB │ gzip:   2.26 kB
dist/assets/VenueHumidorFulfillmentHistory-6a77d185.js       11.06 kB │ gzip:   2.04 kB
dist/assets/SystemOverview-0afa945e.js                       11.28 kB │ gzip:   2.96 kB
dist/assets/VenueHumidorAcquisitionDetail-6caab0d5.js        11.91 kB │ gzip:   2.53 kB
dist/assets/VenueHumidorAdminInventoryEvents-28fb7d1b.js     13.22 kB │ gzip:   2.24 kB
dist/assets/VenueHumidorHandoff-f6a5b075.js                  13.40 kB │ gzip:   3.04 kB
dist/assets/VenueHumidorReceipt-5b34a034.js                  14.09 kB │ gzip:   2.38 kB
dist/assets/VenueHumidorCheckout-4004538f.js                 14.74 kB │ gzip:   3.20 kB
dist/assets/VenueHumidorAssistedSelling-95ad6323.js          14.83 kB │ gzip:   2.64 kB
dist/assets/VenueHumidorOrderQueue-1513fc56.js               14.83 kB │ gzip:   2.63 kB
dist/assets/MentorConsole-6bd7c3b9.js                        15.12 kB │ gzip:   3.42 kB
dist/assets/VenueHumidorMyOrderDetail-1f717e27.js            15.13 kB │ gzip:   2.80 kB
dist/assets/InvestorDemo-fec8f3d8.js                         16.08 kB │ gzip:   3.78 kB
dist/assets/DeviceStatus-f36368fe.js                         16.09 kB │ gzip:   3.54 kB
dist/assets/VenueHumidorBrowser-175cf46e.js                  16.67 kB │ gzip:   3.35 kB
dist/assets/DevDiagnostics-c7a255c8.js                       17.16 kB │ gzip:   3.22 kB
dist/assets/VenueHumidorAdminDashboard-ded1508f.js           18.13 kB │ gzip:   2.59 kB
dist/assets/VenueOwnerDemo-31190b3c.js                       18.86 kB │ gzip:   4.43 kB
dist/assets/VenueHumidorRecommendations-595cf5bb.js          19.09 kB │ gzip:   3.41 kB
dist/assets/VenueHumidorCigarDetail-106febf2.js              19.65 kB │ gzip:   3.79 kB
dist/assets/FounderControl-c04c2651.js                       21.82 kB │ gzip:   4.34 kB
dist/assets/PilotOnboarding-0b35005e.js                      22.63 kB │ gzip:   3.98 kB
dist/assets/JudgeEntryReview-586e2548.js                     23.23 kB │ gzip:   5.15 kB
dist/assets/PackagingStudioEditor-55de9d7f.js                24.32 kB │ gzip:   4.75 kB
dist/assets/ResultsExperience-8608d821.js                    24.47 kB │ gzip:   4.67 kB
dist/assets/FounderDemo-ad577e14.js                          25.15 kB │ gzip:   5.66 kB
dist/assets/VenueHumidorOrderDetail-871faa8a.js              26.02 kB │ gzip:   4.47 kB
dist/assets/VenueManagementCommandHub-dd85b09d.js            29.74 kB │ gzip:   5.69 kB
dist/assets/BootConsole-254ea6fd.js                          32.58 kB │ gzip:   6.79 kB
dist/assets/VenueHumidorAdminProductForm-d10b5ebc.js         35.92 kB │ gzip:   5.51 kB
dist/assets/EntryWorkspace-ac45a632.js                       37.95 kB │ gzip:   7.01 kB
dist/assets/ModuleDeploymentCenter-8b6dc1cd.js               38.13 kB │ gzip:   8.69 kB
dist/assets/VenueTestControl-6fe6c1aa.js                     55.37 kB │ gzip:   9.15 kB
dist/assets/Admin-a3183426.js                                97.90 kB │ gzip:  16.93 kB
dist/assets/index-3cd0b630.js                             5,335.35 kB │ gzip: 915.00 kB

(!) Some chunks are larger than 500 kBs after minification. Consider:
- Using dynamic import() to code-split the application
- Use build.rollupOptions.output.manualChunks to improve chunking: https://rollupjs.org/configuration-options/#output-manualchunks
- Adjust chunk size limit for this warning via build.chunkSizeWarningLimit.
✓ built in 34.05s

> crafthub-360-production@1.0.0 prebuild
> node scripts/validateSmokecraftAssets.mjs && node scripts/generateBuildManifest.mjs && node scripts/generateSmokecraftGameManifest.mjs && node scripts/validateSmokecraftManifest.mjs && node scripts/validateSmokecraftShellAdoption.mjs && node scripts/validateSmokecraftControlCoverage.mjs && node scripts/validateSmokecraftResponsive.mjs && node scripts/validateSmokecraftPlayerStateIntegrity.mjs && node scripts/validateSmokecraftAccountIntegrity.mjs && node scripts/validateSmokecraftGameplayIntegrity.mjs && node scripts/validateSmokecraftGameplayAuthority.mjs && node scripts/validateSmokecraftAlertPointerSafety.mjs && node scripts/validateSmokecraftTastingAuthority.mjs && node scripts/validateSmokecraftCultivatorAuthority.mjs && node scripts/validateSmokecraftCollectionsAuthority.mjs && node scripts/validateSmokecraftSkillTreeAuthority.mjs && node scripts/validateSmokecraftLeaderboardAuthority.mjs && node scripts/validateSmokecraftPairingEngineAuthority.mjs && node scripts/validateSmokecraftMentorGuidanceAuthority.mjs


SmokeCraft asset validation: 83/83 registered assets verified on disk with correct case.
All registered SmokeCraft assets verified. Build may proceed.
build-manifest.json generated — commit ef21e50, 27/28 critical assets ok.
Wrote docs/smokecraft/SMOKECRAFT_GAME_MANIFEST.json
Total routes: 130 (entry: 4, curriculum: 21, supporting: 105)
Classification counts: {
  'full-live-react': 105,
  'clean-image-shell': 7,
  'alias-redirect': 14,
  'instructional-image': 4
}

=== SmokeCraft game-manifest / navigation / shell validation (Holistic Fix 1) ===

  PASS  Route inventory regenerates without error
  PASS  SMOKECRAFT_GAME_MANIFEST.json exists
  PASS  Manifest totalRoutes matches live /smokecraft route count (no route missing from the manifest)
  PASS  No duplicate screenId in the manifest
  PASS  Every manifest entry has a route string
  PASS  Every screen classified as live/clean-shell cites real audit evidence (auditedIn is not empty/unclassified)
  PASS  Exactly 27 sessions in the spine
  PASS  TOTAL_SESSIONS constant equals 27
  PASS  Exactly 6 phases
  PASS  TOTAL_VISITS constant equals 6
  PASS  Session numbers are exactly 1..27, no gap, no duplicate
  PASS  Every curriculum manifest entry has an assetStatus field
  PASS  No curriculum manifest entry silently references a non-existent SC_ASSETS key
  PASS  Every SmokeCraft-namespace navigation-registry destination resolves to a real, currently-registered route
  PASS  Locked phase groupings unchanged (Package J decision)
  PASS  No route remains unclassified (0 unclassified)
  PASS  Every legacy <Navigate> alias resolves to a currently-registered route (14 aliases checked, 0 broken)
  PASS  Every <Navigate> alias target inside the SmokeCraft route tree is documented in the canonical alias table (manifest alias-redirect entries) (13 literal targets checked, 0 undocumented)
  PASS  venue-commerce / order / ticket-tapper/staff-specials remain a documented, enforced alias group (identical component)
  PASS  Manifest fullyMigratedScreens (82) — every claimed route (82) is backed by a real <SmokeCraftScreenShell> render (82 verified)
  PASS  Educational completeness audit doc still covers all 21 primary session slots (0 missing)

=== RESULT: PASS — 0 failing check(s) ===


=== SmokeCraft shell/navigation-registry adoption lock (Holistic Fix 2A) ===

  PASS  Welcome: imports SmokeCraftScreenShell
  PASS  Welcome: actually renders <SmokeCraftScreenShell
  PASS  Welcome: does not import SmokeCraftImageBoundsOverlay directly (must go through the shell)
  PASS  Welcome: registered destination "/smokecraft/rewards-center" is not reintroduced as a bare local literal
  PASS  Welcome: registered destination "/smokecraft/passport" is not reintroduced as a bare local literal
  PASS  Welcome: registered destination "/smokecraft/leaderboard" is not reintroduced as a bare local literal
  PASS  Welcome: registered destination "/smokecraft/event-challenge" is not reintroduced as a bare local literal
  PASS  Welcome: registered destination "/smokecraft/collections" is not reintroduced as a bare local literal
  PASS  Welcome: registered destination "/smokecraft/mentor-selection" is not reintroduced as a bare local literal
  PASS  Welcome: registered destination "/smokecraft/knowledge-drop" is not reintroduced as a bare local literal
  PASS  Welcome: registered destination "/smokecraft/golden-box" is not reintroduced as a bare local literal
  PASS  Leaderboard: imports SmokeCraftScreenShell
  PASS  Leaderboard: actually renders <SmokeCraftScreenShell
  PASS  Leaderboard: does not import SmokeCraftImageBoundsOverlay directly (must go through the shell)
  PASS  Leaderboard: registered destination "/smokecraft/humidor-match" is not reintroduced as a bare local literal
  PASS  Leaderboard: registered destination "/smokecraft/challenge-hub" is not reintroduced as a bare local literal
  PASS  Leaderboard: registered destination "/smokecraft/event-challenge" is not reintroduced as a bare local literal
  PASS  Leaderboard: registered destination "/smokecraft/rewards-center" is not reintroduced as a bare local literal
  PASS  Leaderboard: registered destination "/smokecraft/passport" is not reintroduced as a bare local literal
  PASS  Passport: imports SmokeCraftScreenShell
  PASS  Passport: actually renders <SmokeCraftScreenShell
  PASS  Passport: does not import SmokeCraftImageBoundsOverlay directly (must go through the shell)
  PASS  Passport: registered destination "/passport/scan" is not reintroduced as a bare local literal
  PASS  Passport: registered destination "/passport/directory" is not reintroduced as a bare local literal
  PASS  Passport: registered destination "/passport/events" is not reintroduced as a bare local literal
  PASS  Passport: registered destination "/passport/benefits" is not reintroduced as a bare local literal
  PASS  Passport: registered destination "/passport/how-it-works" is not reintroduced as a bare local literal
  PASS  Venue Selection: imports SmokeCraftScreenShell
  PASS  Venue Selection: actually renders <SmokeCraftScreenShell
  PASS  Venue Selection: does not import SmokeCraftImageBoundsOverlay directly (must go through the shell)
  PASS  CraftHub: imports SmokeCraftScreenShell
  PASS  CraftHub: actually renders <SmokeCraftScreenShell
  PASS  CraftHub: does not import SmokeCraftImageBoundsOverlay directly (must go through the shell)
  PASS  Challenge Hub: imports SmokeCraftScreenShell
  PASS  Challenge Hub: actually renders <SmokeCraftScreenShell
  PASS  Challenge Hub: does not import SmokeCraftImageBoundsOverlay directly (must go through the shell)
  PASS  Rewards: imports SmokeCraftScreenShell
  PASS  Rewards: actually renders <SmokeCraftScreenShell
  PASS  Rewards: does not import SmokeCraftImageBoundsOverlay directly (must go through the shell)
  PASS  Rewards: registered destination "/smokecraft/challenge-hub" is not reintroduced as a bare local literal
  PASS  Rewards: registered destination "/smokecraft/collections" is not reintroduced as a bare local literal
  PASS  Golden Box Rules: imports SmokeCraftScreenShell
  PASS  Golden Box Rules: actually renders <SmokeCraftScreenShell
  PASS  Golden Box Rules: does not import SmokeCraftImageBoundsOverlay directly (must go through the shell)
  PASS  Golden Box Rules: registered destination "/smokecraft/mentor-selection" is not reintroduced as a bare local literal
  PASS  Golden Box Status: imports SmokeCraftScreenShell
  PASS  Golden Box Status: actually renders <SmokeCraftScreenShell
  PASS  Golden Box Status: does not import SmokeCraftImageBoundsOverlay directly (must go through the shell)
  PASS  Golden Box Hub: imports SmokeCraftScreenShell
  PASS  Golden Box Hub: actually renders <SmokeCraftScreenShell
  PASS  Golden Box Hub: does not import SmokeCraftImageBoundsOverlay directly (must go through the shell)
  PASS  Golden Box Competition Detail: imports SmokeCraftScreenShell
  PASS  Golden Box Competition Detail: actually renders <SmokeCraftScreenShell
  PASS  Golden Box Competition Detail: does not import SmokeCraftImageBoundsOverlay directly (must go through the shell)
  PASS  Golden Box Competition Detail: registered destination "/smokecraft/golden-box" is not reintroduced as a bare local literal
  PASS  Golden Box Entry Workspace: imports SmokeCraftScreenShell
  PASS  Golden Box Entry Workspace: actually renders <SmokeCraftScreenShell
  PASS  Golden Box Entry Workspace: does not import SmokeCraftImageBoundsOverlay directly (must go through the shell)
  PASS  Golden Box Results: imports SmokeCraftScreenShell
  PASS  Golden Box Results: actually renders <SmokeCraftScreenShell
  PASS  Golden Box Results: does not import SmokeCraftImageBoundsOverlay directly (must go through the shell)
  PASS  Golden Box Results: registered destination "/smokecraft/golden-box" is not reintroduced as a bare local literal
  PASS  Golden Box Results: registered destination "/smokecraft/leaderboard" is not reintroduced as a bare local literal
  PASS  Golden Box Judge Dashboard: imports SmokeCraftScreenShell
  PASS  Golden Box Judge Dashboard: actually renders <SmokeCraftScreenShell
  PASS  Golden Box Judge Dashboard: does not import SmokeCraftImageBoundsOverlay directly (must go through the shell)
  PASS  Golden Box Judge Entry Review: imports SmokeCraftScreenShell
  PASS  Golden Box Judge Entry Review: actually renders <SmokeCraftScreenShell
  PASS  Golden Box Judge Entry Review: does not import SmokeCraftImageBoundsOverlay directly (must go through the shell)
  PASS  Golden Box Mentor Review: imports SmokeCraftScreenShell
  PASS  Golden Box Mentor Review: actually renders <SmokeCraftScreenShell
  PASS  Golden Box Mentor Review: does not import SmokeCraftImageBoundsOverlay directly (must go through the shell)
  PASS  Packaging Studio Dashboard: imports SmokeCraftScreenShell
  PASS  Packaging Studio Dashboard: actually renders <SmokeCraftScreenShell
  PASS  Packaging Studio Dashboard: does not import SmokeCraftImageBoundsOverlay directly (must go through the shell)
  PASS  Packaging Studio Editor: imports SmokeCraftScreenShell
  PASS  Packaging Studio Editor: actually renders <SmokeCraftScreenShell
  PASS  Packaging Studio Editor: does not import SmokeCraftImageBoundsOverlay directly (must go through the shell)
  PASS  Packaging Studio Versions: imports SmokeCraftScreenShell
  PASS  Packaging Studio Versions: actually renders <SmokeCraftScreenShell
  PASS  Packaging Studio Versions: does not import SmokeCraftImageBoundsOverlay directly (must go through the shell)
  PASS  Packaging Studio Share: imports SmokeCraftScreenShell
  PASS  Packaging Studio Share: actually renders <SmokeCraftScreenShell
  PASS  Packaging Studio Share: does not import SmokeCraftImageBoundsOverlay directly (must go through the shell)
  PASS  Packaging Review (public share link): imports SmokeCraftScreenShell
  PASS  Packaging Review (public share link): actually renders <SmokeCraftScreenShell
  PASS  Packaging Review (public share link): does not import SmokeCraftImageBoundsOverlay directly (must go through the shell)
  PASS  Origins: imports SmokeCraftScreenShell
  PASS  Origins: actually renders <SmokeCraftScreenShell
  PASS  Origins: does not import SmokeCraftImageBoundsOverlay directly (must go through the shell)
  PASS  Curation: imports SmokeCraftScreenShell
  PASS  Curation: actually renders <SmokeCraftScreenShell
  PASS  Curation: does not import SmokeCraftImageBoundsOverlay directly (must go through the shell)
  PASS  Curation: registered destination "/grand-lounge-ranking" is not reintroduced as a bare local literal
  PASS  Leaves: imports SmokeCraftScreenShell
  PASS  Leaves: actually renders <SmokeCraftScreenShell
  PASS  Leaves: does not import SmokeCraftImageBoundsOverlay directly (must go through the shell)
  PASS  Leaves: registered destination "/grand-lounge-ranking" is not reintroduced as a bare local literal
  PASS  Leaves: registered destination "/passport" is not reintroduced as a bare local literal
  PASS  Leaf Challenge: imports SmokeCraftScreenShell
  PASS  Leaf Challenge: actually renders <SmokeCraftScreenShell
  PASS  Leaf Challenge: does not import SmokeCraftImageBoundsOverlay directly (must go through the shell)
  PASS  Leaf Challenge Calculating: imports SmokeCraftScreenShell
  PASS  Leaf Challenge Calculating: actually renders <SmokeCraftScreenShell
  PASS  Leaf Challenge Calculating: does not import SmokeCraftImageBoundsOverlay directly (must go through the shell)
  PASS  Leaf Challenge Result: imports SmokeCraftScreenShell
  PASS  Leaf Challenge Result: actually renders <SmokeCraftScreenShell
  PASS  Leaf Challenge Result: does not import SmokeCraftImageBoundsOverlay directly (must go through the shell)
  PASS  Leaf Challenge Result: registered destination "/passport" is not reintroduced as a bare local literal
  PASS  Cultivation: imports SmokeCraftScreenShell
  PASS  Cultivation: actually renders <SmokeCraftScreenShell
  PASS  Cultivation: does not import SmokeCraftImageBoundsOverlay directly (must go through the shell)
  PASS  Blend: imports SmokeCraftScreenShell
  PASS  Blend: actually renders <SmokeCraftScreenShell
  PASS  Blend: does not import SmokeCraftImageBoundsOverlay directly (must go through the shell)
  PASS  Flavor DNA: imports SmokeCraftScreenShell
  PASS  Flavor DNA: actually renders <SmokeCraftScreenShell
  PASS  Flavor DNA: does not import SmokeCraftImageBoundsOverlay directly (must go through the shell)
  PASS  Pairing: imports SmokeCraftScreenShell
  PASS  Pairing: actually renders <SmokeCraftScreenShell
  PASS  Pairing: does not import SmokeCraftImageBoundsOverlay directly (must go through the shell)
  PASS  Available: imports SmokeCraftScreenShell
  PASS  Available: actually renders <SmokeCraftScreenShell
  PASS  Available: does not import SmokeCraftImageBoundsOverlay directly (must go through the shell)
  PASS  Assistant: imports SmokeCraftScreenShell
  PASS  Assistant: actually renders <SmokeCraftScreenShell
  PASS  Assistant: does not import SmokeCraftImageBoundsOverlay directly (must go through the shell)
  PASS  Pairing Mastery: imports SmokeCraftScreenShell
  PASS  Pairing Mastery: actually renders <SmokeCraftScreenShell
  PASS  Pairing Mastery: does not import SmokeCraftImageBoundsOverlay directly (must go through the shell)
  PASS  Vitola: imports SmokeCraftScreenShell
  PASS  Vitola: actually renders <SmokeCraftScreenShell
  PASS  Vitola: does not import SmokeCraftImageBoundsOverlay directly (must go through the shell)
  PASS  Landing: imports SmokeCraftScreenShell
  PASS  Landing: actually renders <SmokeCraftScreenShell
  PASS  Landing: does not import SmokeCraftImageBoundsOverlay directly (must go through the shell)
  PASS  Seed & Soil: imports SmokeCraftScreenShell
  PASS  Seed & Soil: actually renders <SmokeCraftScreenShell
  PASS  Seed & Soil: does not import SmokeCraftImageBoundsOverlay directly (must go through the shell)
  PASS  Request Purchase: imports SmokeCraftScreenShell
  PASS  Request Purchase: actually renders <SmokeCraftScreenShell
  PASS  Request Purchase: does not import SmokeCraftImageBoundsOverlay directly (must go through the shell)
  PASS  Management Sync: imports SmokeCraftScreenShell
  PASS  Management Sync: actually renders <SmokeCraftScreenShell
  PASS  Management Sync: does not import SmokeCraftImageBoundsOverlay directly (must go through the shell)
  PASS  Resume Journey: imports SmokeCraftScreenShell
  PASS  Resume Journey: actually renders <SmokeCraftScreenShell
  PASS  Resume Journey: does not import SmokeCraftImageBoundsOverlay directly (must go through the shell)
  PASS  Rewards Center: imports SmokeCraftScreenShell
  PASS  Rewards Center: actually renders <SmokeCraftScreenShell
  PASS  Rewards Center: does not import SmokeCraftImageBoundsOverlay directly (must go through the shell)
  PASS  How It Works: imports SmokeCraftScreenShell
  PASS  How It Works: actually renders <SmokeCraftScreenShell
  PASS  How It Works: does not import SmokeCraftImageBoundsOverlay directly (must go through the shell)
  PASS  Guest Pass: imports SmokeCraftScreenShell
  PASS  Guest Pass: actually renders <SmokeCraftScreenShell
  PASS  Guest Pass: does not import SmokeCraftImageBoundsOverlay directly (must go through the shell)
  PASS  Scan: imports SmokeCraftScreenShell
  PASS  Scan: actually renders <SmokeCraftScreenShell
  PASS  Scan: does not import SmokeCraftImageBoundsOverlay directly (must go through the shell)
  PASS  Enroll: imports SmokeCraftScreenShell
  PASS  Enroll: actually renders <SmokeCraftScreenShell
  PASS  Enroll: does not import SmokeCraftImageBoundsOverlay directly (must go through the shell)
  PASS  Identity: imports SmokeCraftScreenShell
  PASS  Identity: actually renders <SmokeCraftScreenShell
  PASS  Identity: does not import SmokeCraftImageBoundsOverlay directly (must go through the shell)
  PASS  Art: imports SmokeCraftScreenShell
  PASS  Art: actually renders <SmokeCraftScreenShell
  PASS  Art: does not import SmokeCraftImageBoundsOverlay directly (must go through the shell)
  PASS  Cigar Gauge Guide: imports SmokeCraftScreenShell
  PASS  Cigar Gauge Guide: actually renders <SmokeCraftScreenShell
  PASS  Cigar Gauge Guide: does not import SmokeCraftImageBoundsOverlay directly (must go through the shell)
  PASS  Knowledge Check Demo: imports SmokeCraftScreenShell
  PASS  Knowledge Check Demo: actually renders <SmokeCraftScreenShell
  PASS  Knowledge Check Demo: does not import SmokeCraftImageBoundsOverlay directly (must go through the shell)
  PASS  Skill Tree: imports SmokeCraftScreenShell
  PASS  Skill Tree: actually renders <SmokeCraftScreenShell
  PASS  Skill Tree: does not import SmokeCraftImageBoundsOverlay directly (must go through the shell)
  PASS  Collections Center: imports SmokeCraftScreenShell
  PASS  Collections Center: actually renders <SmokeCraftScreenShell
  PASS  Collections Center: does not import SmokeCraftImageBoundsOverlay directly (must go through the shell)
  PASS  Demo: imports SmokeCraftScreenShell
  PASS  Demo: actually renders <SmokeCraftScreenShell
  PASS  Demo: does not import SmokeCraftImageBoundsOverlay directly (must go through the shell)
  PASS  Demo Reset: imports SmokeCraftScreenShell
  PASS  Demo Reset: actually renders <SmokeCraftScreenShell
  PASS  Demo Reset: does not import SmokeCraftImageBoundsOverlay directly (must go through the shell)
  PASS  Visit Complete: imports SmokeCraftScreenShell
  PASS  Visit Complete: actually renders <SmokeCraftScreenShell
  PASS  Visit Complete: does not import SmokeCraftImageBoundsOverlay directly (must go through the shell)
  PASS  Filler Arrangement: imports SmokeCraftScreenShell
  PASS  Filler Arrangement: actually renders <SmokeCraftScreenShell
  PASS  Filler Arrangement: does not import SmokeCraftImageBoundsOverlay directly (must go through the shell)
  PASS  SmokeCraft Curriculum Screen Renderer (all 21 session slots): imports SmokeCraftScreenShell
  PASS  SmokeCraft Curriculum Screen Renderer (all 21 session slots): actually renders <SmokeCraftScreenShell
  PASS  SmokeCraft Curriculum Screen Renderer (all 21 session slots): does not import SmokeCraftImageBoundsOverlay directly (must go through the shell)
  PASS  Wrapper Strength (Leaf to Cigar construction module): imports SmokeCraftScreenShell
  PASS  Wrapper Strength (Leaf to Cigar construction module): actually renders <SmokeCraftScreenShell
  PASS  Wrapper Strength (Leaf to Cigar construction module): does not import SmokeCraftImageBoundsOverlay directly (must go through the shell)
  PASS  Commerce Menu: imports SmokeCraftScreenShell
  PASS  Commerce Menu: actually renders <SmokeCraftScreenShell
  PASS  Commerce Menu: does not import SmokeCraftImageBoundsOverlay directly (must go through the shell)
  PASS  Commerce Cart: imports SmokeCraftScreenShell
  PASS  Commerce Cart: actually renders <SmokeCraftScreenShell
  PASS  Commerce Cart: does not import SmokeCraftImageBoundsOverlay directly (must go through the shell)
  PASS  Commerce Checkout: imports SmokeCraftScreenShell
  PASS  Commerce Checkout: actually renders <SmokeCraftScreenShell
  PASS  Commerce Checkout: does not import SmokeCraftImageBoundsOverlay directly (must go through the shell)
  PASS  Commerce Payment Success: imports SmokeCraftScreenShell
  PASS  Commerce Payment Success: actually renders <SmokeCraftScreenShell
  PASS  Commerce Payment Success: does not import SmokeCraftImageBoundsOverlay directly (must go through the shell)
  PASS  Commerce Order Status: imports SmokeCraftScreenShell
  PASS  Commerce Order Status: actually renders <SmokeCraftScreenShell
  PASS  Commerce Order Status: does not import SmokeCraftImageBoundsOverlay directly (must go through the shell)
  PASS  src/pages/smokecraft/WelcomeExperience.jsx: still references its locked approved asset (SC_ASSETS.session1)
  PASS  src/pages/smokecraft/Leaderboard.jsx: still references its locked approved asset (SC_ASSETS.leaderboard)
  PASS  src/pages/smokecraft/SmokeCraftPassport.jsx: still references its locked approved asset (SC_ASSETS.passportHub)
  PASS  src/pages/smokecraft/SmokeCraftCraftHub.jsx: still references its locked approved asset (SC_ASSETS.craftHubVenueTable)
  PASS  src/pages/smokecraft/Rewards.jsx: still references its locked approved asset (SC_ASSETS.rewards)
  PASS  src/pages/smokecraft/GoldenBox.jsx: still references its locked approved asset (SC_ASSETS.goldenBox)
  PASS  No collision among the 5 distinct pairing-family routes (pairing/pairing-lab/pairing-recommendations/humidor-match/pairing-mastery)
  PASS  smokecraftNavigationRegistry keeps PAIRING and PAIRING_STANDALONE as distinct, non-collapsed values
  PASS  Curriculum component registry still registers all 21 session slots (session-1..session-27 with merges)
  PASS  No curriculum session component is rendered directly from App.jsx (all must route through SmokeCraftScreenRenderer)
  PASS  session-21's required interactive region ('section-review') is still registered in the interaction manifest
  PASS  src/pages/smokecraft/HumidorMatch.jsx: still renders SmokeCraftLessonInfoButton (Session 2 lesson title/Golden Box/Why It Matters)
  PASS  smokecraftEducationalEnrichment.js: session 2 entry still has both whyItMatters and goldenBox
  PASS  src/pages/smokecraft/Format.jsx: still renders SmokeCraftLessonInfoButton (Session 5 lesson title/Golden Box/Why It Matters)
  PASS  smokecraftEducationalEnrichment.js: session 5 entry still has both whyItMatters and goldenBox
  PASS  src/pages/smokecraft/CutToastLight.jsx: still renders SmokeCraftLessonInfoButton (Session 6 lesson title/Golden Box/Why It Matters)
  PASS  smokecraftEducationalEnrichment.js: session 6 entry still has both whyItMatters and goldenBox
  PASS  src/pages/smokecraft/FirstThird.jsx: still renders SmokeCraftLessonInfoButton (Session 8 lesson title/Golden Box/Why It Matters)
  PASS  smokecraftEducationalEnrichment.js: session 8 entry still has both whyItMatters and goldenBox
  PASS  src/pages/smokecraft/FlavorMemory.jsx: still renders SmokeCraftLessonInfoButton (Session 10 lesson title/Golden Box/Why It Matters)
  PASS  smokecraftEducationalEnrichment.js: session 10 entry still has both whyItMatters and goldenBox
  PASS  src/pages/smokecraft/PairingLab.jsx: still renders SmokeCraftLessonInfoButton (Session 11 lesson title/Golden Box/Why It Matters)
  PASS  smokecraftEducationalEnrichment.js: session 11 entry still has both whyItMatters and goldenBox
  PASS  src/pages/smokecraft/SecondThird.jsx: still renders SmokeCraftLessonInfoButton (Session 12 lesson title/Golden Box/Why It Matters)
  PASS  smokecraftEducationalEnrichment.js: session 12 entry still has both whyItMatters and goldenBox
  PASS  src/pages/smokecraft/FinalThird.jsx: still renders SmokeCraftLessonInfoButton (Session 16 lesson title/Golden Box/Why It Matters)
  PASS  smokecraftEducationalEnrichment.js: session 16 entry still has both whyItMatters and goldenBox
  PASS  src/pages/smokecraft/Scorecard.jsx: still renders SmokeCraftLessonInfoButton (Session 19 lesson title/Golden Box/Why It Matters)
  PASS  smokecraftEducationalEnrichment.js: session 19 entry still has both whyItMatters and goldenBox
  PASS  src/pages/smokecraft/PassportStamp.jsx: still renders SmokeCraftLessonInfoButton (Session 23 lesson title/Golden Box/Why It Matters)
  PASS  smokecraftEducationalEnrichment.js: session 23 entry still has both whyItMatters and goldenBox
  PASS  src/pages/smokecraft/FinalReview.jsx: still renders SmokeCraftLessonInfoButton (Session 24 lesson title/Golden Box/Why It Matters)
  PASS  smokecraftEducationalEnrichment.js: session 24 entry still has both whyItMatters and goldenBox
  PASS  src/pages/smokecraft/MeetYourCigar.jsx: still renders SmokeCraftLessonInfoButton (Session 3 lesson title/Golden Box/Why It Matters)
  PASS  smokecraftEducationalEnrichment.js: session 3 entry still has both whyItMatters and goldenBox
  PASS  src/pages/smokecraft/Terroir.jsx: still renders SmokeCraftLessonInfoButton (Session 4 lesson title/Golden Box/Why It Matters)
  PASS  smokecraftEducationalEnrichment.js: session 4 entry still has both whyItMatters and goldenBox
  PASS  src/pages/smokecraft/LightingTutorial.jsx: still renders SmokeCraftLessonInfoButton (Session 7 lesson title/Golden Box/Why It Matters)
  PASS  smokecraftEducationalEnrichment.js: session 7 entry still has both whyItMatters and goldenBox
  PASS  src/pages/smokecraft/MentorCommentary.jsx: still renders SmokeCraftLessonInfoButton (Session 14 lesson title/Golden Box/Why It Matters)
  PASS  smokecraftEducationalEnrichment.js: session 14 entry still has both whyItMatters and goldenBox
  PASS  src/pages/smokecraft/KnowledgeDrop.jsx: still renders SmokeCraftLessonInfoButton (Session 15 lesson title/Golden Box/Why It Matters)
  PASS  smokecraftEducationalEnrichment.js: session 15 entry still has both whyItMatters and goldenBox
  PASS  src/pages/smokecraft/AISummary.jsx: still renders SmokeCraftLessonInfoButton (Session 21 lesson title/Golden Box/Why It Matters)
  PASS  smokecraftEducationalEnrichment.js: session 21 entry still has both whyItMatters and goldenBox
  PASS  src/pages/smokecraft/PairingRecommendations.jsx: still renders SmokeCraftLessonInfoButton (Session 22 lesson title/Golden Box/Why It Matters)
  PASS  smokecraftEducationalEnrichment.js: session 22 entry still has both whyItMatters and goldenBox
  PASS  SmokeCraftLessonInfoButton: button uses position:'fixed' (not 'absolute', which clips inside SmokeCraftImageBoundsOverlay)
  PASS  src/pages/smokecraft/HumidorMatch.jsx: still has the "if (done) return" duplicate-fire guard on its Continue handler
  PASS  src/pages/smokecraft/FirstThird.jsx: still has the "if (done) return" duplicate-fire guard on its Continue handler

=== RESULT: PASS — 0 failing check(s) ===

── SmokeCraft control-coverage validator (Holistic Fix 2E-11)

  OK    raw discovery total (276) equals inventory total (276)
  OK    map doc declares "Total controls: 276. Total mapped: 276. Unmapped: 0."
  OK    every control in the inventory has a non-empty group assignment
  OK    group "navigation": inventory count (55) matches byGroupCounts (55)
  OK    group "navigation": map doc summary table shows count 55
  OK    group "selection-toggle": inventory count (94) matches byGroupCounts (94)
  OK    group "selection-toggle": map doc summary table shows count 94
  OK    group "rating-toggle": inventory count (67) matches byGroupCounts (67)
  OK    group "rating-toggle": map doc summary table shows count 67
  OK    group "tab-disclosure": inventory count (23) matches byGroupCounts (23)
  OK    group "tab-disclosure": map doc summary table shows count 23
  OK    group "tasting-input": inventory count (12) matches byGroupCounts (12)
  OK    group "tasting-input": map doc summary table shows count 12
  OK    group "completion": inventory count (23) matches byGroupCounts (23)
  OK    group "completion": map doc summary table shows count 23
  OK    group "honest-disabled": inventory count (2) matches byGroupCounts (2)
  OK    group "honest-disabled": map doc summary table shows count 2
  OK    sum of all group counts (276) equals total controls (276)
  OK    group "navigation" has a browser-test reference
  OK    group "navigation"'s referenced test script exists on disk (verify-smokecraft-hf2e5-curriculum-forward-backward.mjs)
  OK    group "selection-toggle" has a browser-test reference
  OK    group "selection-toggle"'s referenced test script exists on disk (verify-smokecraft-hf2e10-control-state-persistence.mjs)
  OK    group "rating-toggle" has a browser-test reference
  OK    group "rating-toggle"'s referenced test script exists on disk (verify-smokecraft-hf2e10-control-state-persistence.mjs)
  OK    group "tab-disclosure" has a browser-test reference
  OK    group "tab-disclosure"'s referenced test script exists on disk (verify-smokecraft-hf2e10-control-state-persistence.mjs)
  OK    group "tasting-input" has a browser-test reference
  OK    group "tasting-input"'s referenced test script exists on disk (verify-smokecraft-hf2e10-control-state-persistence.mjs)
  OK    group "completion" has a browser-test reference
  OK    group "completion"'s referenced test script exists on disk (verify-smokecraft-hf2e10-control-state-persistence.mjs)
  OK    group "honest-disabled" has a browser-test reference
  OK    group "honest-disabled"'s referenced test script exists on disk (verify-smokecraft-hf2e10-control-state-persistence.mjs)
  OK    navigation-required group "navigation" has a destination-assertion reference
  OK    persistence-required group "rating-toggle" has a reload-test reference
  OK    navigation-required group "completion" has a destination-assertion reference
  OK    duplicate-risk group "completion" has a rapid-double-action test reference
  OK    disabled-state-expected group "honest-disabled" has an honest-state assertion reference
  OK    session 1 has at least one mapped control
  OK    session 2 has at least one mapped control
  OK    session 3 has at least one mapped control
  OK    session 4 has at least one mapped control
  OK    session 5 has at least one mapped control
  OK    session 6 has at least one mapped control
  OK    session 7 has at least one mapped control
  OK    session 8 has at least one mapped control
  OK    session 10 has at least one mapped control
  OK    session 11 has at least one mapped control
  OK    session 12 has at least one mapped control
  OK    session 14 has at least one mapped control
  OK    session 15 has at least one mapped control
  OK    session 16 has at least one mapped control
  OK    session 19 has at least one mapped control
  OK    session 21 has at least one mapped control
  OK    session 22 has at least one mapped control
  OK    session 23 has at least one mapped control
  OK    session 24 has at least one mapped control
  OK    session 25 has at least one mapped control
  OK    session 26 has at least one mapped control
  OK    session 27 has at least one mapped control
  OK    all 22 primary sessions are represented in the inventory
  OK    deep control-behavior proof file exists
  OK    deep control-behavior proof reports 0 failures
  OK    deep control-behavior proof covers the 6 non-navigation implementation groups
  OK    navigation group's forward/backward test script exists on disk

=== RESULT: PASS (0 checks failed) ===
── SmokeCraft responsive-regression validator (Holistic Fix 3)

  OK    inventory covers all live routes (130)
  OK    no route has a navigation timeout/crash at any viewport
  OK    no route has horizontal overflow at any of the 5 viewports
  OK    no route blocks vertical scrolling when content exceeds the viewport
  OK    no route has a real control obscured behind the fixed bottom nav
  OK    no hero/backdrop image is stretched or distorted (object-fit:fill with a mismatched box)

=== RESULT: PASS (0 checks failed) ===
── SmokeCraft player-state integrity validator (Holistic Fix 4)

  OK    docs/smokecraft/SMOKECRAFT_STATE_OWNERSHIP_MAP.md exists
  OK    migration 092 (canonical player state) exists
  OK    migration 092 has a rollback script
  OK    migration 093 (idempotency-key guest-scope fix) exists
  OK    rollback file does NOT live inside server/db/migrations (would be picked up and auto-run as a forward migration)
  OK    smokecraft_session_completions has a UNIQUE constraint on (guest_reference, session_id)
  OK    smokecraft_awards has a UNIQUE index on (guest_reference, award_type, award_key)
  OK    migration 093 drops the global UNIQUE constraint on smokecraft_session_completions.idempotency_key
  OK    migration 093 adds a guest-scoped UNIQUE index instead
  OK    migration 093 does the same fix for smokecraft_awards
  OK    controller derives guestReference only from req.smokecraftIdentity, never req.body
  OK    XP amount for session completion comes from the server-owned reward table, not the request body
  OK    XP award endpoint validates the award key against a server-known table (getNamedXpAmount), never trusts a client amount directly
  OK    every mutation requires a client-supplied idempotencyKey (validated, not optional)
  OK    completeSession uses BEGIN/COMMIT/ROLLBACK (real transaction, not fire-and-forget writes)
  OK    every mutation path records an audit row (applied or duplicate_replay)
  OK    client.release() is called (no connection leak) via a finally block
  OK    player-state routes require requireSmokeCraftIdentity (server-verified cookie) on every state-touching route
  OK    player-state routes are rate-limited
  OK    mutation routes reuse ensureSmokeCraftGuestIdentity (the existing, proven JWT-cookie identity system) rather than inventing a new one
  OK    smokecraftPlayerStateRoutes is imported in server/index.js
  OK    smokecraftPlayerStateRoutes is mounted at '/api/smokecraft/player-state'
  OK    awardSessionRewards calls the new server-authoritative completeSessionOnServer
  OK    awardStamp calls the new server-authoritative awardPassportStampOnServer
  OK    client adapter returns { ok: false } on network failure, never a fabricated success
  OK    client adapter checks data.success === true before treating a response as ok (no fake-success on a malformed 200)

=== RESULT: PASS (0 checks failed) ===
── SmokeCraft account-integrity validator (Holistic Fix 4B)

  OK    docs/smokecraft/SMOKECRAFT_GUEST_ACCOUNT_MERGE_POLICY.md exists
  OK    migration 094 exists
  OK    migration 094 has a rollback script
  OK    rollback file does not live inside server/db/migrations
  OK    smokecraft_guest_conversions has UNIQUE(guest_reference) — a guest can convert at most once, ever
  OK    smokecraft_player_state gains journey_version for optimistic concurrency
  OK    convertGuestToAccount recomputes XP from merged rows (SUM), never adds guest.xp + account.xp directly
  OK    convertGuestToAccount checks smokecraft_guest_conversions for an existing row before converting (idempotent)
  OK    saveJourneySnapshot rejects a stale expectedVersion with a conflict result rather than silently overwriting
  OK    handleConvertGuest requires req.user.role === passport_member (a real authenticated account)
  OK    handleConvertGuest requires req.smokecraftGuestCookieIdentity (server-verified cookie), never a client-supplied guest id
  OK    handleSaveJourneySnapshot requires a numeric expectedVersion from the client (optimistic-concurrency contract)
  OK    accountService reuses authService.hashPin/verifyPin (bcrypt) rather than inventing new hashing
  OK    accountService reuses authService.createJwtForUser/createAuthSession (existing session infra)
  OK    accountService reuses the existing lockout pattern (lockUserIfNeeded) rather than inventing new lockout logic
  OK    no raw/plaintext password or PIN is ever logged or returned outside the dev-only response path
  OK    devDeliveryPin (dev-only PIN exposure) is gated on NODE_ENV, never unconditional
  OK    src/pages/smokecraft/Account.jsx contains no JWT_SECRET / hardcoded credential / bcrypt hash literal
  OK    src/services/smokecraft/stateAdapter.js contains no JWT_SECRET / hardcoded credential / bcrypt hash literal
  OK    src/services/smokecraft/playerStateApiClient.js contains no JWT_SECRET / hardcoded credential / bcrypt hash literal
  OK    SmokeCraftJourneyContext imports and uses the shared stateAdapter (not bypassing it)
  OK    smokecraftAccountRoutes is mounted
  OK    convert-guest route is mounted
  OK    journey-snapshot GET/PUT routes are mounted

=== RESULT: PASS (0 checks failed) ===
── SmokeCraft gameplay-integrity validator (Holistic Fix 5A)

  OK    docs/smokecraft/SMOKECRAFT_GAMEPLAY_ENGINE_MAP.md exists
  OK    migration 095 exists
  OK    migration 095 has a rollback script
  OK    rollback file does not live inside server/db/migrations
  OK    smokecraft_rank_history has UNIQUE(guest_reference, rank_label) — idempotent promotion
  OK    smokecraft_gameplay_rules has UNIQUE(rule_key, version) — versioned, not overwritable
  OK    grantSessionBadgesInTx runs inside completeSession's transaction (client never separately claims a session-tied badge)
  OK    grantSessionPassportStampInTx runs inside the same transaction
  OK    badge/stamp grants use ON CONFLICT DO NOTHING against the real UNIQUE index (duplicate-protected, not app-level only)
  OK    rank is recomputed server-side from xp_total, never trusted from the client
  OK    no automatic demotion — recomputeRankInTx only ever changes rank when the newly computed rank differs (promotion), never compares for a lower value to force a downgrade
  OK    badge criteria are read from SESSION_REWARDS (existing single source of truth), not duplicated
  OK    rank ladder is read from SC_RANKS (existing, already-approved, already-aligned constant) — not a newly invented ladder
  OK    leaderboard query selects from smokecraft_player_state (real data)
  OK    leaderboard query has no hardcoded/mock guest names or scores
  OK    client leaderboard service fetches the real API, never returns a hardcoded communityEntries array
  OK    leaderboard preference endpoint validates displayName/eligible types, never trusts arbitrary client fields for scoring
  OK    no controller path accepts a client-supplied XP/score/badge/rank amount for the completion or award endpoints (still true from Holistic Fix 4)
  OK    Mentor.jsx has exactly one setSelectedMentor call site, reactive to journey.mentor (not an independent write)
  OK    leaderboard read route is mounted
  OK    leaderboard preference route requires identity (not anonymous-writable)

=== RESULT: PASS (0 checks failed) ===

── SmokeCraft gameplay-reward-authority validator (Holistic Fix 5A-2)

  OK    src/pages/smokecraft/Art.jsx: every addXP() call passes a named server-known source (no bare client-only XP grant)
  OK    src/pages/smokecraft/Available.jsx: every addXP() call passes a named server-known source (no bare client-only XP grant)
  OK    src/pages/smokecraft/Cultivation.jsx: every addXP() call passes a named server-known source (no bare client-only XP grant)
  OK    src/pages/smokecraft/Leaves.jsx: every addXP() call passes a named server-known source (no bare client-only XP grant)
  OK    KnowledgeCheck.jsx no longer calls addXP() directly (server-verified quiz submit only)
  OK    KnowledgeCheck.jsx submits raw responses via submitKnowledgeCheck, not a client score
  OK    LeafChallenge.jsx no longer calls addXP()/addBadge()/awardStamp() directly for the final-round reward (server-verified submit only)
  OK    LeafChallenge.jsx submits raw answers via submitLeafChallenge, not a client score
  OK    LeafChallenge.jsx sources its answer key from the shared, server-dual-imported data module (not an inline duplicate)
  OK    Blend.jsx no longer calls addXP()/awardStamp() directly (server-verified blend-selection submit only, Holistic Fix 5A-3)
  OK    Blend.jsx submits its raw wrapper/binder/filler selection via submitBlendSelection, not a client claim
  OK    submitBlendSelection validates a complete, well-formed selection server-side (wrapper/binder/exactly-3-fillers), never trusting a bare completion claim
  OK    submitKnowledgeCheck scores server-side against the real question data (scoreQuestionSet), not a client-submitted score
  OK    submitLeafChallenge scores server-side against the real answer key (scoreLeafChallenge), not a client-submitted score
  OK    correctReward requires both a reason and an authorizedBy identity (never a silent/anonymous correction)
  OK    correctReward never deletes/updates the original award/attempt row — only inserts a new correction row
  OK    The /corrections route is gated by requireStaff (never reachable by a plain learner identity)
  OK    Quiz and Leaf Challenge submit routes require a verified SmokeCraft identity
  OK    NAMED_XP_SOURCES is populated (not the empty placeholder from Holistic Fix 4) — named XP is now real, not dead code
  OK    Migration 096 (activity ledger + corrections) exists
  OK    Migration 096 has a rollback script outside server/db/migrations
  OK    smokecraft_activity_attempts has UNIQUE(guest_reference, activity_type, activity_key) — one scored attempt per activity ever
  OK    smokecraft_reward_corrections is append-only structured (has a reason and authorized_by column)
  OK    Seed script for the versioned rule registry exists
  OK    Rule seed script sources values from existing constants (SESSION_REWARDS/SC_RANKS/question sets), never invents new numbers
  OK    Rule seed script uses ON CONFLICT DO NOTHING on (rule_key, version) — a rule row is immutable once written

=== RESULT: PASS (0 checks failed) ===


── SmokeCraft alert pointer-safety validator (Holistic Fix 5A-3B, SC-D027)

  OK    BuildDiagnosticFooter.jsx exists and is readable
  OK    The mismatch banner still has role="alert" (screen-reader semantics intact)
  OK    The mismatch-banner JSX block is present and parseable
  OK    The banner's outer wrapper is pointer-transparent (pointerEvents: 'none') — SC-D027 fix, empty regions never block controls underneath
  OK    The Refresh button explicitly opts back into pointer events (pointerEvents: 'auto') — remains clickable
  OK    The Refresh button still has a real onClick handler (interactive action not accidentally disabled)
  OK    The banner is still full-viewport-width at top:0 (visual/position unchanged — no redesign)

=== RESULT: PASS (0 checks failed) ===


── SmokeCraft tasting-authority validator (Holistic Fix 5A-3D)

  OK    MiniTasting.jsx no longer calls addXP() directly (server-verified completion only)
  OK    MiniTasting.jsx uses the shared server adapter for draft load/save (loadTastingDraft/saveTastingDraft)
  OK    MiniTasting.jsx submits completion via the shared adapter (completeTasting), not a local claim
  OK    Completion is gated on a real selection (primaryDisabled tied to !selectedId)
  OK    submitTastingCompletion validates selectedCigarId against the server's own flight inventory (validIds), never trusting the client id blindly
  OK    submitTastingCompletion is idempotent via the existing smokecraft_activity_attempts UNIQUE constraint (activity_type='tasting')
  OK    saveTastingDraft never grants XP or completion (draft save is reward-free — search confirms no xp_total UPDATE inside saveTastingDraft)
  OK    saveTastingDraft enforces optimistic concurrency (expectedVersion check before write)
  OK    Tasting draft/completion routes all require a verified SmokeCraft identity
  OK    handleSaveTastingDraft requires an explicit expectedVersion (no default that would silently skip stale-write protection)
  OK    Draft/completion controllers never log or forward request bodies to a public audit/console path beyond the DB row itself (no console.log of req.body in these handlers)
  OK    Migration 097 (tasting drafts) exists
  OK    Migration 097 has a rollback script outside server/db/migrations
  OK    smokecraft_tasting_drafts has UNIQUE(guest_reference, activity_key) — one draft row per guest per activity
  OK    smokecraft_tasting_drafts has a version column for optimistic concurrency

=== RESULT: PASS (0 checks failed) ===


── SmokeCraft cultivator-authority validator (Holistic Fix 5A-3E)

  OK    Cultivation.jsx no longer calls addXP()/awardStamp() directly inside handleSave (server-verified submit only)
  OK    Cultivation.jsx submits evidence via the shared adapter (submitCultivatorEvidence)
  OK    Save is gated on all required stages being viewed (allStagesViewed used in the disabled condition)
  OK    Cultivation.jsx sources the required-stage list from the shared, server-dual-imported data module
  OK    submitCultivatorEvidence verifies the submitted evidence covers every real required stage (CULTIVATION_STAGE_IDS.every), never trusting a bare completion claim
  OK    submitCultivatorEvidence is idempotent via the existing smokecraft_activity_attempts UNIQUE constraint (activity_key='cultivator')
  OK    The cultivator Passport stamp insert uses ON CONFLICT DO NOTHING (duplicate-protected)
  OK    The cultivator submit route requires a verified SmokeCraft identity
  OK    handleSubmitCultivator requires a real idempotency key (requireIdempotencyKey)
  OK    handleSubmitCultivator requires viewedStageIds as a real array (rejects malformed input)
  OK    Shared cultivation-stage-id data module exists (dual-imported by client and server)
  OK    The shared stage-id list has no browser-only imports (safe to import server-side)
  OK    The shared stage-id list has exactly 7 real stage ids

=== RESULT: PASS (0 checks failed) ===


── SmokeCraft Collections-authority validator (Holistic Fix 5A-3F)

  OK    The Collections client only exposes read (getCollections/getItem) and server-recalculate (recalculate) calls — no client-set-ownership function exists
  OK    CollectionsCenter.jsx fetches live data via the shared collectionsApiClient (no local mirror)
  OK    CollectionsCenter.jsx has real loading/error/offline states (not a static mock)
  OK    recalculate() checks real evidence tables per item (EVIDENCE_CHECKS), never trusts a client-submitted ownership flag
  OK    Every collection item insert is duplicate-protected via ON CONFLICT on the real DB constraint
  OK    Collection unlock is idempotent via a stable idempotency_key, not a random one
  OK    A staff-authorized reversal is read from the append-only corrections ledger, never by deleting/editing the original ownership row
  OK    smokecraft_collection_ownership has a real UNIQUE(guest_reference, collection_item_key) constraint (duplicate ownership impossible at the DB level)
  OK    smokecraft_collection_ownership links a real source_progression_event_id (source event, not a bare flag)
  OK    Collections routes now have the dev/test rate-limiter skip (matches the established convention, closes a real found gap)
  OK    An authenticated account's Collections identity is prefixed with user: (consistent with the rest of player-state, real found-and-fixed defect)
  OK    Collections routes issue a fresh guest identity when none exists (ensureSmokeCraftGuestIdentity) — real found-and-fixed defect: a first-ever visit directly to /smokecraft/collections previously 401'd instead of getting a real guest identity
  OK    convertGuestToAccount transfers Collections ownership on guest-to-account conversion (real found-and-fixed gap — was previously never transferred)
  OK    correctReward supports a real reversed flag persisted to the DB (not silently dropped)
  OK    The /corrections route remains staff-gated (never a learner path) — unchanged from Holistic Fix 5A-2

=== RESULT: PASS (0 checks failed) ===


── SmokeCraft Skill-Tree-authority validator (Holistic Fix 5A-3G)

  OK    The Skill Tree client only exposes read (getSkillTree/getNode) and server-recalculate (recalculate) calls — no client-set-progress function exists
  OK    SkillTree.jsx fetches live data via the shared skillTreeApiClient (no local mirror)
  OK    SkillTree.jsx has real loading/error/offline states (not a static mock)
  OK    SkillTree.jsx renders a distinct visual state for a corrected/reversed node (not silently hidden)
  OK    recalculate() checks real evidence tables per node (EVIDENCE_CHECKS), never trusts a client-submitted completion flag
  OK    Every node has a completion_rule mapped to a real EVIDENCE_CHECKS entry (no node lacks verified evidence)
  OK    Node progression is duplicate-protected via ON CONFLICT on the real DB constraint
  OK    A staff-authorized reversal is read from the append-only corrections ledger, never by deleting/editing the original learner-state row
  OK    The persisted DB state column is never set to the non-enum "corrected" value (real CHECK constraint honored — correction is a read-time overlay only)
  OK    A reversed node breaks the downstream prerequisite chain (node totals are genuinely recalculated, not just relabeled)
  OK    smokecraft_skill_tree_learner_state has a real UNIQUE(guest_reference, node_key) constraint (duplicate progression impossible at the DB level)
  OK    smokecraft_skill_tree_learner_state links a real supporting_event_id (source event, not a bare flag)
  OK    Every node definition carries a completion_rule (the rule version/reference used for evidence evaluation)
  OK    Skill Tree routes have the dev/test rate-limiter skip (matches the established convention, closes a real found gap)
  OK    An authenticated account's Skill Tree identity is prefixed with user: (consistent with the rest of player-state, real found-and-fixed defect)
  OK    Skill Tree routes issue a fresh guest identity when none exists (ensureSmokeCraftGuestIdentity) — real found-and-fixed defect: a first-ever visit directly to /smokecraft/skill-tree previously 401'd instead of getting a real guest identity
  OK    convertGuestToAccount transfers the Skill Tree evidence tables on guest-to-account conversion (real found-and-fixed gap — was previously never transferred)
  OK    The evidence transfer is a deterministic recalculation performed AFTER commit, on a fresh connection (never reads its own uncommitted transaction)
  OK    The /corrections route remains staff-gated (never a learner path) — unchanged from Holistic Fix 5A-2
  OK    convert-guest response surfaces skillTreeEvidenceRowsTransferred/skillTreeCompletedNodes (auditable, not silently dropped)

=== RESULT: PASS (0 checks failed) ===


── SmokeCraft Leaderboard-authority validator (Holistic Fix 5A-3H)

  OK    getLeaderboard never accepts a client-submitted xpTotal/score — it SELECTs xp_total from the real player-state table
  OK    The eligibility WHERE clause enforces the real server-side opt-out (COALESCE(le.eligible, true) = true), not a client-supplied flag
  OK    A guest with zero real XP is honestly excluded, never shown as a fabricated zero-score row
  OK    Tie-breaking is deterministic: xp_total DESC, then completed_session_count DESC, then guest_reference ASC
  OK    displayName defaults to an honest "Guest ####" pattern, never the real email/account id, when unset
  OK    The public leaderboard payload never returns the raw guest_reference — only isCurrentUser is derived from it server-side
  OK    Venue scoping is a real, settable, persisted preference (venue_id column actually written), not a dead column
  OK    Pagination is real SQL LIMIT/OFFSET, not a client-side array slice
  OK    convertGuestToAccount transfers the leaderboard eligibility/opt-out/venue preference (real found-and-fixed gap — was previously never transferred)
  OK    XP corrections recompute smokecraft_player_state.xp_total directly (the same column the leaderboard reads), so placement is genuinely recalculated, never a separate cached leaderboard total
  OK    The leaderboard limit is server-side clamped to a real max (100), never trusting an arbitrarily large client-requested page size
  OK    The leaderboard offset is server-side clamped to a non-negative value
  OK    setLeaderboardPreference derives guestReference from the server-verified identity only (self-service, own identity only — never trusts a client-submitted guestReference for writes)
  OK    getLeaderboardSnapshot fetches the real authoritative player-state (fetchPlayerState) rather than trusting only the local GuestSessionContext mirror for the numbers it returns
  OK    A failed/offline fetch returns an honest error/offline status, never a fabricated empty-looking success
  OK    The Leaderboard screen renders the real fetched community entries (snapshot.communityEntries via filteredEntries), not only a synthetic single local entry
  OK    The screen prefers server-authoritative XP (authoritativeXp) for the displayed totals, not the local session mirror alone
  OK    The "You" indicator on a leaderboard row is driven by the server-computed isCurrentUser flag, never assumed for every row
  OK    The screen has real loading/error/offline states (not a static mock)
  OK    The screen supports real pagination controls (Prev/Next) over the server LIMIT/OFFSET
  OK    The "Refresh Rankings" control re-fetches real server data, not just a local timestamp bump
  OK    smokecraft_leaderboard_eligibility has a real UNIQUE guest_reference constraint (one preference row per identity)
  OK    smokecraft_leaderboard_eligibility carries a real venue_id column for venue-boundary enforcement
  OK    The documented tie-breaking rule matches the implementation exactly (xp_total DESC, completed_session_count DESC, guest_reference ASC)

=== RESULT: PASS (0 checks failed) ===


── SmokeCraft Pairing-Engine-authority validator (Holistic Fix 5B-1)

  OK    computeRecommendation always returns an explanation string
  OK    computeRecommendation always returns a ruleSetVersion
  OK    savePairing always recomputes the score itself (computeRecommendation), never trusts a client-submitted score field
  OK    An identical idempotency-key retry is a true no-op (no version bump, no new revision) — real idempotent save
  OK    Saved-pairing writes are duplicate-protected via a real DB UNIQUE constraint (natural key), not app-level-only
  OK    ratePairing enforces optimistic concurrency (expectedVersion) and returns a real 409-shaped conflict, never silently overwriting
  OK    Every save/rate mutation appends an append-only revision row before changing state — real revision history, never edited in place
  OK    getSavedPairing enforces ownership at the query level (WHERE ... AND guest_reference = $2), never fetching by id alone
  OK    The engine reuses the real, already-approved pairing data (STRENGTH_SCORE/TYPE_STRENGTH/HARMONY/GOAL_DESC/ADJUSTMENT_MAP/SERVING_STYLE) rather than inventing new cigar/beverage facts
  OK    No XP/badge/Passport-stamp is awarded by this package (mandate: only if an already-approved rule explicitly exists — none does here)
  OK    Ledger events cover all 4 required types: pairing_requested, pairing_recommended, pairing_saved, pairing_rated
  OK    Pairing-engine routes have the dev/test rate-limiter skip from day one
  OK    An authenticated account's pairing identity is prefixed with user: from day one (no repeat of the recurring identity-prefix defect)
  OK    Pairing-engine routes issue a fresh guest identity when none exists from day one (no repeat of the recurring first-visit-401 defect)
  OK    smokecraft_pairing_rules has a real UNIQUE(rule_key, version) constraint — versions are additive, never overwritable
  OK    smokecraft_pairing_saves has a real UNIQUE natural-key constraint (duplicate saves impossible at the DB level)
  OK    smokecraft_pairing_save_revisions has no UPDATE-style column at all — append-only by construction (only INSERT is possible)
  OK    PairingLab.jsx no longer imports the client-only scoring engine (buildRecommendation)
  OK    PairingLab.jsx uses the one shared pairing adapter (useSmokeCraftPairingEngine)
  OK    PairingLab.jsx has a single accessible page title (real found-and-fixed gap — Holistic Fix 5B-1A, found live via Playwright)
  OK    PairingLab.jsx's journey-sync effect depends on real primitive values, not a freshly-created object each render (real found-and-fixed infinite-render-loop defect — Holistic Fix 5B-1A, found live via Playwright: chip buttons constantly detaching from the DOM)
  OK    PairingLab.jsx's Pairing Choices panel has an explicit stacking order above the underlying pairing-type hotspots it measurably overlaps (real found-and-fixed blocked-overlay defect — Holistic Fix 5B-1A, found live via Playwright: "element intercepts pointer events")
  OK    PairingRecommendations.jsx no longer imports the client-only scoring engine (rankAllCategories)
  OK    PairingRecommendations.jsx uses the one shared pairing adapter (useSmokeCraftPairingEngine)
  OK    PairingRecommendations.jsx saves through the real server endpoint (engine.save), not only a local journey mirror
  OK    The shared adapter never computes a score itself — every status transition is driven by a real server response or a real network condition
  OK    The shared adapter represents the mandated state set (no-cigar/no-beverage/calculating/ready/low-confidence/no-safe-recommendation/offline/session-expired)
  OK    The pairing-engine API client only exposes recommend/rank/save/get/rate calls — no client-side score-setting function exists

=== RESULT: PASS (0 checks failed) ===


── SmokeCraft Mentor-Guidance-authority validator (Holistic Fix 5B-2A)

  OK    Mentor identity is looked up from the real, single roster (getMentorById), never trusted as a client-submitted name/country/flag
  OK    An unrecognized mentorId is rejected, never fabricates a mentor identity
  OK    Guidance never awards XP, badges, or Passport stamps (mentor guidance is read-only)
  OK    Guidance never issues an UPDATE/INSERT against smokecraft_player_state, smokecraft_awards, or any reward table (read-only queries only)
  OK    Every real signal query is scoped by guest_reference (never a global/unscoped query that could leak another learner's data)
  OK    The fallback state (no real signal available) is honestly labeled, using the mentor's own real roster greeting — never a fabricated achievement
  OK    Every response includes message/reason/nextAction/sourceContext/confidence/messageVersion — no unexplained guidance is possible
  OK    Mentor-guidance routes have the dev/test rate-limiter skip from day one
  OK    An authenticated account's mentor-guidance identity is prefixed with user: from day one
  OK    Mentor-guidance routes issue a fresh guest identity when none exists from day one
  OK    The shared guidance hook reads the selected mentor from the one canonical source (SmokeCraftJourneyContext.journey.mentor), never a second mentor store
  OK    The shared guidance hook never computes guidance itself — only requests it from the server
  OK    The shared guidance hook represents the mandated state set (no-mentor/loading/ready/unavailable/offline/session-expired)
  OK    DynamicMentorPanel uses the one shared mentor-guidance adapter (useSmokeCraftMentorGuidance)
  OK    MentorCommentary.jsx no longer keys guidance off a hardcoded per-mentor-id map that never matched the real roster (real found-and-fixed defect SC-D050)
  OK    MentorCommentary.jsx uses the one shared mentor-guidance adapter (useSmokeCraftMentorGuidance)
  OK    MentorCommentary.jsx renders real roster fields (mentor.country/mentor.bio), not the nonexistent mentor.origin/mentor.expertise (real found-and-fixed defect)
  OK    Mentor.jsx retains exactly one write path for the selected mentor (setMentor to SmokeCraftJourneyContext) — no second, competing mentor-selection owner reappeared
  OK    SkillTree.jsx's mentor panel uses the shared context-aware guidance service (context prop), not a hardcoded guidance string

── Holistic Fix 5B-2A-1 additions ──

  OK    Live pairing-aware guidance is scored with the SAME computeRecommendation function the pairing engine itself uses — never a second, competing scoring path that could contradict it
  OK    The live-pairing signal takes priority over a stale saved-pairing row when a current pairing selection is supplied
  OK    The live-pairing guidance message embeds the exact real compatScore (no rounding/altering it, no independent claim)
  OK    ChallengeHub.jsx no longer passes a static hardcoded guidance string to DynamicMentorPanel
  OK    ChallengeHub.jsx uses the shared context-aware guidance service (context prop)
  OK    BlendFaultChallenge.jsx no longer passes a static hardcoded guidance string to DynamicMentorPanel
  OK    BlendFaultChallenge.jsx uses the shared context-aware guidance service (context prop)
  OK    FillerArrangement.jsx no longer passes a static hardcoded guidance string to DynamicMentorPanel
  OK    FillerArrangement.jsx uses the shared context-aware guidance service (context prop)
  OK    CollectionsCenter.jsx no longer passes a static hardcoded guidance string to DynamicMentorPanel
  OK    CollectionsCenter.jsx uses the shared context-aware guidance service (context prop)
  OK    PairingLab.jsx connects a real mentor-guidance panel using the shared service (context="pairing-lab")
  OK    PairingLab.jsx passes the real live cigar+beverage selection as pairingContext (not a static string, not bypassing the shared service)
  OK    PairingRecommendations.jsx connects a real mentor-guidance panel using the shared service (context="pairing-recommendations")
  OK    PairingRecommendations.jsx passes the real live cigar+beverage selection as pairingContext (not a static string, not bypassing the shared service)
  OK    No active mentor panel in this pass's scope still passes a static guidance string (client-side hardcoded text is fully retired for these 6 screens)
  OK    Mentor.jsx still retains exactly one write path for the selected mentor — no duplicate mentor ownership reappeared across this pass's 6-screen wiring

=== RESULT: PASS (0 checks failed) ===


> crafthub-360-production@1.0.0 build
> vite build

vite v4.5.14 building for production...
transforming...
[plugin:vite:esbuild] Duplicate key "border" in object literal
113|          borderRadius: 9,
114|          background: selected ? `linear-gradient(160deg, ${statusColor}55, ${statusColor}22)` : cardBg,
115|          border: `2px solid ${selected ? GOLD : statusColor}`,
   |          ^
116|          boxShadow: selected
117|            ? `0 0 0 3px rgba(201,149,44,0.35), 0 0 12px ${statusColor}88, 0 2px 8px rgba(0,0,0,0.6)`

✓ 2025 modules transformed.
rendering chunks...
[plugin:vite:reporter] 
(!) /home/user/crafthub-360-stitch/src/api/passportScanApi.js is dynamically imported by /home/user/crafthub-360-stitch/src/pages/passport/PassportHome.jsx but also statically imported by /home/user/crafthub-360-stitch/src/pages/passport/PassportHome.jsx, dynamic import will not move module into another chunk.

computing gzip size...
dist/index.html                                               0.80 kB │ gzip:   0.41 kB
dist/assets/BootConsole-174cbfbc.css                          8.49 kB │ gzip:   2.16 kB
dist/assets/index-b84cfafb.css                              129.56 kB │ gzip:  22.28 kB
dist/assets/testModeConfig-93ff0050.js                        1.22 kB │ gzip:   0.52 kB
dist/assets/packagingStudioApiClient-dafcb5ef.js              1.56 kB │ gzip:   0.73 kB
dist/assets/venueHumidorCustomerApiClient-f32151ec.js         2.43 kB │ gzip:   0.97 kB
dist/assets/MentorGuidancePanel-cba5eb9a.js                   2.68 kB │ gzip:   0.84 kB
dist/assets/PinPad-08625d0c.js                                3.27 kB │ gzip:   1.14 kB
dist/assets/useAdminVenueId-1019a712.js                       3.71 kB │ gzip:   1.20 kB
dist/assets/PrototypeDisclosure-afa19638.js                   3.97 kB │ gzip:   1.56 kB
dist/assets/PackagingStudioDashboard-f30d9e7e.js              4.68 kB │ gzip:   1.43 kB
dist/assets/PackagingReview-685fe3a0.js                       4.82 kB │ gzip:   1.42 kB
dist/assets/JudgeDashboard-5e7ef7c8.js                        4.85 kB │ gzip:   1.51 kB
dist/assets/PackagingStudioShare-ca3177c0.js                  6.13 kB │ gzip:   1.55 kB
dist/assets/OfflineMode-60b0ad41.js                           6.40 kB │ gzip:   1.92 kB
dist/assets/VenueHumidorMyAcquisitions-f8df0eb8.js            6.81 kB │ gzip:   1.70 kB
dist/assets/MentorReview-4e03d539.js                          7.16 kB │ gzip:   2.23 kB
dist/assets/AdminLogin-4e3520f9.js                            7.24 kB │ gzip:   2.03 kB
dist/assets/StaffLogin-b2d5e1b7.js                            7.35 kB │ gzip:   2.14 kB
dist/assets/FounderLogin-47bcbbe1.js                          7.82 kB │ gzip:   2.05 kB
dist/assets/PackagingStudioVersions-334c790d.js               8.03 kB │ gzip:   1.65 kB
dist/assets/MentorLogin-9c7f810a.js                           8.15 kB │ gzip:   2.23 kB
dist/assets/DevLogin-afb71458.js                              8.51 kB │ gzip:   2.32 kB
dist/assets/InstallHelp-035958c5.js                           8.75 kB │ gzip:   2.57 kB
dist/assets/VenueHumidorOrderConfirmation-0fe5a222.js         9.03 kB │ gzip:   2.23 kB
dist/assets/VenueHumidorMyOrders-ce992617.js                  9.92 kB │ gzip:   2.25 kB
dist/assets/KioskSetup-2c81b801.js                           10.06 kB │ gzip:   2.36 kB
dist/assets/GoldenBoxHub-e68d53d6.js                         10.29 kB │ gzip:   2.09 kB
dist/assets/VenueHumidorPickup-fae2b920.js                   10.53 kB │ gzip:   2.50 kB
dist/assets/PilotReadinessDashboard-73939022.js              10.59 kB │ gzip:   2.13 kB
dist/assets/CompetitionDetail-ca803a43.js                    10.79 kB │ gzip:   2.26 kB
dist/assets/VenueHumidorFulfillmentHistory-36e3ba5f.js       11.06 kB │ gzip:   2.04 kB
dist/assets/SystemOverview-96697460.js                       11.28 kB │ gzip:   2.97 kB
dist/assets/VenueHumidorAcquisitionDetail-78e84ac3.js        11.91 kB │ gzip:   2.53 kB
dist/assets/VenueHumidorAdminInventoryEvents-b2a11fec.js     13.22 kB │ gzip:   2.24 kB
dist/assets/VenueHumidorHandoff-5859baa1.js                  13.40 kB │ gzip:   3.04 kB
dist/assets/VenueHumidorReceipt-34bf9608.js                  14.09 kB │ gzip:   2.38 kB
dist/assets/VenueHumidorCheckout-6ecf4104.js                 14.74 kB │ gzip:   3.20 kB
dist/assets/VenueHumidorAssistedSelling-055f65c8.js          14.83 kB │ gzip:   2.64 kB
dist/assets/VenueHumidorOrderQueue-aca8007c.js               14.83 kB │ gzip:   2.63 kB
dist/assets/MentorConsole-6dcc89ce.js                        15.12 kB │ gzip:   3.42 kB
dist/assets/VenueHumidorMyOrderDetail-67ceca82.js            15.13 kB │ gzip:   2.80 kB
dist/assets/InvestorDemo-3bb6adb4.js                         16.08 kB │ gzip:   3.78 kB
dist/assets/DeviceStatus-57675ee0.js                         16.09 kB │ gzip:   3.54 kB
dist/assets/VenueHumidorBrowser-e0a449f5.js                  16.67 kB │ gzip:   3.35 kB
dist/assets/DevDiagnostics-865eb840.js                       17.16 kB │ gzip:   3.22 kB
dist/assets/VenueHumidorAdminDashboard-3cf495c6.js           18.13 kB │ gzip:   2.59 kB
dist/assets/VenueOwnerDemo-dacc5669.js                       18.86 kB │ gzip:   4.43 kB
dist/assets/VenueHumidorRecommendations-f461cb77.js          19.09 kB │ gzip:   3.41 kB
dist/assets/VenueHumidorCigarDetail-7132fc07.js              19.65 kB │ gzip:   3.79 kB
dist/assets/FounderControl-642be92e.js                       21.82 kB │ gzip:   4.34 kB
dist/assets/PilotOnboarding-b2d466c4.js                      22.63 kB │ gzip:   3.98 kB
dist/assets/JudgeEntryReview-25571c2c.js                     23.23 kB │ gzip:   5.15 kB
dist/assets/PackagingStudioEditor-ff17c8cf.js                24.32 kB │ gzip:   4.75 kB
dist/assets/ResultsExperience-d13ff6f5.js                    24.47 kB │ gzip:   4.67 kB
dist/assets/FounderDemo-4b1598d3.js                          25.15 kB │ gzip:   5.66 kB
dist/assets/VenueHumidorOrderDetail-0a176f48.js              26.02 kB │ gzip:   4.47 kB
dist/assets/VenueManagementCommandHub-c385199b.js            29.74 kB │ gzip:   5.69 kB
dist/assets/BootConsole-23315391.js                          32.58 kB │ gzip:   6.79 kB
dist/assets/VenueHumidorAdminProductForm-5fc32ee8.js         35.92 kB │ gzip:   5.51 kB
dist/assets/EntryWorkspace-0dd7d23a.js                       37.95 kB │ gzip:   7.01 kB
dist/assets/ModuleDeploymentCenter-de623aae.js               38.13 kB │ gzip:   8.69 kB
dist/assets/VenueTestControl-0a6700e0.js                     55.37 kB │ gzip:   9.16 kB
dist/assets/Admin-b2f5a2ed.js                                97.90 kB │ gzip:  16.93 kB
dist/assets/index-3bc29456.js                             5,384.29 kB │ gzip: 923.48 kB

(!) Some chunks are larger than 500 kBs after minification. Consider:
- Using dynamic import() to code-split the application
- Use build.rollupOptions.output.manualChunks to improve chunking: https://rollupjs.org/configuration-options/#output-manualchunks
- Adjust chunk size limit for this warning via build.chunkSizeWarningLimit.
✓ built in 18.31s

> crafthub-360-production@1.0.0 prebuild
> node scripts/validateSmokecraftAssets.mjs && node scripts/generateBuildManifest.mjs && node scripts/generateSmokecraftGameManifest.mjs && node scripts/validateSmokecraftManifest.mjs && node scripts/validateSmokecraftShellAdoption.mjs && node scripts/validateSmokecraftControlCoverage.mjs && node scripts/validateSmokecraftResponsive.mjs && node scripts/validateSmokecraftPlayerStateIntegrity.mjs && node scripts/validateSmokecraftAccountIntegrity.mjs && node scripts/validateSmokecraftGameplayIntegrity.mjs && node scripts/validateSmokecraftGameplayAuthority.mjs && node scripts/validateSmokecraftAlertPointerSafety.mjs && node scripts/validateSmokecraftTastingAuthority.mjs && node scripts/validateSmokecraftCultivatorAuthority.mjs && node scripts/validateSmokecraftCollectionsAuthority.mjs && node scripts/validateSmokecraftSkillTreeAuthority.mjs && node scripts/validateSmokecraftLeaderboardAuthority.mjs && node scripts/validateSmokecraftPairingEngineAuthority.mjs && node scripts/validateSmokecraftMentorGuidanceAuthority.mjs


SmokeCraft asset validation: 83/83 registered assets verified on disk with correct case.
All registered SmokeCraft assets verified. Build may proceed.
build-manifest.json generated — commit 6e08614, 27/28 critical assets ok.
Wrote docs/smokecraft/SMOKECRAFT_GAME_MANIFEST.json
Total routes: 130 (entry: 4, curriculum: 21, supporting: 105)
Classification counts: {
  'full-live-react': 104,
  'clean-image-shell': 7,
  'alias-redirect': 14,
  'instructional-image': 4,
  unclassified: 1
}

=== SmokeCraft game-manifest / navigation / shell validation (Holistic Fix 1) ===

  PASS  Route inventory regenerates without error
  PASS  SMOKECRAFT_GAME_MANIFEST.json exists
  PASS  Manifest totalRoutes matches live /smokecraft route count (no route missing from the manifest)
  PASS  No duplicate screenId in the manifest
  PASS  Every manifest entry has a route string
  PASS  Every screen classified as live/clean-shell cites real audit evidence (auditedIn is not empty/unclassified)
  PASS  Exactly 27 sessions in the spine
  PASS  TOTAL_SESSIONS constant equals 27
  PASS  Exactly 6 phases
  PASS  TOTAL_VISITS constant equals 6
  PASS  Session numbers are exactly 1..27, no gap, no duplicate
  PASS  Every curriculum manifest entry has an assetStatus field
  PASS  No curriculum manifest entry silently references a non-existent SC_ASSETS key
  PASS  Every SmokeCraft-namespace navigation-registry destination resolves to a real, currently-registered route
  PASS  Locked phase groupings unchanged (Package J decision)
  FAIL  No route remains unclassified (1 unclassified)
  PASS  Every legacy <Navigate> alias resolves to a currently-registered route (14 aliases checked, 0 broken)
  PASS  Every <Navigate> alias target inside the SmokeCraft route tree is documented in the canonical alias table (manifest alias-redirect entries) (13 literal targets checked, 0 undocumented)
  PASS  venue-commerce / order / ticket-tapper/staff-specials remain a documented, enforced alias group (identical component)
  PASS  Manifest fullyMigratedScreens (82) — every claimed route (82) is backed by a real <SmokeCraftScreenShell> render (82 verified)
  PASS  Educational completeness audit doc still covers all 21 primary session slots (0 missing)

=== RESULT: FAIL — 1 failing check(s) ===


> crafthub-360-production@1.0.0 prebuild
> node scripts/validateSmokecraftAssets.mjs && node scripts/generateBuildManifest.mjs && node scripts/generateSmokecraftGameManifest.mjs && node scripts/validateSmokecraftManifest.mjs && node scripts/validateSmokecraftShellAdoption.mjs && node scripts/validateSmokecraftControlCoverage.mjs && node scripts/validateSmokecraftResponsive.mjs && node scripts/validateSmokecraftPlayerStateIntegrity.mjs && node scripts/validateSmokecraftAccountIntegrity.mjs && node scripts/validateSmokecraftGameplayIntegrity.mjs && node scripts/validateSmokecraftGameplayAuthority.mjs && node scripts/validateSmokecraftAlertPointerSafety.mjs && node scripts/validateSmokecraftTastingAuthority.mjs && node scripts/validateSmokecraftCultivatorAuthority.mjs && node scripts/validateSmokecraftCollectionsAuthority.mjs && node scripts/validateSmokecraftSkillTreeAuthority.mjs && node scripts/validateSmokecraftLeaderboardAuthority.mjs && node scripts/validateSmokecraftPairingEngineAuthority.mjs && node scripts/validateSmokecraftMentorGuidanceAuthority.mjs


SmokeCraft asset validation: 83/83 registered assets verified on disk with correct case.
All registered SmokeCraft assets verified. Build may proceed.
build-manifest.json generated — commit 08ab72e, 27/28 critical assets ok.
Wrote docs/smokecraft/SMOKECRAFT_GAME_MANIFEST.json
Total routes: 127 (entry: 4, curriculum: 21, supporting: 102)
Classification counts: {
  'full-live-react': 102,
  'clean-image-shell': 7,
  'alias-redirect': 14,
  'instructional-image': 4
}

=== SmokeCraft game-manifest / navigation / shell validation (Holistic Fix 1) ===

  PASS  Route inventory regenerates without error
  PASS  SMOKECRAFT_GAME_MANIFEST.json exists
  PASS  Manifest totalRoutes matches live /smokecraft route count (no route missing from the manifest)
  PASS  No duplicate screenId in the manifest
  PASS  Every manifest entry has a route string
  PASS  Every screen classified as live/clean-shell cites real audit evidence (auditedIn is not empty/unclassified)
  PASS  Exactly 27 sessions in the spine
  PASS  TOTAL_SESSIONS constant equals 27
  PASS  Exactly 6 phases
  PASS  TOTAL_VISITS constant equals 6
  PASS  Session numbers are exactly 1..27, no gap, no duplicate
  PASS  Every curriculum manifest entry has an assetStatus field
  PASS  No curriculum manifest entry silently references a non-existent SC_ASSETS key
  PASS  Every SmokeCraft-namespace navigation-registry destination resolves to a real, currently-registered route
  PASS  Locked phase groupings unchanged (Package J decision)
  PASS  No route remains unclassified (0 unclassified)
  PASS  Every legacy <Navigate> alias resolves to a currently-registered route (14 aliases checked, 0 broken)
  PASS  Every <Navigate> alias target inside the SmokeCraft route tree is documented in the canonical alias table (manifest alias-redirect entries) (13 literal targets checked, 0 undocumented)
  PASS  venue-commerce / order / ticket-tapper/staff-specials remain a documented, enforced alias group (identical component)
  PASS  Manifest fullyMigratedScreens (82) — every claimed route (82) is backed by a real <SmokeCraftScreenShell> render (82 verified)
  PASS  Educational completeness audit doc still covers all 21 primary session slots (0 missing)

=== RESULT: PASS — 0 failing check(s) ===


=== SmokeCraft shell/navigation-registry adoption lock (Holistic Fix 2A) ===

  PASS  Welcome: imports SmokeCraftScreenShell
  PASS  Welcome: actually renders <SmokeCraftScreenShell
  PASS  Welcome: does not import SmokeCraftImageBoundsOverlay directly (must go through the shell)
  PASS  Welcome: registered destination "/smokecraft/rewards-center" is not reintroduced as a bare local literal
  PASS  Welcome: registered destination "/smokecraft/passport" is not reintroduced as a bare local literal
  PASS  Welcome: registered destination "/smokecraft/leaderboard" is not reintroduced as a bare local literal
  PASS  Welcome: registered destination "/smokecraft/event-challenge" is not reintroduced as a bare local literal
  PASS  Welcome: registered destination "/smokecraft/collections" is not reintroduced as a bare local literal
  PASS  Welcome: registered destination "/smokecraft/mentor-selection" is not reintroduced as a bare local literal
  PASS  Welcome: registered destination "/smokecraft/knowledge-drop" is not reintroduced as a bare local literal
  PASS  Welcome: registered destination "/smokecraft/golden-box" is not reintroduced as a bare local literal
  PASS  Leaderboard: imports SmokeCraftScreenShell
  PASS  Leaderboard: actually renders <SmokeCraftScreenShell
  PASS  Leaderboard: does not import SmokeCraftImageBoundsOverlay directly (must go through the shell)
  PASS  Leaderboard: registered destination "/smokecraft/humidor-match" is not reintroduced as a bare local literal
  PASS  Leaderboard: registered destination "/smokecraft/challenge-hub" is not reintroduced as a bare local literal
  PASS  Leaderboard: registered destination "/smokecraft/event-challenge" is not reintroduced as a bare local literal
  PASS  Leaderboard: registered destination "/smokecraft/rewards-center" is not reintroduced as a bare local literal
  PASS  Leaderboard: registered destination "/smokecraft/passport" is not reintroduced as a bare local literal
  PASS  Passport: imports SmokeCraftScreenShell
  PASS  Passport: actually renders <SmokeCraftScreenShell
  PASS  Passport: does not import SmokeCraftImageBoundsOverlay directly (must go through the shell)
  PASS  Passport: registered destination "/passport/scan" is not reintroduced as a bare local literal
  PASS  Passport: registered destination "/passport/directory" is not reintroduced as a bare local literal
  PASS  Passport: registered destination "/passport/events" is not reintroduced as a bare local literal
  PASS  Passport: registered destination "/passport/benefits" is not reintroduced as a bare local literal
  PASS  Passport: registered destination "/passport/how-it-works" is not reintroduced as a bare local literal
  PASS  Venue Selection: imports SmokeCraftScreenShell
  PASS  Venue Selection: actually renders <SmokeCraftScreenShell
  PASS  Venue Selection: does not import SmokeCraftImageBoundsOverlay directly (must go through the shell)
  PASS  CraftHub: imports SmokeCraftScreenShell
  PASS  CraftHub: actually renders <SmokeCraftScreenShell
  PASS  CraftHub: does not import SmokeCraftImageBoundsOverlay directly (must go through the shell)
  PASS  Challenge Hub: imports SmokeCraftScreenShell
  PASS  Challenge Hub: actually renders <SmokeCraftScreenShell
  PASS  Challenge Hub: does not import SmokeCraftImageBoundsOverlay directly (must go through the shell)
  PASS  Rewards: imports SmokeCraftScreenShell
  PASS  Rewards: actually renders <SmokeCraftScreenShell
  PASS  Rewards: does not import SmokeCraftImageBoundsOverlay directly (must go through the shell)
  PASS  Rewards: registered destination "/smokecraft/challenge-hub" is not reintroduced as a bare local literal
  PASS  Rewards: registered destination "/smokecraft/collections" is not reintroduced as a bare local literal
  PASS  Golden Box Rules: imports SmokeCraftScreenShell
  PASS  Golden Box Rules: actually renders <SmokeCraftScreenShell
  PASS  Golden Box Rules: does not import SmokeCraftImageBoundsOverlay directly (must go through the shell)
  PASS  Golden Box Rules: registered destination "/smokecraft/mentor-selection" is not reintroduced as a bare local literal
  PASS  Golden Box Status: imports SmokeCraftScreenShell
  PASS  Golden Box Status: actually renders <SmokeCraftScreenShell
  PASS  Golden Box Status: does not import SmokeCraftImageBoundsOverlay directly (must go through the shell)
  PASS  Golden Box Hub: imports SmokeCraftScreenShell
  PASS  Golden Box Hub: actually renders <SmokeCraftScreenShell
  PASS  Golden Box Hub: does not import SmokeCraftImageBoundsOverlay directly (must go through the shell)
  PASS  Golden Box Competition Detail: imports SmokeCraftScreenShell
  PASS  Golden Box Competition Detail: actually renders <SmokeCraftScreenShell
  PASS  Golden Box Competition Detail: does not import SmokeCraftImageBoundsOverlay directly (must go through the shell)
  PASS  Golden Box Competition Detail: registered destination "/smokecraft/golden-box" is not reintroduced as a bare local literal
  PASS  Golden Box Entry Workspace: imports SmokeCraftScreenShell
  PASS  Golden Box Entry Workspace: actually renders <SmokeCraftScreenShell
  PASS  Golden Box Entry Workspace: does not import SmokeCraftImageBoundsOverlay directly (must go through the shell)
  PASS  Golden Box Results: imports SmokeCraftScreenShell
  PASS  Golden Box Results: actually renders <SmokeCraftScreenShell
  PASS  Golden Box Results: does not import SmokeCraftImageBoundsOverlay directly (must go through the shell)
  PASS  Golden Box Results: registered destination "/smokecraft/golden-box" is not reintroduced as a bare local literal
  PASS  Golden Box Results: registered destination "/smokecraft/leaderboard" is not reintroduced as a bare local literal
  PASS  Golden Box Judge Dashboard: imports SmokeCraftScreenShell
  PASS  Golden Box Judge Dashboard: actually renders <SmokeCraftScreenShell
  PASS  Golden Box Judge Dashboard: does not import SmokeCraftImageBoundsOverlay directly (must go through the shell)
  PASS  Golden Box Judge Entry Review: imports SmokeCraftScreenShell
  PASS  Golden Box Judge Entry Review: actually renders <SmokeCraftScreenShell
  PASS  Golden Box Judge Entry Review: does not import SmokeCraftImageBoundsOverlay directly (must go through the shell)
  PASS  Golden Box Mentor Review: imports SmokeCraftScreenShell
  PASS  Golden Box Mentor Review: actually renders <SmokeCraftScreenShell
  PASS  Golden Box Mentor Review: does not import SmokeCraftImageBoundsOverlay directly (must go through the shell)
  PASS  Packaging Studio Dashboard: imports SmokeCraftScreenShell
  PASS  Packaging Studio Dashboard: actually renders <SmokeCraftScreenShell
  PASS  Packaging Studio Dashboard: does not import SmokeCraftImageBoundsOverlay directly (must go through the shell)
  PASS  Packaging Studio Editor: imports SmokeCraftScreenShell
  PASS  Packaging Studio Editor: actually renders <SmokeCraftScreenShell
  PASS  Packaging Studio Editor: does not import SmokeCraftImageBoundsOverlay directly (must go through the shell)
  PASS  Packaging Studio Versions: imports SmokeCraftScreenShell
  PASS  Packaging Studio Versions: actually renders <SmokeCraftScreenShell
  PASS  Packaging Studio Versions: does not import SmokeCraftImageBoundsOverlay directly (must go through the shell)
  PASS  Packaging Studio Share: imports SmokeCraftScreenShell
  PASS  Packaging Studio Share: actually renders <SmokeCraftScreenShell
  PASS  Packaging Studio Share: does not import SmokeCraftImageBoundsOverlay directly (must go through the shell)
  PASS  Packaging Review (public share link): imports SmokeCraftScreenShell
  PASS  Packaging Review (public share link): actually renders <SmokeCraftScreenShell
  PASS  Packaging Review (public share link): does not import SmokeCraftImageBoundsOverlay directly (must go through the shell)
  PASS  Origins: imports SmokeCraftScreenShell
  PASS  Origins: actually renders <SmokeCraftScreenShell
  PASS  Origins: does not import SmokeCraftImageBoundsOverlay directly (must go through the shell)
  PASS  Curation: imports SmokeCraftScreenShell
  PASS  Curation: actually renders <SmokeCraftScreenShell
  PASS  Curation: does not import SmokeCraftImageBoundsOverlay directly (must go through the shell)
  PASS  Curation: registered destination "/grand-lounge-ranking" is not reintroduced as a bare local literal
  PASS  Leaves: imports SmokeCraftScreenShell
  PASS  Leaves: actually renders <SmokeCraftScreenShell
  PASS  Leaves: does not import SmokeCraftImageBoundsOverlay directly (must go through the shell)
  PASS  Leaves: registered destination "/grand-lounge-ranking" is not reintroduced as a bare local literal
  PASS  Leaves: registered destination "/passport" is not reintroduced as a bare local literal
  PASS  Leaf Challenge: imports SmokeCraftScreenShell
  PASS  Leaf Challenge: actually renders <SmokeCraftScreenShell
  PASS  Leaf Challenge: does not import SmokeCraftImageBoundsOverlay directly (must go through the shell)
  PASS  Leaf Challenge Calculating: imports SmokeCraftScreenShell
  PASS  Leaf Challenge Calculating: actually renders <SmokeCraftScreenShell
  PASS  Leaf Challenge Calculating: does not import SmokeCraftImageBoundsOverlay directly (must go through the shell)
  PASS  Leaf Challenge Result: imports SmokeCraftScreenShell
  PASS  Leaf Challenge Result: actually renders <SmokeCraftScreenShell
  PASS  Leaf Challenge Result: does not import SmokeCraftImageBoundsOverlay directly (must go through the shell)
  PASS  Leaf Challenge Result: registered destination "/passport" is not reintroduced as a bare local literal
  PASS  Cultivation: imports SmokeCraftScreenShell
  PASS  Cultivation: actually renders <SmokeCraftScreenShell
  PASS  Cultivation: does not import SmokeCraftImageBoundsOverlay directly (must go through the shell)
  PASS  Blend: imports SmokeCraftScreenShell
  PASS  Blend: actually renders <SmokeCraftScreenShell
  PASS  Blend: does not import SmokeCraftImageBoundsOverlay directly (must go through the shell)
  PASS  Flavor DNA: imports SmokeCraftScreenShell
  PASS  Flavor DNA: actually renders <SmokeCraftScreenShell
  PASS  Flavor DNA: does not import SmokeCraftImageBoundsOverlay directly (must go through the shell)
  PASS  Pairing: imports SmokeCraftScreenShell
  PASS  Pairing: actually renders <SmokeCraftScreenShell
  PASS  Pairing: does not import SmokeCraftImageBoundsOverlay directly (must go through the shell)
  PASS  Available: imports SmokeCraftScreenShell
  PASS  Available: actually renders <SmokeCraftScreenShell
  PASS  Available: does not import SmokeCraftImageBoundsOverlay directly (must go through the shell)
  PASS  Assistant: imports SmokeCraftScreenShell
  PASS  Assistant: actually renders <SmokeCraftScreenShell
  PASS  Assistant: does not import SmokeCraftImageBoundsOverlay directly (must go through the shell)
  PASS  Pairing Mastery: imports SmokeCraftScreenShell
  PASS  Pairing Mastery: actually renders <SmokeCraftScreenShell
  PASS  Pairing Mastery: does not import SmokeCraftImageBoundsOverlay directly (must go through the shell)
  PASS  Vitola: imports SmokeCraftScreenShell
  PASS  Vitola: actually renders <SmokeCraftScreenShell
  PASS  Vitola: does not import SmokeCraftImageBoundsOverlay directly (must go through the shell)
  PASS  Landing: imports SmokeCraftScreenShell
  PASS  Landing: actually renders <SmokeCraftScreenShell
  PASS  Landing: does not import SmokeCraftImageBoundsOverlay directly (must go through the shell)
  PASS  Seed & Soil: imports SmokeCraftScreenShell
  PASS  Seed & Soil: actually renders <SmokeCraftScreenShell
  PASS  Seed & Soil: does not import SmokeCraftImageBoundsOverlay directly (must go through the shell)
  PASS  Request Purchase: imports SmokeCraftScreenShell
  PASS  Request Purchase: actually renders <SmokeCraftScreenShell
  PASS  Request Purchase: does not import SmokeCraftImageBoundsOverlay directly (must go through the shell)
  PASS  Management Sync: imports SmokeCraftScreenShell
  PASS  Management Sync: actually renders <SmokeCraftScreenShell
  PASS  Management Sync: does not import SmokeCraftImageBoundsOverlay directly (must go through the shell)
  PASS  Resume Journey: imports SmokeCraftScreenShell
  PASS  Resume Journey: actually renders <SmokeCraftScreenShell
  PASS  Resume Journey: does not import SmokeCraftImageBoundsOverlay directly (must go through the shell)
  PASS  Rewards Center: imports SmokeCraftScreenShell
  PASS  Rewards Center: actually renders <SmokeCraftScreenShell
  PASS  Rewards Center: does not import SmokeCraftImageBoundsOverlay directly (must go through the shell)
  PASS  How It Works: imports SmokeCraftScreenShell
  PASS  How It Works: actually renders <SmokeCraftScreenShell
  PASS  How It Works: does not import SmokeCraftImageBoundsOverlay directly (must go through the shell)
  PASS  Guest Pass: imports SmokeCraftScreenShell
  PASS  Guest Pass: actually renders <SmokeCraftScreenShell
  PASS  Guest Pass: does not import SmokeCraftImageBoundsOverlay directly (must go through the shell)
  PASS  Scan: imports SmokeCraftScreenShell
  PASS  Scan: actually renders <SmokeCraftScreenShell
  PASS  Scan: does not import SmokeCraftImageBoundsOverlay directly (must go through the shell)
  PASS  Enroll: imports SmokeCraftScreenShell
  PASS  Enroll: actually renders <SmokeCraftScreenShell
  PASS  Enroll: does not import SmokeCraftImageBoundsOverlay directly (must go through the shell)
  PASS  Identity: imports SmokeCraftScreenShell
  PASS  Identity: actually renders <SmokeCraftScreenShell
  PASS  Identity: does not import SmokeCraftImageBoundsOverlay directly (must go through the shell)
  PASS  Art: imports SmokeCraftScreenShell
  PASS  Art: actually renders <SmokeCraftScreenShell
  PASS  Art: does not import SmokeCraftImageBoundsOverlay directly (must go through the shell)
  PASS  Cigar Gauge Guide: imports SmokeCraftScreenShell
  PASS  Cigar Gauge Guide: actually renders <SmokeCraftScreenShell
  PASS  Cigar Gauge Guide: does not import SmokeCraftImageBoundsOverlay directly (must go through the shell)
  PASS  Knowledge Check Demo: imports SmokeCraftScreenShell
  PASS  Knowledge Check Demo: actually renders <SmokeCraftScreenShell
  PASS  Knowledge Check Demo: does not import SmokeCraftImageBoundsOverlay directly (must go through the shell)
  PASS  Skill Tree: imports SmokeCraftScreenShell
  PASS  Skill Tree: actually renders <SmokeCraftScreenShell
  PASS  Skill Tree: does not import SmokeCraftImageBoundsOverlay directly (must go through the shell)
  PASS  Collections Center: imports SmokeCraftScreenShell
  PASS  Collections Center: actually renders <SmokeCraftScreenShell
  PASS  Collections Center: does not import SmokeCraftImageBoundsOverlay directly (must go through the shell)
  PASS  Demo: imports SmokeCraftScreenShell
  PASS  Demo: actually renders <SmokeCraftScreenShell
  PASS  Demo: does not import SmokeCraftImageBoundsOverlay directly (must go through the shell)
  PASS  Demo Reset: imports SmokeCraftScreenShell
  PASS  Demo Reset: actually renders <SmokeCraftScreenShell
  PASS  Demo Reset: does not import SmokeCraftImageBoundsOverlay directly (must go through the shell)
  PASS  Visit Complete: imports SmokeCraftScreenShell
  PASS  Visit Complete: actually renders <SmokeCraftScreenShell
  PASS  Visit Complete: does not import SmokeCraftImageBoundsOverlay directly (must go through the shell)
  PASS  Filler Arrangement: imports SmokeCraftScreenShell
  PASS  Filler Arrangement: actually renders <SmokeCraftScreenShell
  PASS  Filler Arrangement: does not import SmokeCraftImageBoundsOverlay directly (must go through the shell)
  PASS  SmokeCraft Curriculum Screen Renderer (all 21 session slots): imports SmokeCraftScreenShell
  PASS  SmokeCraft Curriculum Screen Renderer (all 21 session slots): actually renders <SmokeCraftScreenShell
  PASS  SmokeCraft Curriculum Screen Renderer (all 21 session slots): does not import SmokeCraftImageBoundsOverlay directly (must go through the shell)
  PASS  Wrapper Strength (Leaf to Cigar construction module): imports SmokeCraftScreenShell
  PASS  Wrapper Strength (Leaf to Cigar construction module): actually renders <SmokeCraftScreenShell
  PASS  Wrapper Strength (Leaf to Cigar construction module): does not import SmokeCraftImageBoundsOverlay directly (must go through the shell)
  PASS  Commerce Menu: imports SmokeCraftScreenShell
  PASS  Commerce Menu: actually renders <SmokeCraftScreenShell
  PASS  Commerce Menu: does not import SmokeCraftImageBoundsOverlay directly (must go through the shell)
  PASS  Commerce Cart: imports SmokeCraftScreenShell
  PASS  Commerce Cart: actually renders <SmokeCraftScreenShell
  PASS  Commerce Cart: does not import SmokeCraftImageBoundsOverlay directly (must go through the shell)
  PASS  Commerce Checkout: imports SmokeCraftScreenShell
  PASS  Commerce Checkout: actually renders <SmokeCraftScreenShell
  PASS  Commerce Checkout: does not import SmokeCraftImageBoundsOverlay directly (must go through the shell)
  PASS  Commerce Payment Success: imports SmokeCraftScreenShell
  PASS  Commerce Payment Success: actually renders <SmokeCraftScreenShell
  PASS  Commerce Payment Success: does not import SmokeCraftImageBoundsOverlay directly (must go through the shell)
  PASS  Commerce Order Status: imports SmokeCraftScreenShell
  PASS  Commerce Order Status: actually renders <SmokeCraftScreenShell
  PASS  Commerce Order Status: does not import SmokeCraftImageBoundsOverlay directly (must go through the shell)
  PASS  src/pages/smokecraft/WelcomeExperience.jsx: still references its locked approved asset (SC_ASSETS.session1)
  PASS  src/pages/smokecraft/Leaderboard.jsx: still references its locked approved asset (SC_ASSETS.leaderboard)
  PASS  src/pages/smokecraft/SmokeCraftPassport.jsx: still references its locked approved asset (SC_ASSETS.passportHub)
  PASS  src/pages/smokecraft/SmokeCraftCraftHub.jsx: still references its locked approved asset (SC_ASSETS.craftHubVenueTable)
  PASS  src/pages/smokecraft/Rewards.jsx: still references its locked approved asset (SC_ASSETS.rewards)
  PASS  src/pages/smokecraft/GoldenBox.jsx: still references its locked approved asset (SC_ASSETS.goldenBox)
  PASS  No collision among the 5 distinct pairing-family routes (pairing/pairing-lab/pairing-recommendations/humidor-match/pairing-mastery)
  PASS  smokecraftNavigationRegistry keeps PAIRING and PAIRING_STANDALONE as distinct, non-collapsed values
  PASS  Curriculum component registry still registers all 21 session slots (session-1..session-27 with merges)
  PASS  No curriculum session component is rendered directly from App.jsx (all must route through SmokeCraftScreenRenderer)
  PASS  session-21's required interactive region ('section-review') is still registered in the interaction manifest
  PASS  src/pages/smokecraft/HumidorMatch.jsx: still renders SmokeCraftLessonInfoButton (Session 2 lesson title/Golden Box/Why It Matters)
  PASS  smokecraftEducationalEnrichment.js: session 2 entry still has both whyItMatters and goldenBox
  PASS  src/pages/smokecraft/Format.jsx: still renders SmokeCraftLessonInfoButton (Session 5 lesson title/Golden Box/Why It Matters)
  PASS  smokecraftEducationalEnrichment.js: session 5 entry still has both whyItMatters and goldenBox
  PASS  src/pages/smokecraft/CutToastLight.jsx: still renders SmokeCraftLessonInfoButton (Session 6 lesson title/Golden Box/Why It Matters)
  PASS  smokecraftEducationalEnrichment.js: session 6 entry still has both whyItMatters and goldenBox
  PASS  src/pages/smokecraft/FirstThird.jsx: still renders SmokeCraftLessonInfoButton (Session 8 lesson title/Golden Box/Why It Matters)
  PASS  smokecraftEducationalEnrichment.js: session 8 entry still has both whyItMatters and goldenBox
  PASS  src/pages/smokecraft/FlavorMemory.jsx: still renders SmokeCraftLessonInfoButton (Session 10 lesson title/Golden Box/Why It Matters)
  PASS  smokecraftEducationalEnrichment.js: session 10 entry still has both whyItMatters and goldenBox
  PASS  src/pages/smokecraft/PairingLab.jsx: still renders SmokeCraftLessonInfoButton (Session 11 lesson title/Golden Box/Why It Matters)
  PASS  smokecraftEducationalEnrichment.js: session 11 entry still has both whyItMatters and goldenBox
  PASS  src/pages/smokecraft/SecondThird.jsx: still renders SmokeCraftLessonInfoButton (Session 12 lesson title/Golden Box/Why It Matters)
  PASS  smokecraftEducationalEnrichment.js: session 12 entry still has both whyItMatters and goldenBox
  PASS  src/pages/smokecraft/FinalThird.jsx: still renders SmokeCraftLessonInfoButton (Session 16 lesson title/Golden Box/Why It Matters)
  PASS  smokecraftEducationalEnrichment.js: session 16 entry still has both whyItMatters and goldenBox
  PASS  src/pages/smokecraft/Scorecard.jsx: still renders SmokeCraftLessonInfoButton (Session 19 lesson title/Golden Box/Why It Matters)
  PASS  smokecraftEducationalEnrichment.js: session 19 entry still has both whyItMatters and goldenBox
  PASS  src/pages/smokecraft/PassportStamp.jsx: still renders SmokeCraftLessonInfoButton (Session 23 lesson title/Golden Box/Why It Matters)
  PASS  smokecraftEducationalEnrichment.js: session 23 entry still has both whyItMatters and goldenBox
  PASS  src/pages/smokecraft/FinalReview.jsx: still renders SmokeCraftLessonInfoButton (Session 24 lesson title/Golden Box/Why It Matters)
  PASS  smokecraftEducationalEnrichment.js: session 24 entry still has both whyItMatters and goldenBox
  PASS  src/pages/smokecraft/MeetYourCigar.jsx: still renders SmokeCraftLessonInfoButton (Session 3 lesson title/Golden Box/Why It Matters)
  PASS  smokecraftEducationalEnrichment.js: session 3 entry still has both whyItMatters and goldenBox
  PASS  src/pages/smokecraft/Terroir.jsx: still renders SmokeCraftLessonInfoButton (Session 4 lesson title/Golden Box/Why It Matters)
  PASS  smokecraftEducationalEnrichment.js: session 4 entry still has both whyItMatters and goldenBox
  PASS  src/pages/smokecraft/LightingTutorial.jsx: still renders SmokeCraftLessonInfoButton (Session 7 lesson title/Golden Box/Why It Matters)
  PASS  smokecraftEducationalEnrichment.js: session 7 entry still has both whyItMatters and goldenBox
  PASS  src/pages/smokecraft/MentorCommentary.jsx: still renders SmokeCraftLessonInfoButton (Session 14 lesson title/Golden Box/Why It Matters)
  PASS  smokecraftEducationalEnrichment.js: session 14 entry still has both whyItMatters and goldenBox
  PASS  src/pages/smokecraft/KnowledgeDrop.jsx: still renders SmokeCraftLessonInfoButton (Session 15 lesson title/Golden Box/Why It Matters)
  PASS  smokecraftEducationalEnrichment.js: session 15 entry still has both whyItMatters and goldenBox
  PASS  src/pages/smokecraft/AISummary.jsx: still renders SmokeCraftLessonInfoButton (Session 21 lesson title/Golden Box/Why It Matters)
  PASS  smokecraftEducationalEnrichment.js: session 21 entry still has both whyItMatters and goldenBox
  PASS  src/pages/smokecraft/PairingRecommendations.jsx: still renders SmokeCraftLessonInfoButton (Session 22 lesson title/Golden Box/Why It Matters)
  PASS  smokecraftEducationalEnrichment.js: session 22 entry still has both whyItMatters and goldenBox
  PASS  SmokeCraftLessonInfoButton: button uses position:'fixed' (not 'absolute', which clips inside SmokeCraftImageBoundsOverlay)
  PASS  src/pages/smokecraft/HumidorMatch.jsx: still has the "if (done) return" duplicate-fire guard on its Continue handler
  PASS  src/pages/smokecraft/FirstThird.jsx: still has the "if (done) return" duplicate-fire guard on its Continue handler

=== RESULT: PASS — 0 failing check(s) ===

── SmokeCraft control-coverage validator (Holistic Fix 2E-11)

  OK    raw discovery total (276) equals inventory total (276)
  OK    map doc declares "Total controls: 276. Total mapped: 276. Unmapped: 0."
  OK    every control in the inventory has a non-empty group assignment
  OK    group "navigation": inventory count (55) matches byGroupCounts (55)
  OK    group "navigation": map doc summary table shows count 55
  OK    group "selection-toggle": inventory count (94) matches byGroupCounts (94)
  OK    group "selection-toggle": map doc summary table shows count 94
  OK    group "rating-toggle": inventory count (67) matches byGroupCounts (67)
  OK    group "rating-toggle": map doc summary table shows count 67
  OK    group "tab-disclosure": inventory count (23) matches byGroupCounts (23)
  OK    group "tab-disclosure": map doc summary table shows count 23
  OK    group "tasting-input": inventory count (12) matches byGroupCounts (12)
  OK    group "tasting-input": map doc summary table shows count 12
  OK    group "completion": inventory count (23) matches byGroupCounts (23)
  OK    group "completion": map doc summary table shows count 23
  OK    group "honest-disabled": inventory count (2) matches byGroupCounts (2)
  OK    group "honest-disabled": map doc summary table shows count 2
  OK    sum of all group counts (276) equals total controls (276)
  OK    group "navigation" has a browser-test reference
  OK    group "navigation"'s referenced test script exists on disk (verify-smokecraft-hf2e5-curriculum-forward-backward.mjs)
  OK    group "selection-toggle" has a browser-test reference
  OK    group "selection-toggle"'s referenced test script exists on disk (verify-smokecraft-hf2e10-control-state-persistence.mjs)
  OK    group "rating-toggle" has a browser-test reference
  OK    group "rating-toggle"'s referenced test script exists on disk (verify-smokecraft-hf2e10-control-state-persistence.mjs)
  OK    group "tab-disclosure" has a browser-test reference
  OK    group "tab-disclosure"'s referenced test script exists on disk (verify-smokecraft-hf2e10-control-state-persistence.mjs)
  OK    group "tasting-input" has a browser-test reference
  OK    group "tasting-input"'s referenced test script exists on disk (verify-smokecraft-hf2e10-control-state-persistence.mjs)
  OK    group "completion" has a browser-test reference
  OK    group "completion"'s referenced test script exists on disk (verify-smokecraft-hf2e10-control-state-persistence.mjs)
  OK    group "honest-disabled" has a browser-test reference
  OK    group "honest-disabled"'s referenced test script exists on disk (verify-smokecraft-hf2e10-control-state-persistence.mjs)
  OK    navigation-required group "navigation" has a destination-assertion reference
  OK    persistence-required group "rating-toggle" has a reload-test reference
  OK    navigation-required group "completion" has a destination-assertion reference
  OK    duplicate-risk group "completion" has a rapid-double-action test reference
  OK    disabled-state-expected group "honest-disabled" has an honest-state assertion reference
  OK    session 1 has at least one mapped control
  OK    session 2 has at least one mapped control
  OK    session 3 has at least one mapped control
  OK    session 4 has at least one mapped control
  OK    session 5 has at least one mapped control
  OK    session 6 has at least one mapped control
  OK    session 7 has at least one mapped control
  OK    session 8 has at least one mapped control
  OK    session 10 has at least one mapped control
  OK    session 11 has at least one mapped control
  OK    session 12 has at least one mapped control
  OK    session 14 has at least one mapped control
  OK    session 15 has at least one mapped control
  OK    session 16 has at least one mapped control
  OK    session 19 has at least one mapped control
  OK    session 21 has at least one mapped control
  OK    session 22 has at least one mapped control
  OK    session 23 has at least one mapped control
  OK    session 24 has at least one mapped control
  OK    session 25 has at least one mapped control
  OK    session 26 has at least one mapped control
  OK    session 27 has at least one mapped control
  OK    all 22 primary sessions are represented in the inventory
  OK    deep control-behavior proof file exists
  OK    deep control-behavior proof reports 0 failures
  OK    deep control-behavior proof covers the 6 non-navigation implementation groups
  OK    navigation group's forward/backward test script exists on disk

=== RESULT: PASS (0 checks failed) ===
── SmokeCraft responsive-regression validator (Holistic Fix 3)

  OK    inventory covers all live routes (127)
  OK    no route has a navigation timeout/crash at any viewport
  OK    no route has horizontal overflow at any of the 5 viewports
  OK    no route blocks vertical scrolling when content exceeds the viewport
  OK    no route has a real control obscured behind the fixed bottom nav
  OK    no hero/backdrop image is stretched or distorted (object-fit:fill with a mismatched box)

=== RESULT: PASS (0 checks failed) ===
── SmokeCraft player-state integrity validator (Holistic Fix 4)

  OK    docs/smokecraft/SMOKECRAFT_STATE_OWNERSHIP_MAP.md exists
  OK    migration 092 (canonical player state) exists
  OK    migration 092 has a rollback script
  OK    migration 093 (idempotency-key guest-scope fix) exists
  OK    rollback file does NOT live inside server/db/migrations (would be picked up and auto-run as a forward migration)
  OK    smokecraft_session_completions has a UNIQUE constraint on (guest_reference, session_id)
  OK    smokecraft_awards has a UNIQUE index on (guest_reference, award_type, award_key)
  OK    migration 093 drops the global UNIQUE constraint on smokecraft_session_completions.idempotency_key
  OK    migration 093 adds a guest-scoped UNIQUE index instead
  OK    migration 093 does the same fix for smokecraft_awards
  OK    controller derives guestReference only from req.smokecraftIdentity, never req.body
  OK    XP amount for session completion comes from the server-owned reward table, not the request body
  OK    XP award endpoint validates the award key against a server-known table (getNamedXpAmount), never trusts a client amount directly
  OK    every mutation requires a client-supplied idempotencyKey (validated, not optional)
  OK    completeSession uses BEGIN/COMMIT/ROLLBACK (real transaction, not fire-and-forget writes)
  OK    every mutation path records an audit row (applied or duplicate_replay)
  OK    client.release() is called (no connection leak) via a finally block
  OK    player-state routes require requireSmokeCraftIdentity (server-verified cookie) on every state-touching route
  OK    player-state routes are rate-limited
  OK    mutation routes reuse ensureSmokeCraftGuestIdentity (the existing, proven JWT-cookie identity system) rather than inventing a new one
  OK    smokecraftPlayerStateRoutes is imported in server/index.js
  OK    smokecraftPlayerStateRoutes is mounted at '/api/smokecraft/player-state'
  OK    awardSessionRewards calls the new server-authoritative completeSessionOnServer
  OK    awardStamp calls the new server-authoritative awardPassportStampOnServer
  OK    client adapter returns { ok: false } on network failure, never a fabricated success
  OK    client adapter checks data.success === true before treating a response as ok (no fake-success on a malformed 200)

=== RESULT: PASS (0 checks failed) ===
── SmokeCraft account-integrity validator (Holistic Fix 4B)

  OK    docs/smokecraft/SMOKECRAFT_GUEST_ACCOUNT_MERGE_POLICY.md exists
  OK    migration 094 exists
  OK    migration 094 has a rollback script
  OK    rollback file does not live inside server/db/migrations
  OK    smokecraft_guest_conversions has UNIQUE(guest_reference) — a guest can convert at most once, ever
  OK    smokecraft_player_state gains journey_version for optimistic concurrency
  OK    convertGuestToAccount recomputes XP from merged rows (SUM), never adds guest.xp + account.xp directly
  OK    convertGuestToAccount checks smokecraft_guest_conversions for an existing row before converting (idempotent)
  OK    saveJourneySnapshot rejects a stale expectedVersion with a conflict result rather than silently overwriting
  OK    handleConvertGuest requires req.user.role === passport_member (a real authenticated account)
  OK    handleConvertGuest requires req.smokecraftGuestCookieIdentity (server-verified cookie), never a client-supplied guest id
  OK    handleSaveJourneySnapshot requires a numeric expectedVersion from the client (optimistic-concurrency contract)
  OK    accountService reuses authService.hashPin/verifyPin (bcrypt) rather than inventing new hashing
  OK    accountService reuses authService.createJwtForUser/createAuthSession (existing session infra)
  OK    accountService reuses the existing lockout pattern (lockUserIfNeeded) rather than inventing new lockout logic
  OK    no raw/plaintext password or PIN is ever logged or returned outside the dev-only response path
  OK    devDeliveryPin (dev-only PIN exposure) is gated on NODE_ENV, never unconditional
  OK    src/pages/smokecraft/Account.jsx contains no JWT_SECRET / hardcoded credential / bcrypt hash literal
  OK    src/services/smokecraft/stateAdapter.js contains no JWT_SECRET / hardcoded credential / bcrypt hash literal
  OK    src/services/smokecraft/playerStateApiClient.js contains no JWT_SECRET / hardcoded credential / bcrypt hash literal
  OK    SmokeCraftJourneyContext imports and uses the shared stateAdapter (not bypassing it)
  OK    smokecraftAccountRoutes is mounted
  OK    convert-guest route is mounted
  OK    journey-snapshot GET/PUT routes are mounted

=== RESULT: PASS (0 checks failed) ===
── SmokeCraft gameplay-integrity validator (Holistic Fix 5A)

  OK    docs/smokecraft/SMOKECRAFT_GAMEPLAY_ENGINE_MAP.md exists
  OK    migration 095 exists
  OK    migration 095 has a rollback script
  OK    rollback file does not live inside server/db/migrations
  OK    smokecraft_rank_history has UNIQUE(guest_reference, rank_label) — idempotent promotion
  OK    smokecraft_gameplay_rules has UNIQUE(rule_key, version) — versioned, not overwritable
  OK    grantSessionBadgesInTx runs inside completeSession's transaction (client never separately claims a session-tied badge)
  OK    grantSessionPassportStampInTx runs inside the same transaction
  OK    badge/stamp grants use ON CONFLICT DO NOTHING against the real UNIQUE index (duplicate-protected, not app-level only)
  OK    rank is recomputed server-side from xp_total, never trusted from the client
  OK    no automatic demotion — recomputeRankInTx only ever changes rank when the newly computed rank differs (promotion), never compares for a lower value to force a downgrade
  OK    badge criteria are read from SESSION_REWARDS (existing single source of truth), not duplicated
  OK    rank ladder is read from SC_RANKS (existing, already-approved, already-aligned constant) — not a newly invented ladder
  OK    leaderboard query selects from smokecraft_player_state (real data)
  OK    leaderboard query has no hardcoded/mock guest names or scores
  OK    client leaderboard service fetches the real API, never returns a hardcoded communityEntries array
  OK    leaderboard preference endpoint validates displayName/eligible types, never trusts arbitrary client fields for scoring
  OK    no controller path accepts a client-supplied XP/score/badge/rank amount for the completion or award endpoints (still true from Holistic Fix 4)
  OK    Mentor.jsx has exactly one setSelectedMentor call site, reactive to journey.mentor (not an independent write)
  OK    leaderboard read route is mounted
  OK    leaderboard preference route requires identity (not anonymous-writable)

=== RESULT: PASS (0 checks failed) ===

── SmokeCraft gameplay-reward-authority validator (Holistic Fix 5A-2)

  OK    src/pages/smokecraft/Art.jsx: every addXP() call passes a named server-known source (no bare client-only XP grant)
  OK    src/pages/smokecraft/Available.jsx: every addXP() call passes a named server-known source (no bare client-only XP grant)
  OK    src/pages/smokecraft/Cultivation.jsx: every addXP() call passes a named server-known source (no bare client-only XP grant)
  OK    src/pages/smokecraft/Leaves.jsx: every addXP() call passes a named server-known source (no bare client-only XP grant)
  OK    KnowledgeCheck.jsx no longer calls addXP() directly (server-verified quiz submit only)
  OK    KnowledgeCheck.jsx submits raw responses via submitKnowledgeCheck, not a client score
  OK    LeafChallenge.jsx no longer calls addXP()/addBadge()/awardStamp() directly for the final-round reward (server-verified submit only)
  OK    LeafChallenge.jsx submits raw answers via submitLeafChallenge, not a client score
  OK    LeafChallenge.jsx sources its answer key from the shared, server-dual-imported data module (not an inline duplicate)
  OK    Blend.jsx no longer calls addXP()/awardStamp() directly (server-verified blend-selection submit only, Holistic Fix 5A-3)
  OK    Blend.jsx submits its raw wrapper/binder/filler selection via submitBlendSelection, not a client claim
  OK    submitBlendSelection validates a complete, well-formed selection server-side (wrapper/binder/exactly-3-fillers), never trusting a bare completion claim
  OK    submitKnowledgeCheck scores server-side against the real question data (scoreQuestionSet), not a client-submitted score
  OK    submitLeafChallenge scores server-side against the real answer key (scoreLeafChallenge), not a client-submitted score
  OK    correctReward requires both a reason and an authorizedBy identity (never a silent/anonymous correction)
  OK    correctReward never deletes/updates the original award/attempt row — only inserts a new correction row
  OK    The /corrections route is gated by requireStaff (never reachable by a plain learner identity)
  OK    Quiz and Leaf Challenge submit routes require a verified SmokeCraft identity
  OK    NAMED_XP_SOURCES is populated (not the empty placeholder from Holistic Fix 4) — named XP is now real, not dead code
  OK    Migration 096 (activity ledger + corrections) exists
  OK    Migration 096 has a rollback script outside server/db/migrations
  OK    smokecraft_activity_attempts has UNIQUE(guest_reference, activity_type, activity_key) — one scored attempt per activity ever
  OK    smokecraft_reward_corrections is append-only structured (has a reason and authorized_by column)
  OK    Seed script for the versioned rule registry exists
  OK    Rule seed script sources values from existing constants (SESSION_REWARDS/SC_RANKS/question sets), never invents new numbers
  OK    Rule seed script uses ON CONFLICT DO NOTHING on (rule_key, version) — a rule row is immutable once written

=== RESULT: PASS (0 checks failed) ===


── SmokeCraft alert pointer-safety validator (Holistic Fix 5A-3B, SC-D027)

  OK    BuildDiagnosticFooter.jsx exists and is readable
  OK    The mismatch banner still has role="alert" (screen-reader semantics intact)
  OK    The mismatch-banner JSX block is present and parseable
  OK    The banner's outer wrapper is pointer-transparent (pointerEvents: 'none') — SC-D027 fix, empty regions never block controls underneath
  OK    The Refresh button explicitly opts back into pointer events (pointerEvents: 'auto') — remains clickable
  OK    The Refresh button still has a real onClick handler (interactive action not accidentally disabled)
  OK    The banner is still full-viewport-width at top:0 (visual/position unchanged — no redesign)

=== RESULT: PASS (0 checks failed) ===


── SmokeCraft tasting-authority validator (Holistic Fix 5A-3D)

  OK    MiniTasting.jsx no longer calls addXP() directly (server-verified completion only)
  OK    MiniTasting.jsx uses the shared server adapter for draft load/save (loadTastingDraft/saveTastingDraft)
  OK    MiniTasting.jsx submits completion via the shared adapter (completeTasting), not a local claim
  OK    Completion is gated on a real selection (primaryDisabled tied to !selectedId)
  OK    submitTastingCompletion validates selectedCigarId against the server's own flight inventory (validIds), never trusting the client id blindly
  OK    submitTastingCompletion is idempotent via the existing smokecraft_activity_attempts UNIQUE constraint (activity_type='tasting')
  OK    saveTastingDraft never grants XP or completion (draft save is reward-free — search confirms no xp_total UPDATE inside saveTastingDraft)
  OK    saveTastingDraft enforces optimistic concurrency (expectedVersion check before write)
  OK    Tasting draft/completion routes all require a verified SmokeCraft identity
  OK    handleSaveTastingDraft requires an explicit expectedVersion (no default that would silently skip stale-write protection)
  OK    Draft/completion controllers never log or forward request bodies to a public audit/console path beyond the DB row itself (no console.log of req.body in these handlers)
  OK    Migration 097 (tasting drafts) exists
  OK    Migration 097 has a rollback script outside server/db/migrations
  OK    smokecraft_tasting_drafts has UNIQUE(guest_reference, activity_key) — one draft row per guest per activity
  OK    smokecraft_tasting_drafts has a version column for optimistic concurrency

=== RESULT: PASS (0 checks failed) ===


── SmokeCraft cultivator-authority validator (Holistic Fix 5A-3E)

  OK    Cultivation.jsx no longer calls addXP()/awardStamp() directly inside handleSave (server-verified submit only)
  OK    Cultivation.jsx submits evidence via the shared adapter (submitCultivatorEvidence)
  OK    Save is gated on all required stages being viewed (allStagesViewed used in the disabled condition)
  OK    Cultivation.jsx sources the required-stage list from the shared, server-dual-imported data module
  OK    submitCultivatorEvidence verifies the submitted evidence covers every real required stage (CULTIVATION_STAGE_IDS.every), never trusting a bare completion claim
  OK    submitCultivatorEvidence is idempotent via the existing smokecraft_activity_attempts UNIQUE constraint (activity_key='cultivator')
  OK    The cultivator Passport stamp insert uses ON CONFLICT DO NOTHING (duplicate-protected)
  OK    The cultivator submit route requires a verified SmokeCraft identity
  OK    handleSubmitCultivator requires a real idempotency key (requireIdempotencyKey)
  OK    handleSubmitCultivator requires viewedStageIds as a real array (rejects malformed input)
  OK    Shared cultivation-stage-id data module exists (dual-imported by client and server)
  OK    The shared stage-id list has no browser-only imports (safe to import server-side)
  OK    The shared stage-id list has exactly 7 real stage ids

=== RESULT: PASS (0 checks failed) ===


── SmokeCraft Collections-authority validator (Holistic Fix 5A-3F)

  OK    The Collections client only exposes read (getCollections/getItem) and server-recalculate (recalculate) calls — no client-set-ownership function exists
  OK    CollectionsCenter.jsx fetches live data via the shared collectionsApiClient (no local mirror)
  OK    CollectionsCenter.jsx has real loading/error/offline states (not a static mock)
  OK    recalculate() checks real evidence tables per item (EVIDENCE_CHECKS), never trusts a client-submitted ownership flag
  OK    Every collection item insert is duplicate-protected via ON CONFLICT on the real DB constraint
  OK    Collection unlock is idempotent via a stable idempotency_key, not a random one
  OK    A staff-authorized reversal is read from the append-only corrections ledger, never by deleting/editing the original ownership row
  OK    smokecraft_collection_ownership has a real UNIQUE(guest_reference, collection_item_key) constraint (duplicate ownership impossible at the DB level)
  OK    smokecraft_collection_ownership links a real source_progression_event_id (source event, not a bare flag)
  OK    Collections routes now have the dev/test rate-limiter skip (matches the established convention, closes a real found gap)
  OK    An authenticated account's Collections identity is prefixed with user: (consistent with the rest of player-state, real found-and-fixed defect)
  OK    Collections routes issue a fresh guest identity when none exists (ensureSmokeCraftGuestIdentity) — real found-and-fixed defect: a first-ever visit directly to /smokecraft/collections previously 401'd instead of getting a real guest identity
  OK    convertGuestToAccount transfers Collections ownership on guest-to-account conversion (real found-and-fixed gap — was previously never transferred)
  OK    correctReward supports a real reversed flag persisted to the DB (not silently dropped)
  OK    The /corrections route remains staff-gated (never a learner path) — unchanged from Holistic Fix 5A-2

=== RESULT: PASS (0 checks failed) ===


── SmokeCraft Skill-Tree-authority validator (Holistic Fix 5A-3G)

  OK    The Skill Tree client only exposes read (getSkillTree/getNode) and server-recalculate (recalculate) calls — no client-set-progress function exists
  OK    SkillTree.jsx fetches live data via the shared skillTreeApiClient (no local mirror)
  OK    SkillTree.jsx has real loading/error/offline states (not a static mock)
  OK    SkillTree.jsx renders a distinct visual state for a corrected/reversed node (not silently hidden)
  OK    recalculate() checks real evidence tables per node (EVIDENCE_CHECKS), never trusts a client-submitted completion flag
  OK    Every node has a completion_rule mapped to a real EVIDENCE_CHECKS entry (no node lacks verified evidence)
  OK    Node progression is duplicate-protected via ON CONFLICT on the real DB constraint
  OK    A staff-authorized reversal is read from the append-only corrections ledger, never by deleting/editing the original learner-state row
  OK    The persisted DB state column is never set to the non-enum "corrected" value (real CHECK constraint honored — correction is a read-time overlay only)
  OK    A reversed node breaks the downstream prerequisite chain (node totals are genuinely recalculated, not just relabeled)
  OK    smokecraft_skill_tree_learner_state has a real UNIQUE(guest_reference, node_key) constraint (duplicate progression impossible at the DB level)
  OK    smokecraft_skill_tree_learner_state links a real supporting_event_id (source event, not a bare flag)
  OK    Every node definition carries a completion_rule (the rule version/reference used for evidence evaluation)
  OK    Skill Tree routes have the dev/test rate-limiter skip (matches the established convention, closes a real found gap)
  OK    An authenticated account's Skill Tree identity is prefixed with user: (consistent with the rest of player-state, real found-and-fixed defect)
  OK    Skill Tree routes issue a fresh guest identity when none exists (ensureSmokeCraftGuestIdentity) — real found-and-fixed defect: a first-ever visit directly to /smokecraft/skill-tree previously 401'd instead of getting a real guest identity
  OK    convertGuestToAccount transfers the Skill Tree evidence tables on guest-to-account conversion (real found-and-fixed gap — was previously never transferred)
  OK    The evidence transfer is a deterministic recalculation performed AFTER commit, on a fresh connection (never reads its own uncommitted transaction)
  OK    The /corrections route remains staff-gated (never a learner path) — unchanged from Holistic Fix 5A-2
  OK    convert-guest response surfaces skillTreeEvidenceRowsTransferred/skillTreeCompletedNodes (auditable, not silently dropped)

=== RESULT: PASS (0 checks failed) ===


── SmokeCraft Leaderboard-authority validator (Holistic Fix 5A-3H)

  OK    getLeaderboard never accepts a client-submitted xpTotal/score — it SELECTs xp_total from the real player-state table
  OK    The eligibility WHERE clause enforces the real server-side opt-out (COALESCE(le.eligible, true) = true), not a client-supplied flag
  OK    A guest with zero real XP is honestly excluded, never shown as a fabricated zero-score row
  OK    Tie-breaking is deterministic: xp_total DESC, then completed_session_count DESC, then guest_reference ASC
  OK    displayName defaults to an honest "Guest ####" pattern, never the real email/account id, when unset
  OK    The public leaderboard payload never returns the raw guest_reference — only isCurrentUser is derived from it server-side
  OK    Venue scoping is a real, settable, persisted preference (venue_id column actually written), not a dead column
  OK    Pagination is real SQL LIMIT/OFFSET, not a client-side array slice
  OK    convertGuestToAccount transfers the leaderboard eligibility/opt-out/venue preference (real found-and-fixed gap — was previously never transferred)
  OK    XP corrections recompute smokecraft_player_state.xp_total directly (the same column the leaderboard reads), so placement is genuinely recalculated, never a separate cached leaderboard total
  OK    The leaderboard limit is server-side clamped to a real max (100), never trusting an arbitrarily large client-requested page size
  OK    The leaderboard offset is server-side clamped to a non-negative value
  OK    setLeaderboardPreference derives guestReference from the server-verified identity only (self-service, own identity only — never trusts a client-submitted guestReference for writes)
  OK    getLeaderboardSnapshot fetches the real authoritative player-state (fetchPlayerState) rather than trusting only the local GuestSessionContext mirror for the numbers it returns
  OK    A failed/offline fetch returns an honest error/offline status, never a fabricated empty-looking success
  OK    The Leaderboard screen renders the real fetched community entries (snapshot.communityEntries via filteredEntries), not only a synthetic single local entry
  OK    The screen prefers server-authoritative XP (authoritativeXp) for the displayed totals, not the local session mirror alone
  OK    The "You" indicator on a leaderboard row is driven by the server-computed isCurrentUser flag, never assumed for every row
  OK    The screen has real loading/error/offline states (not a static mock)
  OK    The screen supports real pagination controls (Prev/Next) over the server LIMIT/OFFSET
  OK    The "Refresh Rankings" control re-fetches real server data, not just a local timestamp bump
  OK    smokecraft_leaderboard_eligibility has a real UNIQUE guest_reference constraint (one preference row per identity)
  OK    smokecraft_leaderboard_eligibility carries a real venue_id column for venue-boundary enforcement
  OK    The documented tie-breaking rule matches the implementation exactly (xp_total DESC, completed_session_count DESC, guest_reference ASC)

=== RESULT: PASS (0 checks failed) ===


── SmokeCraft Pairing-Engine-authority validator (Holistic Fix 5B-1)

  OK    computeRecommendation always returns an explanation string
  OK    computeRecommendation always returns a ruleSetVersion
  OK    savePairing always recomputes the score itself (computeRecommendation), never trusts a client-submitted score field
  OK    An identical idempotency-key retry is a true no-op (no version bump, no new revision) — real idempotent save
  OK    Saved-pairing writes are duplicate-protected via a real DB UNIQUE constraint (natural key), not app-level-only
  OK    ratePairing enforces optimistic concurrency (expectedVersion) and returns a real 409-shaped conflict, never silently overwriting
  OK    Every save/rate mutation appends an append-only revision row before changing state — real revision history, never edited in place
  OK    getSavedPairing enforces ownership at the query level (WHERE ... AND guest_reference = $2), never fetching by id alone
  OK    The engine reuses the real, already-approved pairing data (STRENGTH_SCORE/TYPE_STRENGTH/HARMONY/GOAL_DESC/ADJUSTMENT_MAP/SERVING_STYLE) rather than inventing new cigar/beverage facts
  OK    No XP/badge/Passport-stamp is awarded by this package (mandate: only if an already-approved rule explicitly exists — none does here)
  OK    Ledger events cover all 4 required types: pairing_requested, pairing_recommended, pairing_saved, pairing_rated
  OK    Pairing-engine routes have the dev/test rate-limiter skip from day one
  OK    An authenticated account's pairing identity is prefixed with user: from day one (no repeat of the recurring identity-prefix defect)
  OK    Pairing-engine routes issue a fresh guest identity when none exists from day one (no repeat of the recurring first-visit-401 defect)
  OK    smokecraft_pairing_rules has a real UNIQUE(rule_key, version) constraint — versions are additive, never overwritable
  OK    smokecraft_pairing_saves has a real UNIQUE natural-key constraint (duplicate saves impossible at the DB level)
  OK    smokecraft_pairing_save_revisions has no UPDATE-style column at all — append-only by construction (only INSERT is possible)
  OK    PairingLab.jsx no longer imports the client-only scoring engine (buildRecommendation)
  OK    PairingLab.jsx uses the one shared pairing adapter (useSmokeCraftPairingEngine)
  OK    PairingLab.jsx has a single accessible page title (real found-and-fixed gap — Holistic Fix 5B-1A, found live via Playwright)
  OK    PairingLab.jsx's journey-sync effect depends on real primitive values, not a freshly-created object each render (real found-and-fixed infinite-render-loop defect — Holistic Fix 5B-1A, found live via Playwright: chip buttons constantly detaching from the DOM)
  OK    PairingLab.jsx's Pairing Choices panel has an explicit stacking order above the underlying pairing-type hotspots it measurably overlaps (real found-and-fixed blocked-overlay defect — Holistic Fix 5B-1A, found live via Playwright: "element intercepts pointer events")
  OK    PairingRecommendations.jsx no longer imports the client-only scoring engine (rankAllCategories)
  OK    PairingRecommendations.jsx uses the one shared pairing adapter (useSmokeCraftPairingEngine)
  OK    PairingRecommendations.jsx saves through the real server endpoint (engine.save), not only a local journey mirror
  OK    The shared adapter never computes a score itself — every status transition is driven by a real server response or a real network condition
  OK    The shared adapter represents the mandated state set (no-cigar/no-beverage/calculating/ready/low-confidence/no-safe-recommendation/offline/session-expired)
  OK    The pairing-engine API client only exposes recommend/rank/save/get/rate calls — no client-side score-setting function exists

=== RESULT: PASS (0 checks failed) ===


── SmokeCraft Mentor-Guidance-authority validator (Holistic Fix 5B-2A)

  OK    Mentor identity is looked up from the real, single roster (getMentorById), never trusted as a client-submitted name/country/flag
  OK    An unrecognized mentorId is rejected, never fabricates a mentor identity
  OK    Guidance never awards XP, badges, or Passport stamps (mentor guidance is read-only)
  OK    Guidance never issues an UPDATE/INSERT against smokecraft_player_state, smokecraft_awards, or any reward table (read-only queries only)
  OK    Every real signal query is scoped by guest_reference (never a global/unscoped query that could leak another learner's data)
  OK    The fallback state (no real signal available) is honestly labeled, using the mentor's own real roster greeting — never a fabricated achievement
  OK    Every response includes message/reason/nextAction/sourceContext/confidence/messageVersion — no unexplained guidance is possible
  OK    Mentor-guidance routes have the dev/test rate-limiter skip from day one
  OK    An authenticated account's mentor-guidance identity is prefixed with user: from day one
  OK    Mentor-guidance routes issue a fresh guest identity when none exists from day one
  OK    The shared guidance hook reads the selected mentor from the one canonical source (SmokeCraftJourneyContext.journey.mentor), never a second mentor store
  OK    The shared guidance hook never computes guidance itself — only requests it from the server
  OK    The shared guidance hook represents the mandated state set (no-mentor/loading/ready/unavailable/offline/session-expired)
  OK    DynamicMentorPanel uses the one shared mentor-guidance adapter (useSmokeCraftMentorGuidance)
  OK    MentorCommentary.jsx no longer keys guidance off a hardcoded per-mentor-id map that never matched the real roster (real found-and-fixed defect SC-D050)
  OK    MentorCommentary.jsx uses the one shared mentor-guidance adapter (useSmokeCraftMentorGuidance)
  OK    MentorCommentary.jsx renders real roster fields (mentor.country/mentor.bio), not the nonexistent mentor.origin/mentor.expertise (real found-and-fixed defect)
  OK    Mentor.jsx retains exactly one write path for the selected mentor (setMentor to SmokeCraftJourneyContext) — no second, competing mentor-selection owner reappeared
  OK    SkillTree.jsx's mentor panel uses the shared context-aware guidance service (context prop), not a hardcoded guidance string

── Holistic Fix 5B-2A-1 additions ──

  OK    Live pairing-aware guidance is scored with the SAME computeRecommendation function the pairing engine itself uses — never a second, competing scoring path that could contradict it
  OK    The live-pairing signal takes priority over a stale saved-pairing row when a current pairing selection is supplied
  OK    The live-pairing guidance message embeds the exact real compatScore (no rounding/altering it, no independent claim)
  OK    ChallengeHub.jsx no longer passes a static hardcoded guidance string to DynamicMentorPanel
  OK    ChallengeHub.jsx uses the shared context-aware guidance service (context prop)
  OK    BlendFaultChallenge.jsx no longer passes a static hardcoded guidance string to DynamicMentorPanel
  OK    BlendFaultChallenge.jsx uses the shared context-aware guidance service (context prop)
  OK    FillerArrangement.jsx no longer passes a static hardcoded guidance string to DynamicMentorPanel
  OK    FillerArrangement.jsx uses the shared context-aware guidance service (context prop)
  OK    CollectionsCenter.jsx no longer passes a static hardcoded guidance string to DynamicMentorPanel
  OK    CollectionsCenter.jsx uses the shared context-aware guidance service (context prop)
  OK    PairingLab.jsx connects a real mentor-guidance panel using the shared service (context="pairing-lab")
  OK    PairingLab.jsx passes the real live cigar+beverage selection as pairingContext (not a static string, not bypassing the shared service)
  OK    PairingRecommendations.jsx connects a real mentor-guidance panel using the shared service (context="pairing-recommendations")
  OK    PairingRecommendations.jsx passes the real live cigar+beverage selection as pairingContext (not a static string, not bypassing the shared service)
  OK    No active mentor panel in this pass's scope still passes a static guidance string (client-side hardcoded text is fully retired for these 6 screens)
  OK    Mentor.jsx still retains exactly one write path for the selected mentor — no duplicate mentor ownership reappeared across this pass's 6-screen wiring

=== RESULT: PASS (0 checks failed) ===


> crafthub-360-production@1.0.0 build
> vite build

vite v4.5.14 building for production...
transforming...
[plugin:vite:esbuild] Duplicate key "border" in object literal
113|          borderRadius: 9,
114|          background: selected ? `linear-gradient(160deg, ${statusColor}55, ${statusColor}22)` : cardBg,
115|          border: `2px solid ${selected ? GOLD : statusColor}`,
   |          ^
116|          boxShadow: selected
117|            ? `0 0 0 3px rgba(201,149,44,0.35), 0 0 12px ${statusColor}88, 0 2px 8px rgba(0,0,0,0.6)`

✓ 2022 modules transformed.
rendering chunks...
[plugin:vite:reporter] 
(!) /home/user/crafthub-360-stitch/src/api/passportScanApi.js is dynamically imported by /home/user/crafthub-360-stitch/src/pages/passport/PassportHome.jsx but also statically imported by /home/user/crafthub-360-stitch/src/pages/passport/PassportHome.jsx, dynamic import will not move module into another chunk.

computing gzip size...
dist/index.html                                               0.80 kB │ gzip:   0.42 kB
dist/assets/BootConsole-174cbfbc.css                          8.49 kB │ gzip:   2.16 kB
dist/assets/index-b84cfafb.css                              129.56 kB │ gzip:  22.28 kB
dist/assets/testModeConfig-93ff0050.js                        1.22 kB │ gzip:   0.52 kB
dist/assets/packagingStudioApiClient-dafcb5ef.js              1.56 kB │ gzip:   0.73 kB
dist/assets/venueHumidorCustomerApiClient-ba19de46.js         2.18 kB │ gzip:   0.90 kB
dist/assets/MentorGuidancePanel-3336a3a6.js                   2.68 kB │ gzip:   0.84 kB
dist/assets/PinPad-6c2e3289.js                                3.27 kB │ gzip:   1.14 kB
dist/assets/useAdminVenueId-9f172bd1.js                       3.39 kB │ gzip:   1.10 kB
dist/assets/PrototypeDisclosure-0e3ef52d.js                   3.97 kB │ gzip:   1.56 kB
dist/assets/PackagingStudioDashboard-dfa4c244.js              4.68 kB │ gzip:   1.43 kB
dist/assets/PackagingReview-6c53356b.js                       4.82 kB │ gzip:   1.42 kB
dist/assets/JudgeDashboard-840b06e5.js                        4.85 kB │ gzip:   1.51 kB
dist/assets/PackagingStudioShare-8023ab72.js                  6.13 kB │ gzip:   1.55 kB
dist/assets/OfflineMode-0ad07676.js                           6.40 kB │ gzip:   1.92 kB
dist/assets/VenueHumidorMyAcquisitions-11321a4f.js            6.81 kB │ gzip:   1.70 kB
dist/assets/MentorReview-5701f68e.js                          7.16 kB │ gzip:   2.23 kB
dist/assets/AdminLogin-9cc01ac9.js                            7.24 kB │ gzip:   2.03 kB
dist/assets/StaffLogin-90df543c.js                            7.35 kB │ gzip:   2.14 kB
dist/assets/FounderLogin-90d7b34d.js                          7.82 kB │ gzip:   2.05 kB
dist/assets/PackagingStudioVersions-a196ba02.js               8.03 kB │ gzip:   1.65 kB
dist/assets/MentorLogin-0d205286.js                           8.15 kB │ gzip:   2.23 kB
dist/assets/DevLogin-a43fbd0b.js                              8.51 kB │ gzip:   2.32 kB
dist/assets/InstallHelp-feca061f.js                           8.75 kB │ gzip:   2.57 kB
dist/assets/VenueHumidorOrderConfirmation-75356c05.js         9.03 kB │ gzip:   2.23 kB
dist/assets/VenueHumidorMyOrders-6b46bbfe.js                  9.92 kB │ gzip:   2.25 kB
dist/assets/KioskSetup-4d8884b6.js                           10.06 kB │ gzip:   2.36 kB
dist/assets/GoldenBoxHub-5680699f.js                         10.29 kB │ gzip:   2.09 kB
dist/assets/VenueHumidorPickup-9b753b3f.js                   10.53 kB │ gzip:   2.50 kB
dist/assets/PilotReadinessDashboard-f8ea4015.js              10.59 kB │ gzip:   2.13 kB
dist/assets/CompetitionDetail-58eec25e.js                    10.79 kB │ gzip:   2.26 kB
dist/assets/VenueHumidorFulfillmentHistory-6cadec2d.js       11.06 kB │ gzip:   2.04 kB
dist/assets/SystemOverview-e3563541.js                       11.28 kB │ gzip:   2.97 kB
dist/assets/VenueHumidorAcquisitionDetail-f4b63c7d.js        11.91 kB │ gzip:   2.53 kB
dist/assets/VenueHumidorAdminInventoryEvents-3018641c.js     13.22 kB │ gzip:   2.24 kB
dist/assets/VenueHumidorHandoff-a67cd36e.js                  13.40 kB │ gzip:   3.04 kB
dist/assets/VenueHumidorReceipt-bfec70b8.js                  14.09 kB │ gzip:   2.38 kB
dist/assets/VenueHumidorCheckout-e96eb8b4.js                 14.74 kB │ gzip:   3.20 kB
dist/assets/VenueHumidorOrderQueue-b3ac3f35.js               14.83 kB │ gzip:   2.63 kB
dist/assets/MentorConsole-fbaddf34.js                        15.12 kB │ gzip:   3.42 kB
dist/assets/VenueHumidorMyOrderDetail-6e48769e.js            15.13 kB │ gzip:   2.80 kB
dist/assets/InvestorDemo-7f733392.js                         16.08 kB │ gzip:   3.78 kB
dist/assets/DeviceStatus-e5e0578c.js                         16.09 kB │ gzip:   3.54 kB
dist/assets/VenueHumidorBrowser-6a7fe26b.js                  16.67 kB │ gzip:   3.35 kB
dist/assets/DevDiagnostics-6041e667.js                       17.16 kB │ gzip:   3.22 kB
dist/assets/VenueHumidorAdminDashboard-7972590a.js           18.13 kB │ gzip:   2.59 kB
dist/assets/VenueOwnerDemo-08784c76.js                       18.86 kB │ gzip:   4.43 kB
dist/assets/VenueHumidorCigarDetail-47731029.js              19.65 kB │ gzip:   3.79 kB
dist/assets/FounderControl-4c19939d.js                       21.82 kB │ gzip:   4.34 kB
dist/assets/PilotOnboarding-b48187c4.js                      22.63 kB │ gzip:   3.98 kB
dist/assets/JudgeEntryReview-2064c9da.js                     23.23 kB │ gzip:   5.15 kB
dist/assets/PackagingStudioEditor-ccacfa8f.js                24.32 kB │ gzip:   4.75 kB
dist/assets/ResultsExperience-da6b9973.js                    24.47 kB │ gzip:   4.67 kB
dist/assets/FounderDemo-ac568426.js                          25.15 kB │ gzip:   5.66 kB
dist/assets/VenueHumidorOrderDetail-f5c6ef05.js              26.02 kB │ gzip:   4.47 kB
dist/assets/VenueManagementCommandHub-955783e4.js            29.74 kB │ gzip:   5.69 kB
dist/assets/BootConsole-07a1de49.js                          32.58 kB │ gzip:   6.79 kB
dist/assets/VenueHumidorAdminProductForm-cdfc6099.js         35.92 kB │ gzip:   5.51 kB
dist/assets/EntryWorkspace-7c555c2a.js                       37.95 kB │ gzip:   7.01 kB
dist/assets/ModuleDeploymentCenter-77b12e46.js               38.13 kB │ gzip:   8.69 kB
dist/assets/VenueTestControl-44068de5.js                     55.37 kB │ gzip:   9.16 kB
dist/assets/Admin-23671eae.js                                97.90 kB │ gzip:  16.93 kB
dist/assets/index-1c525c33.js                             5,334.18 kB │ gzip: 914.87 kB

(!) Some chunks are larger than 500 kBs after minification. Consider:
- Using dynamic import() to code-split the application
- Use build.rollupOptions.output.manualChunks to improve chunking: https://rollupjs.org/configuration-options/#output-manualchunks
- Adjust chunk size limit for this warning via build.chunkSizeWarningLimit.
✓ built in 26.13s

> crafthub-360-production@1.0.0 prebuild
> node scripts/validateSmokecraftAssets.mjs && node scripts/generateBuildManifest.mjs && node scripts/generateSmokecraftGameManifest.mjs && node scripts/validateSmokecraftManifest.mjs && node scripts/validateSmokecraftShellAdoption.mjs && node scripts/validateSmokecraftControlCoverage.mjs && node scripts/validateSmokecraftResponsive.mjs && node scripts/validateSmokecraftPlayerStateIntegrity.mjs && node scripts/validateSmokecraftAccountIntegrity.mjs && node scripts/validateSmokecraftGameplayIntegrity.mjs && node scripts/validateSmokecraftGameplayAuthority.mjs && node scripts/validateSmokecraftAlertPointerSafety.mjs && node scripts/validateSmokecraftTastingAuthority.mjs && node scripts/validateSmokecraftCultivatorAuthority.mjs && node scripts/validateSmokecraftCollectionsAuthority.mjs && node scripts/validateSmokecraftSkillTreeAuthority.mjs && node scripts/validateSmokecraftLeaderboardAuthority.mjs && node scripts/validateSmokecraftPairingEngineAuthority.mjs && node scripts/validateSmokecraftMentorGuidanceAuthority.mjs


SmokeCraft asset validation: 83/83 registered assets verified on disk with correct case.
All registered SmokeCraft assets verified. Build may proceed.
build-manifest.json generated — commit 6e08614, 27/28 critical assets ok.
Wrote docs/smokecraft/SMOKECRAFT_GAME_MANIFEST.json
Total routes: 130 (entry: 4, curriculum: 21, supporting: 105)
Classification counts: {
  'full-live-react': 105,
  'clean-image-shell': 7,
  'alias-redirect': 14,
  'instructional-image': 4
}

=== SmokeCraft game-manifest / navigation / shell validation (Holistic Fix 1) ===

  PASS  Route inventory regenerates without error
  PASS  SMOKECRAFT_GAME_MANIFEST.json exists
  PASS  Manifest totalRoutes matches live /smokecraft route count (no route missing from the manifest)
  PASS  No duplicate screenId in the manifest
  PASS  Every manifest entry has a route string
  PASS  Every screen classified as live/clean-shell cites real audit evidence (auditedIn is not empty/unclassified)
  PASS  Exactly 27 sessions in the spine
  PASS  TOTAL_SESSIONS constant equals 27
  PASS  Exactly 6 phases
  PASS  TOTAL_VISITS constant equals 6
  PASS  Session numbers are exactly 1..27, no gap, no duplicate
  PASS  Every curriculum manifest entry has an assetStatus field
  PASS  No curriculum manifest entry silently references a non-existent SC_ASSETS key
  PASS  Every SmokeCraft-namespace navigation-registry destination resolves to a real, currently-registered route
  PASS  Locked phase groupings unchanged (Package J decision)
  PASS  No route remains unclassified (0 unclassified)
  PASS  Every legacy <Navigate> alias resolves to a currently-registered route (14 aliases checked, 0 broken)
  PASS  Every <Navigate> alias target inside the SmokeCraft route tree is documented in the canonical alias table (manifest alias-redirect entries) (13 literal targets checked, 0 undocumented)
  PASS  venue-commerce / order / ticket-tapper/staff-specials remain a documented, enforced alias group (identical component)
  PASS  Manifest fullyMigratedScreens (82) — every claimed route (82) is backed by a real <SmokeCraftScreenShell> render (82 verified)
  PASS  Educational completeness audit doc still covers all 21 primary session slots (0 missing)

=== RESULT: PASS — 0 failing check(s) ===


=== SmokeCraft shell/navigation-registry adoption lock (Holistic Fix 2A) ===

  PASS  Welcome: imports SmokeCraftScreenShell
  PASS  Welcome: actually renders <SmokeCraftScreenShell
  PASS  Welcome: does not import SmokeCraftImageBoundsOverlay directly (must go through the shell)
  PASS  Welcome: registered destination "/smokecraft/rewards-center" is not reintroduced as a bare local literal
  PASS  Welcome: registered destination "/smokecraft/passport" is not reintroduced as a bare local literal
  PASS  Welcome: registered destination "/smokecraft/leaderboard" is not reintroduced as a bare local literal
  PASS  Welcome: registered destination "/smokecraft/event-challenge" is not reintroduced as a bare local literal
  PASS  Welcome: registered destination "/smokecraft/collections" is not reintroduced as a bare local literal
  PASS  Welcome: registered destination "/smokecraft/mentor-selection" is not reintroduced as a bare local literal
  PASS  Welcome: registered destination "/smokecraft/knowledge-drop" is not reintroduced as a bare local literal
  PASS  Welcome: registered destination "/smokecraft/golden-box" is not reintroduced as a bare local literal
  PASS  Leaderboard: imports SmokeCraftScreenShell
  PASS  Leaderboard: actually renders <SmokeCraftScreenShell
  PASS  Leaderboard: does not import SmokeCraftImageBoundsOverlay directly (must go through the shell)
  PASS  Leaderboard: registered destination "/smokecraft/humidor-match" is not reintroduced as a bare local literal
  PASS  Leaderboard: registered destination "/smokecraft/challenge-hub" is not reintroduced as a bare local literal
  PASS  Leaderboard: registered destination "/smokecraft/event-challenge" is not reintroduced as a bare local literal
  PASS  Leaderboard: registered destination "/smokecraft/rewards-center" is not reintroduced as a bare local literal
  PASS  Leaderboard: registered destination "/smokecraft/passport" is not reintroduced as a bare local literal
  PASS  Passport: imports SmokeCraftScreenShell
  PASS  Passport: actually renders <SmokeCraftScreenShell
  PASS  Passport: does not import SmokeCraftImageBoundsOverlay directly (must go through the shell)
  PASS  Passport: registered destination "/passport/scan" is not reintroduced as a bare local literal
  PASS  Passport: registered destination "/passport/directory" is not reintroduced as a bare local literal
  PASS  Passport: registered destination "/passport/events" is not reintroduced as a bare local literal
  PASS  Passport: registered destination "/passport/benefits" is not reintroduced as a bare local literal
  PASS  Passport: registered destination "/passport/how-it-works" is not reintroduced as a bare local literal
  PASS  Venue Selection: imports SmokeCraftScreenShell
  PASS  Venue Selection: actually renders <SmokeCraftScreenShell
  PASS  Venue Selection: does not import SmokeCraftImageBoundsOverlay directly (must go through the shell)
  PASS  CraftHub: imports SmokeCraftScreenShell
  PASS  CraftHub: actually renders <SmokeCraftScreenShell
  PASS  CraftHub: does not import SmokeCraftImageBoundsOverlay directly (must go through the shell)
  PASS  Challenge Hub: imports SmokeCraftScreenShell
  PASS  Challenge Hub: actually renders <SmokeCraftScreenShell
  PASS  Challenge Hub: does not import SmokeCraftImageBoundsOverlay directly (must go through the shell)
  PASS  Rewards: imports SmokeCraftScreenShell
  PASS  Rewards: actually renders <SmokeCraftScreenShell
  PASS  Rewards: does not import SmokeCraftImageBoundsOverlay directly (must go through the shell)
  PASS  Rewards: registered destination "/smokecraft/challenge-hub" is not reintroduced as a bare local literal
  PASS  Rewards: registered destination "/smokecraft/collections" is not reintroduced as a bare local literal
  PASS  Golden Box Rules: imports SmokeCraftScreenShell
  PASS  Golden Box Rules: actually renders <SmokeCraftScreenShell
  PASS  Golden Box Rules: does not import SmokeCraftImageBoundsOverlay directly (must go through the shell)
  PASS  Golden Box Rules: registered destination "/smokecraft/mentor-selection" is not reintroduced as a bare local literal
  PASS  Golden Box Status: imports SmokeCraftScreenShell
  PASS  Golden Box Status: actually renders <SmokeCraftScreenShell
  PASS  Golden Box Status: does not import SmokeCraftImageBoundsOverlay directly (must go through the shell)
  PASS  Golden Box Hub: imports SmokeCraftScreenShell
  PASS  Golden Box Hub: actually renders <SmokeCraftScreenShell
  PASS  Golden Box Hub: does not import SmokeCraftImageBoundsOverlay directly (must go through the shell)
  PASS  Golden Box Competition Detail: imports SmokeCraftScreenShell
  PASS  Golden Box Competition Detail: actually renders <SmokeCraftScreenShell
  PASS  Golden Box Competition Detail: does not import SmokeCraftImageBoundsOverlay directly (must go through the shell)
  PASS  Golden Box Competition Detail: registered destination "/smokecraft/golden-box" is not reintroduced as a bare local literal
  PASS  Golden Box Entry Workspace: imports SmokeCraftScreenShell
  PASS  Golden Box Entry Workspace: actually renders <SmokeCraftScreenShell
  PASS  Golden Box Entry Workspace: does not import SmokeCraftImageBoundsOverlay directly (must go through the shell)
  PASS  Golden Box Results: imports SmokeCraftScreenShell
  PASS  Golden Box Results: actually renders <SmokeCraftScreenShell
  PASS  Golden Box Results: does not import SmokeCraftImageBoundsOverlay directly (must go through the shell)
  PASS  Golden Box Results: registered destination "/smokecraft/golden-box" is not reintroduced as a bare local literal
  PASS  Golden Box Results: registered destination "/smokecraft/leaderboard" is not reintroduced as a bare local literal
  PASS  Golden Box Judge Dashboard: imports SmokeCraftScreenShell
  PASS  Golden Box Judge Dashboard: actually renders <SmokeCraftScreenShell
  PASS  Golden Box Judge Dashboard: does not import SmokeCraftImageBoundsOverlay directly (must go through the shell)
  PASS  Golden Box Judge Entry Review: imports SmokeCraftScreenShell
  PASS  Golden Box Judge Entry Review: actually renders <SmokeCraftScreenShell
  PASS  Golden Box Judge Entry Review: does not import SmokeCraftImageBoundsOverlay directly (must go through the shell)
  PASS  Golden Box Mentor Review: imports SmokeCraftScreenShell
  PASS  Golden Box Mentor Review: actually renders <SmokeCraftScreenShell
  PASS  Golden Box Mentor Review: does not import SmokeCraftImageBoundsOverlay directly (must go through the shell)
  PASS  Packaging Studio Dashboard: imports SmokeCraftScreenShell
  PASS  Packaging Studio Dashboard: actually renders <SmokeCraftScreenShell
  PASS  Packaging Studio Dashboard: does not import SmokeCraftImageBoundsOverlay directly (must go through the shell)
  PASS  Packaging Studio Editor: imports SmokeCraftScreenShell
  PASS  Packaging Studio Editor: actually renders <SmokeCraftScreenShell
  PASS  Packaging Studio Editor: does not import SmokeCraftImageBoundsOverlay directly (must go through the shell)
  PASS  Packaging Studio Versions: imports SmokeCraftScreenShell
  PASS  Packaging Studio Versions: actually renders <SmokeCraftScreenShell
  PASS  Packaging Studio Versions: does not import SmokeCraftImageBoundsOverlay directly (must go through the shell)
  PASS  Packaging Studio Share: imports SmokeCraftScreenShell
  PASS  Packaging Studio Share: actually renders <SmokeCraftScreenShell
  PASS  Packaging Studio Share: does not import SmokeCraftImageBoundsOverlay directly (must go through the shell)
  PASS  Packaging Review (public share link): imports SmokeCraftScreenShell
  PASS  Packaging Review (public share link): actually renders <SmokeCraftScreenShell
  PASS  Packaging Review (public share link): does not import SmokeCraftImageBoundsOverlay directly (must go through the shell)
  PASS  Origins: imports SmokeCraftScreenShell
  PASS  Origins: actually renders <SmokeCraftScreenShell
  PASS  Origins: does not import SmokeCraftImageBoundsOverlay directly (must go through the shell)
  PASS  Curation: imports SmokeCraftScreenShell
  PASS  Curation: actually renders <SmokeCraftScreenShell
  PASS  Curation: does not import SmokeCraftImageBoundsOverlay directly (must go through the shell)
  PASS  Curation: registered destination "/grand-lounge-ranking" is not reintroduced as a bare local literal
  PASS  Leaves: imports SmokeCraftScreenShell
  PASS  Leaves: actually renders <SmokeCraftScreenShell
  PASS  Leaves: does not import SmokeCraftImageBoundsOverlay directly (must go through the shell)
  PASS  Leaves: registered destination "/grand-lounge-ranking" is not reintroduced as a bare local literal
  PASS  Leaves: registered destination "/passport" is not reintroduced as a bare local literal
  PASS  Leaf Challenge: imports SmokeCraftScreenShell
  PASS  Leaf Challenge: actually renders <SmokeCraftScreenShell
  PASS  Leaf Challenge: does not import SmokeCraftImageBoundsOverlay directly (must go through the shell)
  PASS  Leaf Challenge Calculating: imports SmokeCraftScreenShell
  PASS  Leaf Challenge Calculating: actually renders <SmokeCraftScreenShell
  PASS  Leaf Challenge Calculating: does not import SmokeCraftImageBoundsOverlay directly (must go through the shell)
  PASS  Leaf Challenge Result: imports SmokeCraftScreenShell
  PASS  Leaf Challenge Result: actually renders <SmokeCraftScreenShell
  PASS  Leaf Challenge Result: does not import SmokeCraftImageBoundsOverlay directly (must go through the shell)
  PASS  Leaf Challenge Result: registered destination "/passport" is not reintroduced as a bare local literal
  PASS  Cultivation: imports SmokeCraftScreenShell
  PASS  Cultivation: actually renders <SmokeCraftScreenShell
  PASS  Cultivation: does not import SmokeCraftImageBoundsOverlay directly (must go through the shell)
  PASS  Blend: imports SmokeCraftScreenShell
  PASS  Blend: actually renders <SmokeCraftScreenShell
  PASS  Blend: does not import SmokeCraftImageBoundsOverlay directly (must go through the shell)
  PASS  Flavor DNA: imports SmokeCraftScreenShell
  PASS  Flavor DNA: actually renders <SmokeCraftScreenShell
  PASS  Flavor DNA: does not import SmokeCraftImageBoundsOverlay directly (must go through the shell)
  PASS  Pairing: imports SmokeCraftScreenShell
  PASS  Pairing: actually renders <SmokeCraftScreenShell
  PASS  Pairing: does not import SmokeCraftImageBoundsOverlay directly (must go through the shell)
  PASS  Available: imports SmokeCraftScreenShell
  PASS  Available: actually renders <SmokeCraftScreenShell
  PASS  Available: does not import SmokeCraftImageBoundsOverlay directly (must go through the shell)
  PASS  Assistant: imports SmokeCraftScreenShell
  PASS  Assistant: actually renders <SmokeCraftScreenShell
  PASS  Assistant: does not import SmokeCraftImageBoundsOverlay directly (must go through the shell)
  PASS  Pairing Mastery: imports SmokeCraftScreenShell
  PASS  Pairing Mastery: actually renders <SmokeCraftScreenShell
  PASS  Pairing Mastery: does not import SmokeCraftImageBoundsOverlay directly (must go through the shell)
  PASS  Vitola: imports SmokeCraftScreenShell
  PASS  Vitola: actually renders <SmokeCraftScreenShell
  PASS  Vitola: does not import SmokeCraftImageBoundsOverlay directly (must go through the shell)
  PASS  Landing: imports SmokeCraftScreenShell
  PASS  Landing: actually renders <SmokeCraftScreenShell
  PASS  Landing: does not import SmokeCraftImageBoundsOverlay directly (must go through the shell)
  PASS  Seed & Soil: imports SmokeCraftScreenShell
  PASS  Seed & Soil: actually renders <SmokeCraftScreenShell
  PASS  Seed & Soil: does not import SmokeCraftImageBoundsOverlay directly (must go through the shell)
  PASS  Request Purchase: imports SmokeCraftScreenShell
  PASS  Request Purchase: actually renders <SmokeCraftScreenShell
  PASS  Request Purchase: does not import SmokeCraftImageBoundsOverlay directly (must go through the shell)
  PASS  Management Sync: imports SmokeCraftScreenShell
  PASS  Management Sync: actually renders <SmokeCraftScreenShell
  PASS  Management Sync: does not import SmokeCraftImageBoundsOverlay directly (must go through the shell)
  PASS  Resume Journey: imports SmokeCraftScreenShell
  PASS  Resume Journey: actually renders <SmokeCraftScreenShell
  PASS  Resume Journey: does not import SmokeCraftImageBoundsOverlay directly (must go through the shell)
  PASS  Rewards Center: imports SmokeCraftScreenShell
  PASS  Rewards Center: actually renders <SmokeCraftScreenShell
  PASS  Rewards Center: does not import SmokeCraftImageBoundsOverlay directly (must go through the shell)
  PASS  How It Works: imports SmokeCraftScreenShell
  PASS  How It Works: actually renders <SmokeCraftScreenShell
  PASS  How It Works: does not import SmokeCraftImageBoundsOverlay directly (must go through the shell)
  PASS  Guest Pass: imports SmokeCraftScreenShell
  PASS  Guest Pass: actually renders <SmokeCraftScreenShell
  PASS  Guest Pass: does not import SmokeCraftImageBoundsOverlay directly (must go through the shell)
  PASS  Scan: imports SmokeCraftScreenShell
  PASS  Scan: actually renders <SmokeCraftScreenShell
  PASS  Scan: does not import SmokeCraftImageBoundsOverlay directly (must go through the shell)
  PASS  Enroll: imports SmokeCraftScreenShell
  PASS  Enroll: actually renders <SmokeCraftScreenShell
  PASS  Enroll: does not import SmokeCraftImageBoundsOverlay directly (must go through the shell)
  PASS  Identity: imports SmokeCraftScreenShell
  PASS  Identity: actually renders <SmokeCraftScreenShell
  PASS  Identity: does not import SmokeCraftImageBoundsOverlay directly (must go through the shell)
  PASS  Art: imports SmokeCraftScreenShell
  PASS  Art: actually renders <SmokeCraftScreenShell
  PASS  Art: does not import SmokeCraftImageBoundsOverlay directly (must go through the shell)
  PASS  Cigar Gauge Guide: imports SmokeCraftScreenShell
  PASS  Cigar Gauge Guide: actually renders <SmokeCraftScreenShell
  PASS  Cigar Gauge Guide: does not import SmokeCraftImageBoundsOverlay directly (must go through the shell)
  PASS  Knowledge Check Demo: imports SmokeCraftScreenShell
  PASS  Knowledge Check Demo: actually renders <SmokeCraftScreenShell
  PASS  Knowledge Check Demo: does not import SmokeCraftImageBoundsOverlay directly (must go through the shell)
  PASS  Skill Tree: imports SmokeCraftScreenShell
  PASS  Skill Tree: actually renders <SmokeCraftScreenShell
  PASS  Skill Tree: does not import SmokeCraftImageBoundsOverlay directly (must go through the shell)
  PASS  Collections Center: imports SmokeCraftScreenShell
  PASS  Collections Center: actually renders <SmokeCraftScreenShell
  PASS  Collections Center: does not import SmokeCraftImageBoundsOverlay directly (must go through the shell)
  PASS  Demo: imports SmokeCraftScreenShell
  PASS  Demo: actually renders <SmokeCraftScreenShell
  PASS  Demo: does not import SmokeCraftImageBoundsOverlay directly (must go through the shell)
  PASS  Demo Reset: imports SmokeCraftScreenShell
  PASS  Demo Reset: actually renders <SmokeCraftScreenShell
  PASS  Demo Reset: does not import SmokeCraftImageBoundsOverlay directly (must go through the shell)
  PASS  Visit Complete: imports SmokeCraftScreenShell
  PASS  Visit Complete: actually renders <SmokeCraftScreenShell
  PASS  Visit Complete: does not import SmokeCraftImageBoundsOverlay directly (must go through the shell)
  PASS  Filler Arrangement: imports SmokeCraftScreenShell
  PASS  Filler Arrangement: actually renders <SmokeCraftScreenShell
  PASS  Filler Arrangement: does not import SmokeCraftImageBoundsOverlay directly (must go through the shell)
  PASS  SmokeCraft Curriculum Screen Renderer (all 21 session slots): imports SmokeCraftScreenShell
  PASS  SmokeCraft Curriculum Screen Renderer (all 21 session slots): actually renders <SmokeCraftScreenShell
  PASS  SmokeCraft Curriculum Screen Renderer (all 21 session slots): does not import SmokeCraftImageBoundsOverlay directly (must go through the shell)
  PASS  Wrapper Strength (Leaf to Cigar construction module): imports SmokeCraftScreenShell
  PASS  Wrapper Strength (Leaf to Cigar construction module): actually renders <SmokeCraftScreenShell
  PASS  Wrapper Strength (Leaf to Cigar construction module): does not import SmokeCraftImageBoundsOverlay directly (must go through the shell)
  PASS  Commerce Menu: imports SmokeCraftScreenShell
  PASS  Commerce Menu: actually renders <SmokeCraftScreenShell
  PASS  Commerce Menu: does not import SmokeCraftImageBoundsOverlay directly (must go through the shell)
  PASS  Commerce Cart: imports SmokeCraftScreenShell
  PASS  Commerce Cart: actually renders <SmokeCraftScreenShell
  PASS  Commerce Cart: does not import SmokeCraftImageBoundsOverlay directly (must go through the shell)
  PASS  Commerce Checkout: imports SmokeCraftScreenShell
  PASS  Commerce Checkout: actually renders <SmokeCraftScreenShell
  PASS  Commerce Checkout: does not import SmokeCraftImageBoundsOverlay directly (must go through the shell)
  PASS  Commerce Payment Success: imports SmokeCraftScreenShell
  PASS  Commerce Payment Success: actually renders <SmokeCraftScreenShell
  PASS  Commerce Payment Success: does not import SmokeCraftImageBoundsOverlay directly (must go through the shell)
  PASS  Commerce Order Status: imports SmokeCraftScreenShell
  PASS  Commerce Order Status: actually renders <SmokeCraftScreenShell
  PASS  Commerce Order Status: does not import SmokeCraftImageBoundsOverlay directly (must go through the shell)
  PASS  src/pages/smokecraft/WelcomeExperience.jsx: still references its locked approved asset (SC_ASSETS.session1)
  PASS  src/pages/smokecraft/Leaderboard.jsx: still references its locked approved asset (SC_ASSETS.leaderboard)
  PASS  src/pages/smokecraft/SmokeCraftPassport.jsx: still references its locked approved asset (SC_ASSETS.passportHub)
  PASS  src/pages/smokecraft/SmokeCraftCraftHub.jsx: still references its locked approved asset (SC_ASSETS.craftHubVenueTable)
  PASS  src/pages/smokecraft/Rewards.jsx: still references its locked approved asset (SC_ASSETS.rewards)
  PASS  src/pages/smokecraft/GoldenBox.jsx: still references its locked approved asset (SC_ASSETS.goldenBox)
  PASS  No collision among the 5 distinct pairing-family routes (pairing/pairing-lab/pairing-recommendations/humidor-match/pairing-mastery)
  PASS  smokecraftNavigationRegistry keeps PAIRING and PAIRING_STANDALONE as distinct, non-collapsed values
  PASS  Curriculum component registry still registers all 21 session slots (session-1..session-27 with merges)
  PASS  No curriculum session component is rendered directly from App.jsx (all must route through SmokeCraftScreenRenderer)
  PASS  session-21's required interactive region ('section-review') is still registered in the interaction manifest
  PASS  src/pages/smokecraft/HumidorMatch.jsx: still renders SmokeCraftLessonInfoButton (Session 2 lesson title/Golden Box/Why It Matters)
  PASS  smokecraftEducationalEnrichment.js: session 2 entry still has both whyItMatters and goldenBox
  PASS  src/pages/smokecraft/Format.jsx: still renders SmokeCraftLessonInfoButton (Session 5 lesson title/Golden Box/Why It Matters)
  PASS  smokecraftEducationalEnrichment.js: session 5 entry still has both whyItMatters and goldenBox
  PASS  src/pages/smokecraft/CutToastLight.jsx: still renders SmokeCraftLessonInfoButton (Session 6 lesson title/Golden Box/Why It Matters)
  PASS  smokecraftEducationalEnrichment.js: session 6 entry still has both whyItMatters and goldenBox
  PASS  src/pages/smokecraft/FirstThird.jsx: still renders SmokeCraftLessonInfoButton (Session 8 lesson title/Golden Box/Why It Matters)
  PASS  smokecraftEducationalEnrichment.js: session 8 entry still has both whyItMatters and goldenBox
  PASS  src/pages/smokecraft/FlavorMemory.jsx: still renders SmokeCraftLessonInfoButton (Session 10 lesson title/Golden Box/Why It Matters)
  PASS  smokecraftEducationalEnrichment.js: session 10 entry still has both whyItMatters and goldenBox
  PASS  src/pages/smokecraft/PairingLab.jsx: still renders SmokeCraftLessonInfoButton (Session 11 lesson title/Golden Box/Why It Matters)
  PASS  smokecraftEducationalEnrichment.js: session 11 entry still has both whyItMatters and goldenBox
  PASS  src/pages/smokecraft/SecondThird.jsx: still renders SmokeCraftLessonInfoButton (Session 12 lesson title/Golden Box/Why It Matters)
  PASS  smokecraftEducationalEnrichment.js: session 12 entry still has both whyItMatters and goldenBox
  PASS  src/pages/smokecraft/FinalThird.jsx: still renders SmokeCraftLessonInfoButton (Session 16 lesson title/Golden Box/Why It Matters)
  PASS  smokecraftEducationalEnrichment.js: session 16 entry still has both whyItMatters and goldenBox
  PASS  src/pages/smokecraft/Scorecard.jsx: still renders SmokeCraftLessonInfoButton (Session 19 lesson title/Golden Box/Why It Matters)
  PASS  smokecraftEducationalEnrichment.js: session 19 entry still has both whyItMatters and goldenBox
  PASS  src/pages/smokecraft/PassportStamp.jsx: still renders SmokeCraftLessonInfoButton (Session 23 lesson title/Golden Box/Why It Matters)
  PASS  smokecraftEducationalEnrichment.js: session 23 entry still has both whyItMatters and goldenBox
  PASS  src/pages/smokecraft/FinalReview.jsx: still renders SmokeCraftLessonInfoButton (Session 24 lesson title/Golden Box/Why It Matters)
  PASS  smokecraftEducationalEnrichment.js: session 24 entry still has both whyItMatters and goldenBox
  PASS  src/pages/smokecraft/MeetYourCigar.jsx: still renders SmokeCraftLessonInfoButton (Session 3 lesson title/Golden Box/Why It Matters)
  PASS  smokecraftEducationalEnrichment.js: session 3 entry still has both whyItMatters and goldenBox
  PASS  src/pages/smokecraft/Terroir.jsx: still renders SmokeCraftLessonInfoButton (Session 4 lesson title/Golden Box/Why It Matters)
  PASS  smokecraftEducationalEnrichment.js: session 4 entry still has both whyItMatters and goldenBox
  PASS  src/pages/smokecraft/LightingTutorial.jsx: still renders SmokeCraftLessonInfoButton (Session 7 lesson title/Golden Box/Why It Matters)
  PASS  smokecraftEducationalEnrichment.js: session 7 entry still has both whyItMatters and goldenBox
  PASS  src/pages/smokecraft/MentorCommentary.jsx: still renders SmokeCraftLessonInfoButton (Session 14 lesson title/Golden Box/Why It Matters)
  PASS  smokecraftEducationalEnrichment.js: session 14 entry still has both whyItMatters and goldenBox
  PASS  src/pages/smokecraft/KnowledgeDrop.jsx: still renders SmokeCraftLessonInfoButton (Session 15 lesson title/Golden Box/Why It Matters)
  PASS  smokecraftEducationalEnrichment.js: session 15 entry still has both whyItMatters and goldenBox
  PASS  src/pages/smokecraft/AISummary.jsx: still renders SmokeCraftLessonInfoButton (Session 21 lesson title/Golden Box/Why It Matters)
  PASS  smokecraftEducationalEnrichment.js: session 21 entry still has both whyItMatters and goldenBox
  PASS  src/pages/smokecraft/PairingRecommendations.jsx: still renders SmokeCraftLessonInfoButton (Session 22 lesson title/Golden Box/Why It Matters)
  PASS  smokecraftEducationalEnrichment.js: session 22 entry still has both whyItMatters and goldenBox
  PASS  SmokeCraftLessonInfoButton: button uses position:'fixed' (not 'absolute', which clips inside SmokeCraftImageBoundsOverlay)
  PASS  src/pages/smokecraft/HumidorMatch.jsx: still has the "if (done) return" duplicate-fire guard on its Continue handler
  PASS  src/pages/smokecraft/FirstThird.jsx: still has the "if (done) return" duplicate-fire guard on its Continue handler

=== RESULT: PASS — 0 failing check(s) ===

── SmokeCraft control-coverage validator (Holistic Fix 2E-11)

  OK    raw discovery total (276) equals inventory total (276)
  OK    map doc declares "Total controls: 276. Total mapped: 276. Unmapped: 0."
  OK    every control in the inventory has a non-empty group assignment
  OK    group "navigation": inventory count (55) matches byGroupCounts (55)
  OK    group "navigation": map doc summary table shows count 55
  OK    group "selection-toggle": inventory count (94) matches byGroupCounts (94)
  OK    group "selection-toggle": map doc summary table shows count 94
  OK    group "rating-toggle": inventory count (67) matches byGroupCounts (67)
  OK    group "rating-toggle": map doc summary table shows count 67
  OK    group "tab-disclosure": inventory count (23) matches byGroupCounts (23)
  OK    group "tab-disclosure": map doc summary table shows count 23
  OK    group "tasting-input": inventory count (12) matches byGroupCounts (12)
  OK    group "tasting-input": map doc summary table shows count 12
  OK    group "completion": inventory count (23) matches byGroupCounts (23)
  OK    group "completion": map doc summary table shows count 23
  OK    group "honest-disabled": inventory count (2) matches byGroupCounts (2)
  OK    group "honest-disabled": map doc summary table shows count 2
  OK    sum of all group counts (276) equals total controls (276)
  OK    group "navigation" has a browser-test reference
  OK    group "navigation"'s referenced test script exists on disk (verify-smokecraft-hf2e5-curriculum-forward-backward.mjs)
  OK    group "selection-toggle" has a browser-test reference
  OK    group "selection-toggle"'s referenced test script exists on disk (verify-smokecraft-hf2e10-control-state-persistence.mjs)
  OK    group "rating-toggle" has a browser-test reference
  OK    group "rating-toggle"'s referenced test script exists on disk (verify-smokecraft-hf2e10-control-state-persistence.mjs)
  OK    group "tab-disclosure" has a browser-test reference
  OK    group "tab-disclosure"'s referenced test script exists on disk (verify-smokecraft-hf2e10-control-state-persistence.mjs)
  OK    group "tasting-input" has a browser-test reference
  OK    group "tasting-input"'s referenced test script exists on disk (verify-smokecraft-hf2e10-control-state-persistence.mjs)
  OK    group "completion" has a browser-test reference
  OK    group "completion"'s referenced test script exists on disk (verify-smokecraft-hf2e10-control-state-persistence.mjs)
  OK    group "honest-disabled" has a browser-test reference
  OK    group "honest-disabled"'s referenced test script exists on disk (verify-smokecraft-hf2e10-control-state-persistence.mjs)
  OK    navigation-required group "navigation" has a destination-assertion reference
  OK    persistence-required group "rating-toggle" has a reload-test reference
  OK    navigation-required group "completion" has a destination-assertion reference
  OK    duplicate-risk group "completion" has a rapid-double-action test reference
  OK    disabled-state-expected group "honest-disabled" has an honest-state assertion reference
  OK    session 1 has at least one mapped control
  OK    session 2 has at least one mapped control
  OK    session 3 has at least one mapped control
  OK    session 4 has at least one mapped control
  OK    session 5 has at least one mapped control
  OK    session 6 has at least one mapped control
  OK    session 7 has at least one mapped control
  OK    session 8 has at least one mapped control
  OK    session 10 has at least one mapped control
  OK    session 11 has at least one mapped control
  OK    session 12 has at least one mapped control
  OK    session 14 has at least one mapped control
  OK    session 15 has at least one mapped control
  OK    session 16 has at least one mapped control
  OK    session 19 has at least one mapped control
  OK    session 21 has at least one mapped control
  OK    session 22 has at least one mapped control
  OK    session 23 has at least one mapped control
  OK    session 24 has at least one mapped control
  OK    session 25 has at least one mapped control
  OK    session 26 has at least one mapped control
  OK    session 27 has at least one mapped control
  OK    all 22 primary sessions are represented in the inventory
  OK    deep control-behavior proof file exists
  OK    deep control-behavior proof reports 0 failures
  OK    deep control-behavior proof covers the 6 non-navigation implementation groups
  OK    navigation group's forward/backward test script exists on disk

=== RESULT: PASS (0 checks failed) ===
── SmokeCraft responsive-regression validator (Holistic Fix 3)

  OK    inventory covers all live routes (130)
  OK    no route has a navigation timeout/crash at any viewport
  OK    no route has horizontal overflow at any of the 5 viewports
  OK    no route blocks vertical scrolling when content exceeds the viewport
  OK    no route has a real control obscured behind the fixed bottom nav
  OK    no hero/backdrop image is stretched or distorted (object-fit:fill with a mismatched box)

=== RESULT: PASS (0 checks failed) ===
── SmokeCraft player-state integrity validator (Holistic Fix 4)

  OK    docs/smokecraft/SMOKECRAFT_STATE_OWNERSHIP_MAP.md exists
  OK    migration 092 (canonical player state) exists
  OK    migration 092 has a rollback script
  OK    migration 093 (idempotency-key guest-scope fix) exists
  OK    rollback file does NOT live inside server/db/migrations (would be picked up and auto-run as a forward migration)
  OK    smokecraft_session_completions has a UNIQUE constraint on (guest_reference, session_id)
  OK    smokecraft_awards has a UNIQUE index on (guest_reference, award_type, award_key)
  OK    migration 093 drops the global UNIQUE constraint on smokecraft_session_completions.idempotency_key
  OK    migration 093 adds a guest-scoped UNIQUE index instead
  OK    migration 093 does the same fix for smokecraft_awards
  OK    controller derives guestReference only from req.smokecraftIdentity, never req.body
  OK    XP amount for session completion comes from the server-owned reward table, not the request body
  OK    XP award endpoint validates the award key against a server-known table (getNamedXpAmount), never trusts a client amount directly
  OK    every mutation requires a client-supplied idempotencyKey (validated, not optional)
  OK    completeSession uses BEGIN/COMMIT/ROLLBACK (real transaction, not fire-and-forget writes)
  OK    every mutation path records an audit row (applied or duplicate_replay)
  OK    client.release() is called (no connection leak) via a finally block
  OK    player-state routes require requireSmokeCraftIdentity (server-verified cookie) on every state-touching route
  OK    player-state routes are rate-limited
  OK    mutation routes reuse ensureSmokeCraftGuestIdentity (the existing, proven JWT-cookie identity system) rather than inventing a new one
  OK    smokecraftPlayerStateRoutes is imported in server/index.js
  OK    smokecraftPlayerStateRoutes is mounted at '/api/smokecraft/player-state'
  OK    awardSessionRewards calls the new server-authoritative completeSessionOnServer
  OK    awardStamp calls the new server-authoritative awardPassportStampOnServer
  OK    client adapter returns { ok: false } on network failure, never a fabricated success
  OK    client adapter checks data.success === true before treating a response as ok (no fake-success on a malformed 200)

=== RESULT: PASS (0 checks failed) ===
── SmokeCraft account-integrity validator (Holistic Fix 4B)

  OK    docs/smokecraft/SMOKECRAFT_GUEST_ACCOUNT_MERGE_POLICY.md exists
  OK    migration 094 exists
  OK    migration 094 has a rollback script
  OK    rollback file does not live inside server/db/migrations
  OK    smokecraft_guest_conversions has UNIQUE(guest_reference) — a guest can convert at most once, ever
  OK    smokecraft_player_state gains journey_version for optimistic concurrency
  OK    convertGuestToAccount recomputes XP from merged rows (SUM), never adds guest.xp + account.xp directly
  OK    convertGuestToAccount checks smokecraft_guest_conversions for an existing row before converting (idempotent)
  OK    saveJourneySnapshot rejects a stale expectedVersion with a conflict result rather than silently overwriting
  OK    handleConvertGuest requires req.user.role === passport_member (a real authenticated account)
  OK    handleConvertGuest requires req.smokecraftGuestCookieIdentity (server-verified cookie), never a client-supplied guest id
  OK    handleSaveJourneySnapshot requires a numeric expectedVersion from the client (optimistic-concurrency contract)
  OK    accountService reuses authService.hashPin/verifyPin (bcrypt) rather than inventing new hashing
  OK    accountService reuses authService.createJwtForUser/createAuthSession (existing session infra)
  OK    accountService reuses the existing lockout pattern (lockUserIfNeeded) rather than inventing new lockout logic
  OK    no raw/plaintext password or PIN is ever logged or returned outside the dev-only response path
  OK    devDeliveryPin (dev-only PIN exposure) is gated on NODE_ENV, never unconditional
  OK    src/pages/smokecraft/Account.jsx contains no JWT_SECRET / hardcoded credential / bcrypt hash literal
  OK    src/services/smokecraft/stateAdapter.js contains no JWT_SECRET / hardcoded credential / bcrypt hash literal
  OK    src/services/smokecraft/playerStateApiClient.js contains no JWT_SECRET / hardcoded credential / bcrypt hash literal
  OK    SmokeCraftJourneyContext imports and uses the shared stateAdapter (not bypassing it)
  OK    smokecraftAccountRoutes is mounted
  OK    convert-guest route is mounted
  OK    journey-snapshot GET/PUT routes are mounted

=== RESULT: PASS (0 checks failed) ===
── SmokeCraft gameplay-integrity validator (Holistic Fix 5A)

  OK    docs/smokecraft/SMOKECRAFT_GAMEPLAY_ENGINE_MAP.md exists
  OK    migration 095 exists
  OK    migration 095 has a rollback script
  OK    rollback file does not live inside server/db/migrations
  OK    smokecraft_rank_history has UNIQUE(guest_reference, rank_label) — idempotent promotion
  OK    smokecraft_gameplay_rules has UNIQUE(rule_key, version) — versioned, not overwritable
  OK    grantSessionBadgesInTx runs inside completeSession's transaction (client never separately claims a session-tied badge)
  OK    grantSessionPassportStampInTx runs inside the same transaction
  OK    badge/stamp grants use ON CONFLICT DO NOTHING against the real UNIQUE index (duplicate-protected, not app-level only)
  OK    rank is recomputed server-side from xp_total, never trusted from the client
  OK    no automatic demotion — recomputeRankInTx only ever changes rank when the newly computed rank differs (promotion), never compares for a lower value to force a downgrade
  OK    badge criteria are read from SESSION_REWARDS (existing single source of truth), not duplicated
  OK    rank ladder is read from SC_RANKS (existing, already-approved, already-aligned constant) — not a newly invented ladder
  OK    leaderboard query selects from smokecraft_player_state (real data)
  OK    leaderboard query has no hardcoded/mock guest names or scores
  OK    client leaderboard service fetches the real API, never returns a hardcoded communityEntries array
  OK    leaderboard preference endpoint validates displayName/eligible types, never trusts arbitrary client fields for scoring
  OK    no controller path accepts a client-supplied XP/score/badge/rank amount for the completion or award endpoints (still true from Holistic Fix 4)
  OK    Mentor.jsx has exactly one setSelectedMentor call site, reactive to journey.mentor (not an independent write)
  OK    leaderboard read route is mounted
  OK    leaderboard preference route requires identity (not anonymous-writable)

=== RESULT: PASS (0 checks failed) ===

── SmokeCraft gameplay-reward-authority validator (Holistic Fix 5A-2)

  OK    src/pages/smokecraft/Art.jsx: every addXP() call passes a named server-known source (no bare client-only XP grant)
  OK    src/pages/smokecraft/Available.jsx: every addXP() call passes a named server-known source (no bare client-only XP grant)
  OK    src/pages/smokecraft/Cultivation.jsx: every addXP() call passes a named server-known source (no bare client-only XP grant)
  OK    src/pages/smokecraft/Leaves.jsx: every addXP() call passes a named server-known source (no bare client-only XP grant)
  OK    KnowledgeCheck.jsx no longer calls addXP() directly (server-verified quiz submit only)
  OK    KnowledgeCheck.jsx submits raw responses via submitKnowledgeCheck, not a client score
  OK    LeafChallenge.jsx no longer calls addXP()/addBadge()/awardStamp() directly for the final-round reward (server-verified submit only)
  OK    LeafChallenge.jsx submits raw answers via submitLeafChallenge, not a client score
  OK    LeafChallenge.jsx sources its answer key from the shared, server-dual-imported data module (not an inline duplicate)
  OK    Blend.jsx no longer calls addXP()/awardStamp() directly (server-verified blend-selection submit only, Holistic Fix 5A-3)
  OK    Blend.jsx submits its raw wrapper/binder/filler selection via submitBlendSelection, not a client claim
  OK    submitBlendSelection validates a complete, well-formed selection server-side (wrapper/binder/exactly-3-fillers), never trusting a bare completion claim
  OK    submitKnowledgeCheck scores server-side against the real question data (scoreQuestionSet), not a client-submitted score
  OK    submitLeafChallenge scores server-side against the real answer key (scoreLeafChallenge), not a client-submitted score
  OK    correctReward requires both a reason and an authorizedBy identity (never a silent/anonymous correction)
  OK    correctReward never deletes/updates the original award/attempt row — only inserts a new correction row
  OK    The /corrections route is gated by requireStaff (never reachable by a plain learner identity)
  OK    Quiz and Leaf Challenge submit routes require a verified SmokeCraft identity
  OK    NAMED_XP_SOURCES is populated (not the empty placeholder from Holistic Fix 4) — named XP is now real, not dead code
  OK    Migration 096 (activity ledger + corrections) exists
  OK    Migration 096 has a rollback script outside server/db/migrations
  OK    smokecraft_activity_attempts has UNIQUE(guest_reference, activity_type, activity_key) — one scored attempt per activity ever
  OK    smokecraft_reward_corrections is append-only structured (has a reason and authorized_by column)
  OK    Seed script for the versioned rule registry exists
  OK    Rule seed script sources values from existing constants (SESSION_REWARDS/SC_RANKS/question sets), never invents new numbers
  OK    Rule seed script uses ON CONFLICT DO NOTHING on (rule_key, version) — a rule row is immutable once written

=== RESULT: PASS (0 checks failed) ===


── SmokeCraft alert pointer-safety validator (Holistic Fix 5A-3B, SC-D027)

  OK    BuildDiagnosticFooter.jsx exists and is readable
  OK    The mismatch banner still has role="alert" (screen-reader semantics intact)
  OK    The mismatch-banner JSX block is present and parseable
  OK    The banner's outer wrapper is pointer-transparent (pointerEvents: 'none') — SC-D027 fix, empty regions never block controls underneath
  OK    The Refresh button explicitly opts back into pointer events (pointerEvents: 'auto') — remains clickable
  OK    The Refresh button still has a real onClick handler (interactive action not accidentally disabled)
  OK    The banner is still full-viewport-width at top:0 (visual/position unchanged — no redesign)

=== RESULT: PASS (0 checks failed) ===


── SmokeCraft tasting-authority validator (Holistic Fix 5A-3D)

  OK    MiniTasting.jsx no longer calls addXP() directly (server-verified completion only)
  OK    MiniTasting.jsx uses the shared server adapter for draft load/save (loadTastingDraft/saveTastingDraft)
  OK    MiniTasting.jsx submits completion via the shared adapter (completeTasting), not a local claim
  OK    Completion is gated on a real selection (primaryDisabled tied to !selectedId)
  OK    submitTastingCompletion validates selectedCigarId against the server's own flight inventory (validIds), never trusting the client id blindly
  OK    submitTastingCompletion is idempotent via the existing smokecraft_activity_attempts UNIQUE constraint (activity_type='tasting')
  OK    saveTastingDraft never grants XP or completion (draft save is reward-free — search confirms no xp_total UPDATE inside saveTastingDraft)
  OK    saveTastingDraft enforces optimistic concurrency (expectedVersion check before write)
  OK    Tasting draft/completion routes all require a verified SmokeCraft identity
  OK    handleSaveTastingDraft requires an explicit expectedVersion (no default that would silently skip stale-write protection)
  OK    Draft/completion controllers never log or forward request bodies to a public audit/console path beyond the DB row itself (no console.log of req.body in these handlers)
  OK    Migration 097 (tasting drafts) exists
  OK    Migration 097 has a rollback script outside server/db/migrations
  OK    smokecraft_tasting_drafts has UNIQUE(guest_reference, activity_key) — one draft row per guest per activity
  OK    smokecraft_tasting_drafts has a version column for optimistic concurrency

=== RESULT: PASS (0 checks failed) ===


── SmokeCraft cultivator-authority validator (Holistic Fix 5A-3E)

  OK    Cultivation.jsx no longer calls addXP()/awardStamp() directly inside handleSave (server-verified submit only)
  OK    Cultivation.jsx submits evidence via the shared adapter (submitCultivatorEvidence)
  OK    Save is gated on all required stages being viewed (allStagesViewed used in the disabled condition)
  OK    Cultivation.jsx sources the required-stage list from the shared, server-dual-imported data module
  OK    submitCultivatorEvidence verifies the submitted evidence covers every real required stage (CULTIVATION_STAGE_IDS.every), never trusting a bare completion claim
  OK    submitCultivatorEvidence is idempotent via the existing smokecraft_activity_attempts UNIQUE constraint (activity_key='cultivator')
  OK    The cultivator Passport stamp insert uses ON CONFLICT DO NOTHING (duplicate-protected)
  OK    The cultivator submit route requires a verified SmokeCraft identity
  OK    handleSubmitCultivator requires a real idempotency key (requireIdempotencyKey)
  OK    handleSubmitCultivator requires viewedStageIds as a real array (rejects malformed input)
  OK    Shared cultivation-stage-id data module exists (dual-imported by client and server)
  OK    The shared stage-id list has no browser-only imports (safe to import server-side)
  OK    The shared stage-id list has exactly 7 real stage ids

=== RESULT: PASS (0 checks failed) ===


── SmokeCraft Collections-authority validator (Holistic Fix 5A-3F)

  OK    The Collections client only exposes read (getCollections/getItem) and server-recalculate (recalculate) calls — no client-set-ownership function exists
  OK    CollectionsCenter.jsx fetches live data via the shared collectionsApiClient (no local mirror)
  OK    CollectionsCenter.jsx has real loading/error/offline states (not a static mock)
  OK    recalculate() checks real evidence tables per item (EVIDENCE_CHECKS), never trusts a client-submitted ownership flag
  OK    Every collection item insert is duplicate-protected via ON CONFLICT on the real DB constraint
  OK    Collection unlock is idempotent via a stable idempotency_key, not a random one
  OK    A staff-authorized reversal is read from the append-only corrections ledger, never by deleting/editing the original ownership row
  OK    smokecraft_collection_ownership has a real UNIQUE(guest_reference, collection_item_key) constraint (duplicate ownership impossible at the DB level)
  OK    smokecraft_collection_ownership links a real source_progression_event_id (source event, not a bare flag)
  OK    Collections routes now have the dev/test rate-limiter skip (matches the established convention, closes a real found gap)
  OK    An authenticated account's Collections identity is prefixed with user: (consistent with the rest of player-state, real found-and-fixed defect)
  OK    Collections routes issue a fresh guest identity when none exists (ensureSmokeCraftGuestIdentity) — real found-and-fixed defect: a first-ever visit directly to /smokecraft/collections previously 401'd instead of getting a real guest identity
  OK    convertGuestToAccount transfers Collections ownership on guest-to-account conversion (real found-and-fixed gap — was previously never transferred)
  OK    correctReward supports a real reversed flag persisted to the DB (not silently dropped)
  OK    The /corrections route remains staff-gated (never a learner path) — unchanged from Holistic Fix 5A-2

=== RESULT: PASS (0 checks failed) ===


── SmokeCraft Skill-Tree-authority validator (Holistic Fix 5A-3G)

  OK    The Skill Tree client only exposes read (getSkillTree/getNode) and server-recalculate (recalculate) calls — no client-set-progress function exists
  OK    SkillTree.jsx fetches live data via the shared skillTreeApiClient (no local mirror)
  OK    SkillTree.jsx has real loading/error/offline states (not a static mock)
  OK    SkillTree.jsx renders a distinct visual state for a corrected/reversed node (not silently hidden)
  OK    recalculate() checks real evidence tables per node (EVIDENCE_CHECKS), never trusts a client-submitted completion flag
  OK    Every node has a completion_rule mapped to a real EVIDENCE_CHECKS entry (no node lacks verified evidence)
  OK    Node progression is duplicate-protected via ON CONFLICT on the real DB constraint
  OK    A staff-authorized reversal is read from the append-only corrections ledger, never by deleting/editing the original learner-state row
  OK    The persisted DB state column is never set to the non-enum "corrected" value (real CHECK constraint honored — correction is a read-time overlay only)
  OK    A reversed node breaks the downstream prerequisite chain (node totals are genuinely recalculated, not just relabeled)
  OK    smokecraft_skill_tree_learner_state has a real UNIQUE(guest_reference, node_key) constraint (duplicate progression impossible at the DB level)
  OK    smokecraft_skill_tree_learner_state links a real supporting_event_id (source event, not a bare flag)
  OK    Every node definition carries a completion_rule (the rule version/reference used for evidence evaluation)
  OK    Skill Tree routes have the dev/test rate-limiter skip (matches the established convention, closes a real found gap)
  OK    An authenticated account's Skill Tree identity is prefixed with user: (consistent with the rest of player-state, real found-and-fixed defect)
  OK    Skill Tree routes issue a fresh guest identity when none exists (ensureSmokeCraftGuestIdentity) — real found-and-fixed defect: a first-ever visit directly to /smokecraft/skill-tree previously 401'd instead of getting a real guest identity
  OK    convertGuestToAccount transfers the Skill Tree evidence tables on guest-to-account conversion (real found-and-fixed gap — was previously never transferred)
  OK    The evidence transfer is a deterministic recalculation performed AFTER commit, on a fresh connection (never reads its own uncommitted transaction)
  OK    The /corrections route remains staff-gated (never a learner path) — unchanged from Holistic Fix 5A-2
  OK    convert-guest response surfaces skillTreeEvidenceRowsTransferred/skillTreeCompletedNodes (auditable, not silently dropped)

=== RESULT: PASS (0 checks failed) ===


── SmokeCraft Leaderboard-authority validator (Holistic Fix 5A-3H)

  OK    getLeaderboard never accepts a client-submitted xpTotal/score — it SELECTs xp_total from the real player-state table
  OK    The eligibility WHERE clause enforces the real server-side opt-out (COALESCE(le.eligible, true) = true), not a client-supplied flag
  OK    A guest with zero real XP is honestly excluded, never shown as a fabricated zero-score row
  OK    Tie-breaking is deterministic: xp_total DESC, then completed_session_count DESC, then guest_reference ASC
  OK    displayName defaults to an honest "Guest ####" pattern, never the real email/account id, when unset
  OK    The public leaderboard payload never returns the raw guest_reference — only isCurrentUser is derived from it server-side
  OK    Venue scoping is a real, settable, persisted preference (venue_id column actually written), not a dead column
  OK    Pagination is real SQL LIMIT/OFFSET, not a client-side array slice
  OK    convertGuestToAccount transfers the leaderboard eligibility/opt-out/venue preference (real found-and-fixed gap — was previously never transferred)
  OK    XP corrections recompute smokecraft_player_state.xp_total directly (the same column the leaderboard reads), so placement is genuinely recalculated, never a separate cached leaderboard total
  OK    The leaderboard limit is server-side clamped to a real max (100), never trusting an arbitrarily large client-requested page size
  OK    The leaderboard offset is server-side clamped to a non-negative value
  OK    setLeaderboardPreference derives guestReference from the server-verified identity only (self-service, own identity only — never trusts a client-submitted guestReference for writes)
  OK    getLeaderboardSnapshot fetches the real authoritative player-state (fetchPlayerState) rather than trusting only the local GuestSessionContext mirror for the numbers it returns
  OK    A failed/offline fetch returns an honest error/offline status, never a fabricated empty-looking success
  OK    The Leaderboard screen renders the real fetched community entries (snapshot.communityEntries via filteredEntries), not only a synthetic single local entry
  OK    The screen prefers server-authoritative XP (authoritativeXp) for the displayed totals, not the local session mirror alone
  OK    The "You" indicator on a leaderboard row is driven by the server-computed isCurrentUser flag, never assumed for every row
  OK    The screen has real loading/error/offline states (not a static mock)
  OK    The screen supports real pagination controls (Prev/Next) over the server LIMIT/OFFSET
  OK    The "Refresh Rankings" control re-fetches real server data, not just a local timestamp bump
  OK    smokecraft_leaderboard_eligibility has a real UNIQUE guest_reference constraint (one preference row per identity)
  OK    smokecraft_leaderboard_eligibility carries a real venue_id column for venue-boundary enforcement
  OK    The documented tie-breaking rule matches the implementation exactly (xp_total DESC, completed_session_count DESC, guest_reference ASC)

=== RESULT: PASS (0 checks failed) ===


── SmokeCraft Pairing-Engine-authority validator (Holistic Fix 5B-1)

  OK    computeRecommendation always returns an explanation string
  OK    computeRecommendation always returns a ruleSetVersion
  OK    savePairing always recomputes the score itself (computeRecommendation), never trusts a client-submitted score field
  OK    An identical idempotency-key retry is a true no-op (no version bump, no new revision) — real idempotent save
  OK    Saved-pairing writes are duplicate-protected via a real DB UNIQUE constraint (natural key), not app-level-only
  OK    ratePairing enforces optimistic concurrency (expectedVersion) and returns a real 409-shaped conflict, never silently overwriting
  OK    Every save/rate mutation appends an append-only revision row before changing state — real revision history, never edited in place
  OK    getSavedPairing enforces ownership at the query level (WHERE ... AND guest_reference = $2), never fetching by id alone
  OK    The engine reuses the real, already-approved pairing data (STRENGTH_SCORE/TYPE_STRENGTH/HARMONY/GOAL_DESC/ADJUSTMENT_MAP/SERVING_STYLE) rather than inventing new cigar/beverage facts
  OK    No XP/badge/Passport-stamp is awarded by this package (mandate: only if an already-approved rule explicitly exists — none does here)
  OK    Ledger events cover all 4 required types: pairing_requested, pairing_recommended, pairing_saved, pairing_rated
  OK    Pairing-engine routes have the dev/test rate-limiter skip from day one
  OK    An authenticated account's pairing identity is prefixed with user: from day one (no repeat of the recurring identity-prefix defect)
  OK    Pairing-engine routes issue a fresh guest identity when none exists from day one (no repeat of the recurring first-visit-401 defect)
  OK    smokecraft_pairing_rules has a real UNIQUE(rule_key, version) constraint — versions are additive, never overwritable
  OK    smokecraft_pairing_saves has a real UNIQUE natural-key constraint (duplicate saves impossible at the DB level)
  OK    smokecraft_pairing_save_revisions has no UPDATE-style column at all — append-only by construction (only INSERT is possible)
  OK    PairingLab.jsx no longer imports the client-only scoring engine (buildRecommendation)
  OK    PairingLab.jsx uses the one shared pairing adapter (useSmokeCraftPairingEngine)
  OK    PairingLab.jsx has a single accessible page title (real found-and-fixed gap — Holistic Fix 5B-1A, found live via Playwright)
  OK    PairingLab.jsx's journey-sync effect depends on real primitive values, not a freshly-created object each render (real found-and-fixed infinite-render-loop defect — Holistic Fix 5B-1A, found live via Playwright: chip buttons constantly detaching from the DOM)
  OK    PairingLab.jsx's Pairing Choices panel has an explicit stacking order above the underlying pairing-type hotspots it measurably overlaps (real found-and-fixed blocked-overlay defect — Holistic Fix 5B-1A, found live via Playwright: "element intercepts pointer events")
  OK    PairingRecommendations.jsx no longer imports the client-only scoring engine (rankAllCategories)
  OK    PairingRecommendations.jsx uses the one shared pairing adapter (useSmokeCraftPairingEngine)
  OK    PairingRecommendations.jsx saves through the real server endpoint (engine.save), not only a local journey mirror
  OK    The shared adapter never computes a score itself — every status transition is driven by a real server response or a real network condition
  OK    The shared adapter represents the mandated state set (no-cigar/no-beverage/calculating/ready/low-confidence/no-safe-recommendation/offline/session-expired)
  OK    The pairing-engine API client only exposes recommend/rank/save/get/rate calls — no client-side score-setting function exists

=== RESULT: PASS (0 checks failed) ===


── SmokeCraft Mentor-Guidance-authority validator (Holistic Fix 5B-2A)

  OK    Mentor identity is looked up from the real, single roster (getMentorById), never trusted as a client-submitted name/country/flag
  OK    An unrecognized mentorId is rejected, never fabricates a mentor identity
  OK    Guidance never awards XP, badges, or Passport stamps (mentor guidance is read-only)
  OK    Guidance never issues an UPDATE/INSERT against smokecraft_player_state, smokecraft_awards, or any reward table (read-only queries only)
  OK    Every real signal query is scoped by guest_reference (never a global/unscoped query that could leak another learner's data)
  OK    The fallback state (no real signal available) is honestly labeled, using the mentor's own real roster greeting — never a fabricated achievement
  OK    Every response includes message/reason/nextAction/sourceContext/confidence/messageVersion — no unexplained guidance is possible
  OK    Mentor-guidance routes have the dev/test rate-limiter skip from day one
  OK    An authenticated account's mentor-guidance identity is prefixed with user: from day one
  OK    Mentor-guidance routes issue a fresh guest identity when none exists from day one
  OK    The shared guidance hook reads the selected mentor from the one canonical source (SmokeCraftJourneyContext.journey.mentor), never a second mentor store
  OK    The shared guidance hook never computes guidance itself — only requests it from the server
  OK    The shared guidance hook represents the mandated state set (no-mentor/loading/ready/unavailable/offline/session-expired)
  OK    DynamicMentorPanel uses the one shared mentor-guidance adapter (useSmokeCraftMentorGuidance)
  OK    MentorCommentary.jsx no longer keys guidance off a hardcoded per-mentor-id map that never matched the real roster (real found-and-fixed defect SC-D050)
  OK    MentorCommentary.jsx uses the one shared mentor-guidance adapter (useSmokeCraftMentorGuidance)
  OK    MentorCommentary.jsx renders real roster fields (mentor.country/mentor.bio), not the nonexistent mentor.origin/mentor.expertise (real found-and-fixed defect)
  OK    Mentor.jsx retains exactly one write path for the selected mentor (setMentor to SmokeCraftJourneyContext) — no second, competing mentor-selection owner reappeared
  OK    SkillTree.jsx's mentor panel uses the shared context-aware guidance service (context prop), not a hardcoded guidance string

── Holistic Fix 5B-2A-1 additions ──

  OK    Live pairing-aware guidance is scored with the SAME computeRecommendation function the pairing engine itself uses — never a second, competing scoring path that could contradict it
  OK    The live-pairing signal takes priority over a stale saved-pairing row when a current pairing selection is supplied
  OK    The live-pairing guidance message embeds the exact real compatScore (no rounding/altering it, no independent claim)
  OK    ChallengeHub.jsx no longer passes a static hardcoded guidance string to DynamicMentorPanel
  OK    ChallengeHub.jsx uses the shared context-aware guidance service (context prop)
  OK    BlendFaultChallenge.jsx no longer passes a static hardcoded guidance string to DynamicMentorPanel
  OK    BlendFaultChallenge.jsx uses the shared context-aware guidance service (context prop)
  OK    FillerArrangement.jsx no longer passes a static hardcoded guidance string to DynamicMentorPanel
  OK    FillerArrangement.jsx uses the shared context-aware guidance service (context prop)
  OK    CollectionsCenter.jsx no longer passes a static hardcoded guidance string to DynamicMentorPanel
  OK    CollectionsCenter.jsx uses the shared context-aware guidance service (context prop)
  OK    PairingLab.jsx connects a real mentor-guidance panel using the shared service (context="pairing-lab")
  OK    PairingLab.jsx passes the real live cigar+beverage selection as pairingContext (not a static string, not bypassing the shared service)
  OK    PairingRecommendations.jsx connects a real mentor-guidance panel using the shared service (context="pairing-recommendations")
  OK    PairingRecommendations.jsx passes the real live cigar+beverage selection as pairingContext (not a static string, not bypassing the shared service)
  OK    No active mentor panel in this pass's scope still passes a static guidance string (client-side hardcoded text is fully retired for these 6 screens)
  OK    Mentor.jsx still retains exactly one write path for the selected mentor — no duplicate mentor ownership reappeared across this pass's 6-screen wiring

=== RESULT: PASS (0 checks failed) ===


> crafthub-360-production@1.0.0 build
> vite build

vite v4.5.14 building for production...
transforming...
[plugin:vite:esbuild] Duplicate key "border" in object literal
113|          borderRadius: 9,
114|          background: selected ? `linear-gradient(160deg, ${statusColor}55, ${statusColor}22)` : cardBg,
115|          border: `2px solid ${selected ? GOLD : statusColor}`,
   |          ^
116|          boxShadow: selected
117|            ? `0 0 0 3px rgba(201,149,44,0.35), 0 0 12px ${statusColor}88, 0 2px 8px rgba(0,0,0,0.6)`

✓ 2025 modules transformed.
rendering chunks...
[plugin:vite:reporter] 
(!) /home/user/crafthub-360-stitch/src/api/passportScanApi.js is dynamically imported by /home/user/crafthub-360-stitch/src/pages/passport/PassportHome.jsx but also statically imported by /home/user/crafthub-360-stitch/src/pages/passport/PassportHome.jsx, dynamic import will not move module into another chunk.

computing gzip size...
dist/index.html                                               0.80 kB │ gzip:   0.41 kB
dist/assets/BootConsole-174cbfbc.css                          8.49 kB │ gzip:   2.16 kB
dist/assets/index-b84cfafb.css                              129.56 kB │ gzip:  22.28 kB
dist/assets/testModeConfig-93ff0050.js                        1.22 kB │ gzip:   0.52 kB
dist/assets/packagingStudioApiClient-dafcb5ef.js              1.56 kB │ gzip:   0.73 kB
dist/assets/venueHumidorCustomerApiClient-f32151ec.js         2.43 kB │ gzip:   0.97 kB
dist/assets/MentorGuidancePanel-1bfb949f.js                   2.68 kB │ gzip:   0.84 kB
dist/assets/PinPad-c7d09401.js                                3.27 kB │ gzip:   1.14 kB
dist/assets/useAdminVenueId-13a4cc98.js                       3.71 kB │ gzip:   1.19 kB
dist/assets/PrototypeDisclosure-d99aa99d.js                   3.97 kB │ gzip:   1.56 kB
dist/assets/PackagingStudioDashboard-c3840436.js              4.68 kB │ gzip:   1.43 kB
dist/assets/PackagingReview-bcfd8c3a.js                       4.82 kB │ gzip:   1.42 kB
dist/assets/JudgeDashboard-76b386eb.js                        4.85 kB │ gzip:   1.51 kB
dist/assets/PackagingStudioShare-ef76e3e8.js                  6.13 kB │ gzip:   1.55 kB
dist/assets/OfflineMode-ea4eec07.js                           6.40 kB │ gzip:   1.92 kB
dist/assets/VenueHumidorMyAcquisitions-5fcb7ffc.js            6.81 kB │ gzip:   1.70 kB
dist/assets/MentorReview-9dbf223a.js                          7.16 kB │ gzip:   2.23 kB
dist/assets/AdminLogin-c065b580.js                            7.24 kB │ gzip:   2.03 kB
dist/assets/StaffLogin-36405bbf.js                            7.35 kB │ gzip:   2.14 kB
dist/assets/FounderLogin-d1d3f1f4.js                          7.82 kB │ gzip:   2.05 kB
dist/assets/PackagingStudioVersions-58ccd7d1.js               8.03 kB │ gzip:   1.65 kB
dist/assets/MentorLogin-db4c4fd0.js                           8.15 kB │ gzip:   2.23 kB
dist/assets/DevLogin-56a9c5ac.js                              8.51 kB │ gzip:   2.32 kB
dist/assets/InstallHelp-722718bc.js                           8.75 kB │ gzip:   2.57 kB
dist/assets/VenueHumidorOrderConfirmation-b76c55b7.js         9.03 kB │ gzip:   2.23 kB
dist/assets/VenueHumidorMyOrders-e2a0d712.js                  9.92 kB │ gzip:   2.25 kB
dist/assets/KioskSetup-43ad9bbe.js                           10.06 kB │ gzip:   2.36 kB
dist/assets/GoldenBoxHub-67b54e45.js                         10.29 kB │ gzip:   2.09 kB
dist/assets/VenueHumidorPickup-abd6cc9e.js                   10.53 kB │ gzip:   2.50 kB
dist/assets/PilotReadinessDashboard-3b3d34cc.js              10.59 kB │ gzip:   2.13 kB
dist/assets/CompetitionDetail-1c517d34.js                    10.79 kB │ gzip:   2.26 kB
dist/assets/VenueHumidorFulfillmentHistory-ed88d7e1.js       11.06 kB │ gzip:   2.04 kB
dist/assets/SystemOverview-9c7c9a91.js                       11.28 kB │ gzip:   2.96 kB
dist/assets/VenueHumidorAcquisitionDetail-c1b18151.js        11.91 kB │ gzip:   2.53 kB
dist/assets/VenueHumidorAdminInventoryEvents-c338e07a.js     13.22 kB │ gzip:   2.24 kB
dist/assets/VenueHumidorHandoff-ad9efd8c.js                  13.40 kB │ gzip:   3.04 kB
dist/assets/VenueHumidorReceipt-d58adfeb.js                  14.09 kB │ gzip:   2.38 kB
dist/assets/VenueHumidorCheckout-cfe14abd.js                 14.74 kB │ gzip:   3.20 kB
dist/assets/VenueHumidorAssistedSelling-32723189.js          14.83 kB │ gzip:   2.64 kB
dist/assets/VenueHumidorOrderQueue-daf86fa4.js               14.83 kB │ gzip:   2.63 kB
dist/assets/MentorConsole-d465e725.js                        15.12 kB │ gzip:   3.42 kB
dist/assets/VenueHumidorMyOrderDetail-2b050a18.js            15.13 kB │ gzip:   2.80 kB
dist/assets/InvestorDemo-7a9b87cb.js                         16.08 kB │ gzip:   3.78 kB
dist/assets/DeviceStatus-e9beb69a.js                         16.09 kB │ gzip:   3.54 kB
dist/assets/VenueHumidorBrowser-86249979.js                  16.67 kB │ gzip:   3.35 kB
dist/assets/DevDiagnostics-b8ad7930.js                       17.16 kB │ gzip:   3.22 kB
dist/assets/VenueHumidorAdminDashboard-700cf42b.js           18.13 kB │ gzip:   2.59 kB
dist/assets/VenueOwnerDemo-f778b851.js                       18.86 kB │ gzip:   4.43 kB
dist/assets/VenueHumidorRecommendations-58757856.js          19.09 kB │ gzip:   3.41 kB
dist/assets/VenueHumidorCigarDetail-e4a3d334.js              19.65 kB │ gzip:   3.79 kB
dist/assets/FounderControl-ff8a168d.js                       21.82 kB │ gzip:   4.34 kB
dist/assets/PilotOnboarding-19492292.js                      22.63 kB │ gzip:   3.98 kB
dist/assets/JudgeEntryReview-f929d3e3.js                     23.23 kB │ gzip:   5.15 kB
dist/assets/PackagingStudioEditor-2741afba.js                24.32 kB │ gzip:   4.75 kB
dist/assets/ResultsExperience-69ef5c35.js                    24.47 kB │ gzip:   4.67 kB
dist/assets/FounderDemo-5531982e.js                          25.15 kB │ gzip:   5.66 kB
dist/assets/VenueHumidorOrderDetail-65aa11c7.js              26.02 kB │ gzip:   4.47 kB
dist/assets/VenueManagementCommandHub-233e7ac0.js            29.74 kB │ gzip:   5.69 kB
dist/assets/BootConsole-827e8e85.js                          32.58 kB │ gzip:   6.79 kB
dist/assets/VenueHumidorAdminProductForm-6d161bf2.js         35.92 kB │ gzip:   5.51 kB
dist/assets/EntryWorkspace-79b1d34d.js                       37.95 kB │ gzip:   7.01 kB
dist/assets/ModuleDeploymentCenter-3bdb94c0.js               38.13 kB │ gzip:   8.69 kB
dist/assets/VenueTestControl-6b464476.js                     55.37 kB │ gzip:   9.16 kB
dist/assets/Admin-329fbe7f.js                                97.90 kB │ gzip:  16.93 kB
dist/assets/index-668c1ceb.js                             5,335.35 kB │ gzip: 914.99 kB

(!) Some chunks are larger than 500 kBs after minification. Consider:
- Using dynamic import() to code-split the application
- Use build.rollupOptions.output.manualChunks to improve chunking: https://rollupjs.org/configuration-options/#output-manualchunks
- Adjust chunk size limit for this warning via build.chunkSizeWarningLimit.
✓ built in 27.32s

── Session 2 (Humidor Match) — route loads, incorrect flow, correct flow ──
  PASS  Session 2 route loads with real environment zones visible
  PASS  An incorrect environment selection shows real, honest feedback (no fake success)
  PASS  Incorrect selection does not navigate away / complete the session
  PASS  The correct selection completes and navigates to the real next step
  PASS  XP total increased after Session 2 completion
  PASS  Session 2 completion persists after a genuine reload

── Session 5 (Format) — sequencing, incorrect flow, correct flow ──
  PASS  Session 5 route loads with the required sequencing panel visible
  PASS  An incorrect sequence shows real, honest feedback
  PASS  The correct sequence completes and navigates to the real next step

── Session 6 (Cut-Toast-Light) — matching, incorrect flow, correct flow ──
  PASS  Session 6 route loads with the required matching panel visible
  PASS  An incorrect matching shows real, honest feedback
  PASS  The correct matching completes and navigates to the real next step

── Session 10 (Flavor Memory) — hotspot identification ──
  PASS  Session 10 route loads with real flavor hotspots visible
  PASS  Fewer than 2 flavor selections is honestly rejected client-side
  PASS  A valid hotspot selection completes and navigates to the real next step

── Responsive (5 viewports) ──
  PASS  No horizontal layout cutoff across 5 tested viewports on Session 5
  PASS  No unexpected console errors across the full Package C flow

=== RESULT: 17 passed, 0 failed (of 17 total) ===


── Session 3 (Meet Your Cigar) — checkpoints, synthesis, completion ──
  PASS  Session 3 route loads with real checkpoint tabs visible
  PASS  Continuing before visiting required checkpoints is honestly rejected client-side
  PASS  The required final-synthesis picker appears only after all checkpoints are visited
  PASS  Continuing without a synthesis selection is honestly rejected
  PASS  A complete checkpoint set + synthesis completes Session 3 and navigates to the real next step

── Session 4 (Terroir) — checkpoints, leave/return draft resume, synthesis, completion ──

── Leave and return restores partial checkpoint progress ──
  PASS  After leaving the route and returning, the server draft restores partial checkpoint progress
  PASS  Session 4 completes with all checkpoints + synthesis and navigates to the real next step

── Session 15 (Knowledge Drop) — required quiz, incorrect flow, correct flow ──
  PASS  Session 15 route loads with real topic tabs visible
  PASS  An incorrect quiz answer shows honest, truthful feedback
  PASS  Continuing without the required synthesis pick is honestly rejected
  PASS  A quiz set with one wrong answer does not complete the session (server-graded, not client-trusted)
  PASS  Genuine reload preserves in-progress quiz draft state (tobacco answered: true)
  PASS  Session 15 has genuinely not completed yet (no false completion from the earlier incorrect attempt)

── Responsive (5 viewports) ──
  PASS  No horizontal layout cutoff across 5 tested viewports
  PASS  No unexpected console errors across the full Package D flow

=== RESULT: 15 passed, 0 failed (of 15 total) ===

[1/127] /smokecraft/(smokecraft index)
[2/127] /smokecraft/welcome
[3/127] /smokecraft/enroll
[4/127] /smokecraft/venue-select
[5/127] /smokecraft/intake
[6/127] /smokecraft/entry
[7/127] /smokecraft/profile
[8/127] /smokecraft/education
[9/127] /smokecraft/mentors
[10/127] /smokecraft/humidor
[11/127] /smokecraft/light
[12/127] /smokecraft/complete
[13/127] /smokecraft/golden-box
[14/127] /smokecraft/golden-box/status
[15/127] /smokecraft/golden-box/competitions
[16/127] /smokecraft/golden-box/competitions/:competitionId
[17/127] /smokecraft/golden-box/entries/:entryId/blend
[18/127] /smokecraft/golden-box/results/:competitionId
[19/127] /smokecraft/golden-box/judge
[20/127] /smokecraft/golden-box/judge/entries/:entryId
[21/127] /smokecraft/golden-box/mentor/entries/:entryId
[22/127] /smokecraft/golden-box/packaging-studio
[23/127] /smokecraft/golden-box/packaging-studio/new
[24/127] /smokecraft/golden-box/packaging-studio/:designId
[25/127] /smokecraft/golden-box/packaging-studio/:designId/preview
[26/127] /smokecraft/golden-box/packaging-studio/:designId/versions
[27/127] /smokecraft/golden-box/packaging-studio/:designId/share
[28/127] /smokecraft/golden-box/packaging-review/:shareToken
[29/127] /smokecraft/gold-box
[30/127] /smokecraft/venue-humidor
[31/127] /smokecraft/venue-humidor/checkout
[32/127] /smokecraft/venue-humidor/order/:orderId
[33/127] /smokecraft/venue-humidor/:cigarId
[34/127] /smokecraft/admin/humidor
[35/127] /smokecraft/admin/humidor/new
[36/127] /smokecraft/admin/humidor/inventory-events
[37/127] /smokecraft/admin/humidor/:cigarId/edit
[38/127] /smokecraft/admin/humidor/orders/history
[39/127] /smokecraft/admin/humidor/orders/:orderId/handoff
[40/127] /smokecraft/admin/humidor/orders/:orderId
[41/127] /smokecraft/admin/humidor/orders
[42/127] /smokecraft/orders/:orderId/pickup
[43/127] /smokecraft/orders/:orderId/receipt
[44/127] /smokecraft/orders/:orderId
[45/127] /smokecraft/orders
[46/127] /smokecraft/passport/acquisitions/:acquisitionId
[47/127] /smokecraft/passport/acquisitions
[48/127] /smokecraft/art
[49/127] /smokecraft/mentor-selection
[50/127] /smokecraft/mentor
[51/127] /smokecraft/humidor-match
[52/127] /smokecraft/meet-your-cigar
[53/127] /smokecraft/terroir
[54/127] /smokecraft/format
[55/127] /smokecraft/shape-size-burn
[56/127] /smokecraft/cigar-gauge-guide
[57/127] /smokecraft/wrapper-strength
[58/127] /smokecraft/seed-soil
[59/127] /smokecraft/cut-toast-light
[60/127] /smokecraft/lighting-tutorial
[61/127] /smokecraft/first-third
[62/127] /smokecraft/flavor-memory
[63/127] /smokecraft/pairing-lab
[64/127] /smokecraft/request-purchase
[65/127] /smokecraft/second-third
[66/127] /smokecraft/mentor-commentary
[67/127] /smokecraft/knowledge-drop
[68/127] /smokecraft/knowledge-check-demo
[69/127] /smokecraft/mini-tasting-module
[70/127] /smokecraft/final-third
[71/127] /smokecraft/scorecard
[72/127] /smokecraft/smokecraft-challenge
[73/127] /smokecraft/challenge
[74/127] /smokecraft/second-humidor-match
[75/127] /smokecraft/mini-tasting
[76/127] /smokecraft/mini-tasting-round
[77/127] /smokecraft/ai-summary
[78/127] /smokecraft/pairing-recommendations
[79/127] /smokecraft/passport-stamp
[80/127] /smokecraft/connections
[81/127] /smokecraft/management-sync
[82/127] /smokecraft/management-sync/analytics
[83/127] /smokecraft/final-review
[84/127] /smokecraft/rewards
[85/127] /smokecraft/skill-tree
[86/127] /smokecraft/collections
[87/127] /smokecraft/challenge-hub
[88/127] /smokecraft/challenges/blend-fault-identification
[89/127] /smokecraft/filler-arrangement
[90/127] /smokecraft/session-complete
[91/127] /smokecraft/visit-complete
[92/127] /smokecraft/origins
[93/127] /smokecraft/curation
[94/127] /smokecraft/leaves
[95/127] /smokecraft/leaf-challenge
[96/127] /smokecraft/leaf-challenge-calculating
[97/127] /smokecraft/leaf-challenge-result
[98/127] /smokecraft/cultivation
[99/127] /smokecraft/blend
[100/127] /smokecraft/flavor-dna
[101/127] /smokecraft/pairing
[102/127] /smokecraft/available
[103/127] /smokecraft/assistant
[104/127] /smokecraft/pairing-mastery
[105/127] /smokecraft/vitola
[106/127] /smokecraft/identity
[107/127] /smokecraft/resume
[108/127] /smokecraft/leaderboard
[109/127] /smokecraft/rewards-center
[110/127] /smokecraft/account
[111/127] /smokecraft/event-challenge
[112/127] /smokecraft/how-it-works
[113/127] /smokecraft/demo-reset
[114/127] /smokecraft/session/start
[115/127] /smokecraft/guest-pass
[116/127] /smokecraft/demo
[117/127] /smokecraft/scan
[118/127] /smokecraft/passport
[119/127] /smokecraft/crafthub
[120/127] /smokecraft/menu
[121/127] /smokecraft/venue-commerce
[122/127] /smokecraft/order
[123/127] /smokecraft/ticket-tapper/staff-specials
[124/127] /smokecraft/cart
[125/127] /smokecraft/checkout
[126/127] /smokecraft/payment-success
[127/127] /smokecraft/order-status

Wrote 127 route inventories to public/proof/smokecraft-holistic-fix-3/01-responsive-inventory.json
[1/130] /smokecraft/(smokecraft index)
[2/130] /smokecraft/welcome
[3/130] /smokecraft/enroll
[4/130] /smokecraft/venue-select
[5/130] /smokecraft/intake
[6/130] /smokecraft/entry
[7/130] /smokecraft/profile
[8/130] /smokecraft/education
[9/130] /smokecraft/mentors
[10/130] /smokecraft/humidor
[11/130] /smokecraft/light
[12/130] /smokecraft/complete
[13/130] /smokecraft/golden-box
[14/130] /smokecraft/golden-box/status
[15/130] /smokecraft/golden-box/competitions
[16/130] /smokecraft/golden-box/competitions/:competitionId
[17/130] /smokecraft/golden-box/entries/:entryId/blend
[18/130] /smokecraft/golden-box/results/:competitionId
[19/130] /smokecraft/golden-box/judge
[20/130] /smokecraft/golden-box/judge/entries/:entryId
[21/130] /smokecraft/golden-box/mentor/entries/:entryId
[22/130] /smokecraft/golden-box/packaging-studio
[23/130] /smokecraft/golden-box/packaging-studio/new
[24/130] /smokecraft/golden-box/packaging-studio/:designId
[25/130] /smokecraft/golden-box/packaging-studio/:designId/preview
[26/130] /smokecraft/golden-box/packaging-studio/:designId/versions
[27/130] /smokecraft/golden-box/packaging-studio/:designId/share
[28/130] /smokecraft/golden-box/packaging-review/:shareToken
[29/130] /smokecraft/gold-box
[30/130] /smokecraft/venue-humidor
[31/130] /smokecraft/venue-humidor/checkout
[32/130] /smokecraft/venue-humidor/order/:orderId
[33/130] /smokecraft/venue-humidor/:cigarId
[34/130] /smokecraft/admin/humidor
[35/130] /smokecraft/admin/humidor/new
[36/130] /smokecraft/admin/humidor/inventory-events
[37/130] /smokecraft/admin/humidor/:cigarId/edit
[38/130] /smokecraft/admin/humidor/orders/history
[39/130] /smokecraft/admin/humidor/orders/:orderId/handoff
[40/130] /smokecraft/admin/humidor/orders/:orderId
[41/130] /smokecraft/admin/humidor/orders
[42/130] /smokecraft/orders/:orderId/pickup
[43/130] /smokecraft/orders/:orderId/receipt
[44/130] /smokecraft/orders/:orderId
[45/130] /smokecraft/orders
[46/130] /smokecraft/passport/acquisitions/:acquisitionId
[47/130] /smokecraft/passport/acquisitions
[48/130] /smokecraft/humidor/recommendations
[49/130] /smokecraft/humidor/pairing
[50/130] /smokecraft/admin/humidor/assisted-selling
[51/130] /smokecraft/art
[52/130] /smokecraft/mentor-selection
[53/130] /smokecraft/mentor
[54/130] /smokecraft/humidor-match
[55/130] /smokecraft/meet-your-cigar
[56/130] /smokecraft/terroir
[57/130] /smokecraft/format
[58/130] /smokecraft/shape-size-burn
[59/130] /smokecraft/cigar-gauge-guide
[60/130] /smokecraft/wrapper-strength
[61/130] /smokecraft/seed-soil
[62/130] /smokecraft/cut-toast-light
[63/130] /smokecraft/lighting-tutorial
[64/130] /smokecraft/first-third
[65/130] /smokecraft/flavor-memory
[66/130] /smokecraft/pairing-lab
[67/130] /smokecraft/request-purchase
[68/130] /smokecraft/second-third
[69/130] /smokecraft/mentor-commentary
[70/130] /smokecraft/knowledge-drop
[71/130] /smokecraft/knowledge-check-demo
[72/130] /smokecraft/mini-tasting-module
[73/130] /smokecraft/final-third
[74/130] /smokecraft/scorecard
[75/130] /smokecraft/smokecraft-challenge
[76/130] /smokecraft/challenge
[77/130] /smokecraft/second-humidor-match
[78/130] /smokecraft/mini-tasting
[79/130] /smokecraft/mini-tasting-round
[80/130] /smokecraft/ai-summary
[81/130] /smokecraft/pairing-recommendations
[82/130] /smokecraft/passport-stamp
[83/130] /smokecraft/connections
[84/130] /smokecraft/management-sync
[85/130] /smokecraft/management-sync/analytics
[86/130] /smokecraft/final-review
[87/130] /smokecraft/rewards
[88/130] /smokecraft/skill-tree
[89/130] /smokecraft/collections
[90/130] /smokecraft/challenge-hub
[91/130] /smokecraft/challenges/blend-fault-identification
[92/130] /smokecraft/filler-arrangement
[93/130] /smokecraft/session-complete
[94/130] /smokecraft/visit-complete
[95/130] /smokecraft/origins
[96/130] /smokecraft/curation
[97/130] /smokecraft/leaves
[98/130] /smokecraft/leaf-challenge
[99/130] /smokecraft/leaf-challenge-calculating
[100/130] /smokecraft/leaf-challenge-result
[101/130] /smokecraft/cultivation
[102/130] /smokecraft/blend
[103/130] /smokecraft/flavor-dna
[104/130] /smokecraft/pairing
[105/130] /smokecraft/available
[106/130] /smokecraft/assistant
[107/130] /smokecraft/pairing-mastery
[108/130] /smokecraft/vitola
[109/130] /smokecraft/identity
[110/130] /smokecraft/resume
[111/130] /smokecraft/leaderboard
[112/130] /smokecraft/rewards-center
[113/130] /smokecraft/account
[114/130] /smokecraft/event-challenge
[115/130] /smokecraft/how-it-works
[116/130] /smokecraft/demo-reset
[117/130] /smokecraft/session/start
[118/130] /smokecraft/guest-pass
[119/130] /smokecraft/demo
[120/130] /smokecraft/scan
[121/130] /smokecraft/passport
[122/130] /smokecraft/crafthub
[123/130] /smokecraft/menu
[124/130] /smokecraft/venue-commerce
[125/130] /smokecraft/order
[126/130] /smokecraft/ticket-tapper/staff-specials
[127/130] /smokecraft/cart
[128/130] /smokecraft/checkout
[129/130] /smokecraft/payment-success
[130/130] /smokecraft/order-status

Wrote 130 route inventories to public/proof/smokecraft-holistic-fix-3/01-responsive-inventory.json
[auth] ⚠  JWT_SECRET not set — using insecure dev default. Set JWT_SECRET in .env for real testing.
[NOVEE OS DB] PostgreSQL connected ✓
[EnvValidator] ⚠  ELEVENLABS_API_KEY not set — mentor voice uses Web Speech API (prototype mode)
[EnvValidator] ⚠  JWT_SECRET not set — using insecure dev default (never deploy without a real secret)
[EnvValidator] ⚠  FOUNDER_CHALLENGE_SECRET not set — founder login will be disabled

🥃 NOVEE OS Backend — port 3001
   Health:      http://localhost:3001/api/health
   Auth:        http://localhost:3001/api/auth/me
   Admin:       http://localhost:3001/api/admin/my-permissions
   Mentor:      http://localhost:3001/api/mentor/profile
   Developer:   http://localhost:3001/api/developer/health
   POS3 Sync:   http://localhost:3001/api/pos3/sync/status
   Mode:        development

[proxy-diagnostic] environment          : development
[proxy-diagnostic] trust proxy setting   : false (disabled — direct local connections)
[proxy-diagnostic] req.ip resolves from   : direct socket address
[proxy-diagnostic] rate limiter enabled   : no (skipped in dev/test)
[proxy-diagnostic] X-Forwarded-For safe   : yes — express-rate-limit validator will not throw ERR_ERL_UNEXPECTED_X_FORWARDED_FOR

  ✓ Mentor seeded: Marcus Cole (marcus.mentor@novee.dev)
  ✓ Mentor seeded: Diana Reeves (diana.mentor@novee.dev)
[POS3Sync] Auto-sync started. Interval: 300s
[resetScheduler] Auto-reset is disabled — no schedule active.
[POS3Sync] Running startup sync for provider: prototype
[POS3Sync] Sync complete — provider:prototype status:success orders:4 inventory:16 tables:13 staff:4
[POS3Sync] Running scheduled auto-sync for provider: prototype
[POS3Sync] Sync complete — provider:prototype status:success orders:4 inventory:16 tables:13 staff:4
[POS3Sync] Running scheduled auto-sync for provider: prototype
[POS3Sync] Sync complete — provider:prototype status:success orders:4 inventory:16 tables:13 staff:4
[auth] ⚠  JWT_SECRET not set — using insecure dev default. Set JWT_SECRET in .env for real testing.
[NOVEE OS DB] PostgreSQL connected ✓
[EnvValidator] ⚠  ELEVENLABS_API_KEY not set — mentor voice uses Web Speech API (prototype mode)
[EnvValidator] ⚠  JWT_SECRET not set — using insecure dev default (never deploy without a real secret)
[EnvValidator] ⚠  FOUNDER_CHALLENGE_SECRET not set — founder login will be disabled

🥃 NOVEE OS Backend — port 3001
   Health:      http://localhost:3001/api/health
   Auth:        http://localhost:3001/api/auth/me
   Admin:       http://localhost:3001/api/admin/my-permissions
   Mentor:      http://localhost:3001/api/mentor/profile
   Developer:   http://localhost:3001/api/developer/health
   POS3 Sync:   http://localhost:3001/api/pos3/sync/status
   Mode:        development

[proxy-diagnostic] environment          : development
[proxy-diagnostic] trust proxy setting   : false (disabled — direct local connections)
[proxy-diagnostic] req.ip resolves from   : direct socket address
[proxy-diagnostic] rate limiter enabled   : no (skipped in dev/test)
[proxy-diagnostic] X-Forwarded-For safe   : yes — express-rate-limit validator will not throw ERR_ERL_UNEXPECTED_X_FORWARDED_FOR

  ✓ Mentor seeded: Marcus Cole (marcus.mentor@novee.dev)
  ✓ Mentor seeded: Diana Reeves (diana.mentor@novee.dev)
[POS3Sync] Auto-sync started. Interval: 300s
[resetScheduler] Auto-reset is disabled — no schedule active.
[POS3Sync] Running startup sync for provider: prototype
[POS3Sync] Sync complete — provider:prototype status:success orders:4 inventory:16 tables:13 staff:4
[POS3Sync] Running scheduled auto-sync for provider: prototype
[POS3Sync] Sync complete — provider:prototype status:success orders:4 inventory:16 tables:13 staff:4
[POS3Sync] Running scheduled auto-sync for provider: prototype
[POS3Sync] Sync complete — provider:prototype status:success orders:4 inventory:16 tables:13 staff:4
[POS3Sync] Running scheduled auto-sync for provider: prototype
[POS3Sync] Sync complete — provider:prototype status:success orders:4 inventory:16 tables:13 staff:4
[POS3Sync] Running scheduled auto-sync for provider: prototype
[POS3Sync] Sync complete — provider:prototype status:success orders:4 inventory:16 tables:13 staff:4
[auth] ⚠  JWT_SECRET not set — using insecure dev default. Set JWT_SECRET in .env for real testing.
[NOVEE OS DB] PostgreSQL connected ✓
[EnvValidator] ⚠  ELEVENLABS_API_KEY not set — mentor voice uses Web Speech API (prototype mode)
[EnvValidator] ⚠  JWT_SECRET not set — using insecure dev default (never deploy without a real secret)
[EnvValidator] ⚠  FOUNDER_CHALLENGE_SECRET not set — founder login will be disabled

🥃 NOVEE OS Backend — port 3001
   Health:      http://localhost:3001/api/health
   Auth:        http://localhost:3001/api/auth/me
   Admin:       http://localhost:3001/api/admin/my-permissions
   Mentor:      http://localhost:3001/api/mentor/profile
   Developer:   http://localhost:3001/api/developer/health
   POS3 Sync:   http://localhost:3001/api/pos3/sync/status
   Mode:        development

[proxy-diagnostic] environment          : development
[proxy-diagnostic] trust proxy setting   : false (disabled — direct local connections)
[proxy-diagnostic] req.ip resolves from   : direct socket address
[proxy-diagnostic] rate limiter enabled   : no (skipped in dev/test)
[proxy-diagnostic] X-Forwarded-For safe   : yes — express-rate-limit validator will not throw ERR_ERL_UNEXPECTED_X_FORWARDED_FOR

  ✓ Mentor seeded: Marcus Cole (marcus.mentor@novee.dev)
  ✓ Mentor seeded: Diana Reeves (diana.mentor@novee.dev)
[POS3Sync] Auto-sync started. Interval: 300s
[resetScheduler] Auto-reset is disabled — no schedule active.
[POS3Sync] Running startup sync for provider: prototype
[POS3Sync] Sync complete — provider:prototype status:success orders:4 inventory:16 tables:13 staff:4
[auth] ⚠  JWT_SECRET not set — using insecure dev default. Set JWT_SECRET in .env for real testing.
[NOVEE OS DB] PostgreSQL connected ✓
[EnvValidator] ⚠  ELEVENLABS_API_KEY not set — mentor voice uses Web Speech API (prototype mode)
[EnvValidator] ⚠  JWT_SECRET not set — using insecure dev default (never deploy without a real secret)
[EnvValidator] ⚠  FOUNDER_CHALLENGE_SECRET not set — founder login will be disabled

🥃 NOVEE OS Backend — port 3001
   Health:      http://localhost:3001/api/health
   Auth:        http://localhost:3001/api/auth/me
   Admin:       http://localhost:3001/api/admin/my-permissions
   Mentor:      http://localhost:3001/api/mentor/profile
   Developer:   http://localhost:3001/api/developer/health
   POS3 Sync:   http://localhost:3001/api/pos3/sync/status
   Mode:        development

[proxy-diagnostic] environment          : development
[proxy-diagnostic] trust proxy setting   : false (disabled — direct local connections)
[proxy-diagnostic] req.ip resolves from   : direct socket address
[proxy-diagnostic] rate limiter enabled   : no (skipped in dev/test)
[proxy-diagnostic] X-Forwarded-For safe   : yes — express-rate-limit validator will not throw ERR_ERL_UNEXPECTED_X_FORWARDED_FOR

  ✓ Mentor seeded: Marcus Cole (marcus.mentor@novee.dev)
  ✓ Mentor seeded: Diana Reeves (diana.mentor@novee.dev)
[POS3Sync] Auto-sync started. Interval: 300s
[resetScheduler] Auto-reset is disabled — no schedule active.
[POS3Sync] Running startup sync for provider: prototype
[POS3Sync] Sync complete — provider:prototype status:success orders:4 inventory:16 tables:13 staff:4
[POS3Sync] Running scheduled auto-sync for provider: prototype
[POS3Sync] Sync complete — provider:prototype status:success orders:4 inventory:16 tables:13 staff:4
[POS3Sync] Running scheduled auto-sync for provider: prototype
[POS3Sync] Sync complete — provider:prototype status:success orders:4 inventory:16 tables:13 staff:4
[POS3Sync] Running scheduled auto-sync for provider: prototype
[POS3Sync] Sync complete — provider:prototype status:success orders:4 inventory:16 tables:13 staff:4
[auth] ⚠  JWT_SECRET not set — using insecure dev default. Set JWT_SECRET in .env for real testing.
[NOVEE OS DB] PostgreSQL connected ✓
[EnvValidator] ⚠  ELEVENLABS_API_KEY not set — mentor voice uses Web Speech API (prototype mode)
[EnvValidator] ⚠  JWT_SECRET not set — using insecure dev default (never deploy without a real secret)
[EnvValidator] ⚠  FOUNDER_CHALLENGE_SECRET not set — founder login will be disabled

🥃 NOVEE OS Backend — port 3001
   Health:      http://localhost:3001/api/health
   Auth:        http://localhost:3001/api/auth/me
   Admin:       http://localhost:3001/api/admin/my-permissions
   Mentor:      http://localhost:3001/api/mentor/profile
   Developer:   http://localhost:3001/api/developer/health
   POS3 Sync:   http://localhost:3001/api/pos3/sync/status
   Mode:        development

[proxy-diagnostic] environment          : development
[proxy-diagnostic] trust proxy setting   : false (disabled — direct local connections)
[proxy-diagnostic] req.ip resolves from   : direct socket address
[proxy-diagnostic] rate limiter enabled   : no (skipped in dev/test)
[proxy-diagnostic] X-Forwarded-For safe   : yes — express-rate-limit validator will not throw ERR_ERL_UNEXPECTED_X_FORWARDED_FOR

  ✓ Mentor seeded: Marcus Cole (marcus.mentor@novee.dev)
  ✓ Mentor seeded: Diana Reeves (diana.mentor@novee.dev)
[POS3Sync] Auto-sync started. Interval: 300s
[resetScheduler] Auto-reset is disabled — no schedule active.
[POS3Sync] Running startup sync for provider: prototype
[POS3Sync] Sync complete — provider:prototype status:success orders:4 inventory:16 tables:13 staff:4
[POS3Sync] Running scheduled auto-sync for provider: prototype
[POS3Sync] Sync complete — provider:prototype status:success orders:4 inventory:16 tables:13 staff:4
[POS3Sync] Running scheduled auto-sync for provider: prototype
[POS3Sync] Sync complete — provider:prototype status:success orders:4 inventory:16 tables:13 staff:4
[POS3Sync] Running scheduled auto-sync for provider: prototype
[POS3Sync] Sync complete — provider:prototype status:success orders:4 inventory:16 tables:13 staff:4
[POS3Sync] Running scheduled auto-sync for provider: prototype
[POS3Sync] Sync complete — provider:prototype status:success orders:4 inventory:16 tables:13 staff:4
[POS3Sync] Running scheduled auto-sync for provider: prototype
[POS3Sync] Sync complete — provider:prototype status:success orders:4 inventory:16 tables:13 staff:4
[POS3Sync] Running scheduled auto-sync for provider: prototype
[POS3Sync] Sync complete — provider:prototype status:success orders:4 inventory:16 tables:13 staff:4
[POS3Sync] Running scheduled auto-sync for provider: prototype
[POS3Sync] Sync complete — provider:prototype status:success orders:4 inventory:16 tables:13 staff:4
[POS3Sync] Running scheduled auto-sync for provider: prototype
[POS3Sync] Sync complete — provider:prototype status:success orders:4 inventory:16 tables:13 staff:4
[POS3Sync] Running scheduled auto-sync for provider: prototype
[POS3Sync] Sync complete — provider:prototype status:success orders:4 inventory:16 tables:13 staff:4
[POS3Sync] Running scheduled auto-sync for provider: prototype
[POS3Sync] Sync complete — provider:prototype status:success orders:4 inventory:16 tables:13 staff:4
[POS3Sync] Running scheduled auto-sync for provider: prototype
[POS3Sync] Sync complete — provider:prototype status:success orders:4 inventory:16 tables:13 staff:4
[POS3Sync] Running scheduled auto-sync for provider: prototype
[POS3Sync] Sync complete — provider:prototype status:success orders:4 inventory:16 tables:13 staff:4
[POS3Sync] Running scheduled auto-sync for provider: prototype
[POS3Sync] Sync complete — provider:prototype status:success orders:4 inventory:16 tables:13 staff:4
[POS3Sync] Running scheduled auto-sync for provider: prototype
[POS3Sync] Sync complete — provider:prototype status:success orders:4 inventory:16 tables:13 staff:4
[POS3Sync] Running scheduled auto-sync for provider: prototype
[POS3Sync] Sync complete — provider:prototype status:success orders:4 inventory:16 tables:13 staff:4
[POS3Sync] Running scheduled auto-sync for provider: prototype
[POS3Sync] Sync complete — provider:prototype status:success orders:4 inventory:16 tables:13 staff:4
[POS3Sync] Running scheduled auto-sync for provider: prototype
[POS3Sync] Sync complete — provider:prototype status:success orders:4 inventory:16 tables:13 staff:4
[POS3Sync] Running scheduled auto-sync for provider: prototype
[POS3Sync] Sync complete — provider:prototype status:success orders:4 inventory:16 tables:13 staff:4
[POS3Sync] Running scheduled auto-sync for provider: prototype
[POS3Sync] Sync complete — provider:prototype status:success orders:4 inventory:16 tables:13 staff:4
[POS3Sync] Running scheduled auto-sync for provider: prototype
[POS3Sync] Sync complete — provider:prototype status:success orders:4 inventory:16 tables:13 staff:4
[POS3Sync] Running scheduled auto-sync for provider: prototype
[POS3Sync] Sync complete — provider:prototype status:success orders:4 inventory:16 tables:13 staff:4
[POS3Sync] Running scheduled auto-sync for provider: prototype
[POS3Sync] Sync complete — provider:prototype status:success orders:4 inventory:16 tables:13 staff:4
[POS3Sync] Running scheduled auto-sync for provider: prototype
[POS3Sync] Sync complete — provider:prototype status:success orders:4 inventory:16 tables:13 staff:4
[POS3Sync] Running scheduled auto-sync for provider: prototype
[POS3Sync] Sync complete — provider:prototype status:success orders:4 inventory:16 tables:13 staff:4
[POS3Sync] Running scheduled auto-sync for provider: prototype
[POS3Sync] Sync complete — provider:prototype status:success orders:4 inventory:16 tables:13 staff:4
[POS3Sync] Running scheduled auto-sync for provider: prototype
[POS3Sync] Sync complete — provider:prototype status:success orders:4 inventory:16 tables:13 staff:4
[POS3Sync] Running scheduled auto-sync for provider: prototype
[POS3Sync] Sync complete — provider:prototype status:success orders:4 inventory:16 tables:13 staff:4
[POS3Sync] Running scheduled auto-sync for provider: prototype
[POS3Sync] Sync complete — provider:prototype status:success orders:4 inventory:16 tables:13 staff:4
[POS3Sync] Running scheduled auto-sync for provider: prototype
[POS3Sync] Sync complete — provider:prototype status:success orders:4 inventory:16 tables:13 staff:4
[POS3Sync] Running scheduled auto-sync for provider: prototype
[POS3Sync] Sync complete — provider:prototype status:success orders:4 inventory:16 tables:13 staff:4
[POS3Sync] Running scheduled auto-sync for provider: prototype
[POS3Sync] Sync complete — provider:prototype status:success orders:4 inventory:16 tables:13 staff:4
[POS3Sync] Running scheduled auto-sync for provider: prototype
[POS3Sync] Sync complete — provider:prototype status:success orders:4 inventory:16 tables:13 staff:4
[POS3Sync] Running scheduled auto-sync for provider: prototype
[POS3Sync] Sync complete — provider:prototype status:success orders:4 inventory:16 tables:13 staff:4
[POS3Sync] Running scheduled auto-sync for provider: prototype
[POS3Sync] Sync complete — provider:prototype status:success orders:4 inventory:16 tables:13 staff:4
[POS3Sync] Running scheduled auto-sync for provider: prototype
[POS3Sync] Sync complete — provider:prototype status:success orders:4 inventory:16 tables:13 staff:4
[POS3Sync] Running scheduled auto-sync for provider: prototype
[POS3Sync] Sync complete — provider:prototype status:success orders:4 inventory:16 tables:13 staff:4
[POS3Sync] Running scheduled auto-sync for provider: prototype
[POS3Sync] Sync complete — provider:prototype status:success orders:4 inventory:16 tables:13 staff:4
[POS3Sync] Running scheduled auto-sync for provider: prototype
[POS3Sync] Sync complete — provider:prototype status:success orders:4 inventory:16 tables:13 staff:4
[POS3Sync] Running scheduled auto-sync for provider: prototype
[POS3Sync] Sync complete — provider:prototype status:success orders:4 inventory:16 tables:13 staff:4
[POS3Sync] Running scheduled auto-sync for provider: prototype
[POS3Sync] Sync complete — provider:prototype status:success orders:4 inventory:16 tables:13 staff:4
[POS3Sync] Running scheduled auto-sync for provider: prototype
[POS3Sync] Sync complete — provider:prototype status:success orders:4 inventory:16 tables:13 staff:4
[POS3Sync] Running scheduled auto-sync for provider: prototype
[POS3Sync] Sync complete — provider:prototype status:success orders:4 inventory:16 tables:13 staff:4
[POS3Sync] Running scheduled auto-sync for provider: prototype
[POS3Sync] Sync complete — provider:prototype status:success orders:4 inventory:16 tables:13 staff:4
[POS3Sync] Running scheduled auto-sync for provider: prototype
[POS3Sync] Sync complete — provider:prototype status:success orders:4 inventory:16 tables:13 staff:4
[POS3Sync] Running scheduled auto-sync for provider: prototype
[POS3Sync] Sync complete — provider:prototype status:success orders:4 inventory:16 tables:13 staff:4
[POS3Sync] Running scheduled auto-sync for provider: prototype
[POS3Sync] Sync complete — provider:prototype status:success orders:4 inventory:16 tables:13 staff:4
[POS3Sync] Running scheduled auto-sync for provider: prototype
[POS3Sync] Sync complete — provider:prototype status:success orders:4 inventory:16 tables:13 staff:4
[POS3Sync] Running scheduled auto-sync for provider: prototype
[POS3Sync] Sync complete — provider:prototype status:success orders:4 inventory:16 tables:13 staff:4
[POS3Sync] Running scheduled auto-sync for provider: prototype
[POS3Sync] Sync complete — provider:prototype status:success orders:4 inventory:16 tables:13 staff:4
[POS3Sync] Running scheduled auto-sync for provider: prototype
[POS3Sync] Sync complete — provider:prototype status:success orders:4 inventory:16 tables:13 staff:4
[POS3Sync] Running scheduled auto-sync for provider: prototype
[POS3Sync] Sync complete — provider:prototype status:success orders:4 inventory:16 tables:13 staff:4
[POS3Sync] Running scheduled auto-sync for provider: prototype
[POS3Sync] Sync complete — provider:prototype status:success orders:4 inventory:16 tables:13 staff:4
[POS3Sync] Running scheduled auto-sync for provider: prototype
[POS3Sync] Sync complete — provider:prototype status:success orders:4 inventory:16 tables:13 staff:4
[POS3Sync] Running scheduled auto-sync for provider: prototype
[POS3Sync] Sync complete — provider:prototype status:success orders:4 inventory:16 tables:13 staff:4
[POS3Sync] Running scheduled auto-sync for provider: prototype
[POS3Sync] Sync complete — provider:prototype status:success orders:4 inventory:16 tables:13 staff:4
[POS3Sync] Running scheduled auto-sync for provider: prototype
[POS3Sync] Sync complete — provider:prototype status:success orders:4 inventory:16 tables:13 staff:4
[POS3Sync] Running scheduled auto-sync for provider: prototype
[POS3Sync] Sync complete — provider:prototype status:success orders:4 inventory:16 tables:13 staff:4
[POS3Sync] Running scheduled auto-sync for provider: prototype
[POS3Sync] Sync complete — provider:prototype status:success orders:4 inventory:16 tables:13 staff:4
[POS3Sync] Running scheduled auto-sync for provider: prototype
[POS3Sync] Sync complete — provider:prototype status:success orders:4 inventory:16 tables:13 staff:4
[POS3Sync] Running scheduled auto-sync for provider: prototype
[POS3Sync] Sync complete — provider:prototype status:success orders:4 inventory:16 tables:13 staff:4
[POS3Sync] Running scheduled auto-sync for provider: prototype
[POS3Sync] Sync complete — provider:prototype status:success orders:4 inventory:16 tables:13 staff:4
[POS3Sync] Running scheduled auto-sync for provider: prototype
[POS3Sync] Sync complete — provider:prototype status:success orders:4 inventory:16 tables:13 staff:4
[POS3Sync] Running scheduled auto-sync for provider: prototype
[POS3Sync] Sync complete — provider:prototype status:success orders:4 inventory:16 tables:13 staff:4
[POS3Sync] Running scheduled auto-sync for provider: prototype
[POS3Sync] Sync complete — provider:prototype status:success orders:4 inventory:16 tables:13 staff:4
[POS3Sync] Running scheduled auto-sync for provider: prototype
[POS3Sync] Sync complete — provider:prototype status:success orders:4 inventory:16 tables:13 staff:4
[POS3Sync] Running scheduled auto-sync for provider: prototype
[POS3Sync] Sync complete — provider:prototype status:success orders:4 inventory:16 tables:13 staff:4
[POS3Sync] Running scheduled auto-sync for provider: prototype
[POS3Sync] Sync complete — provider:prototype status:success orders:4 inventory:16 tables:13 staff:4
[POS3Sync] Running scheduled auto-sync for provider: prototype
[POS3Sync] Sync complete — provider:prototype status:success orders:4 inventory:16 tables:13 staff:4
[POS3Sync] Running scheduled auto-sync for provider: prototype
[POS3Sync] Sync complete — provider:prototype status:success orders:4 inventory:16 tables:13 staff:4
[POS3Sync] Running scheduled auto-sync for provider: prototype
[POS3Sync] Sync complete — provider:prototype status:success orders:4 inventory:16 tables:13 staff:4
[POS3Sync] Running scheduled auto-sync for provider: prototype
[POS3Sync] Sync complete — provider:prototype status:success orders:4 inventory:16 tables:13 staff:4
[POS3Sync] Running scheduled auto-sync for provider: prototype
[POS3Sync] Sync complete — provider:prototype status:success orders:4 inventory:16 tables:13 staff:4
[POS3Sync] Running scheduled auto-sync for provider: prototype
[POS3Sync] Sync complete — provider:prototype status:success orders:4 inventory:16 tables:13 staff:4
[POS3Sync] Running scheduled auto-sync for provider: prototype
[POS3Sync] Sync complete — provider:prototype status:success orders:4 inventory:16 tables:13 staff:4
[POS3Sync] Running scheduled auto-sync for provider: prototype
[POS3Sync] Sync complete — provider:prototype status:success orders:4 inventory:16 tables:13 staff:4
[POS3Sync] Running scheduled auto-sync for provider: prototype
[POS3Sync] Sync complete — provider:prototype status:success orders:4 inventory:16 tables:13 staff:4
[POS3Sync] Running scheduled auto-sync for provider: prototype
[POS3Sync] Sync complete — provider:prototype status:success orders:4 inventory:16 tables:13 staff:4
[POS3Sync] Running scheduled auto-sync for provider: prototype
[POS3Sync] Sync complete — provider:prototype status:success orders:4 inventory:16 tables:13 staff:4
[POS3Sync] Running scheduled auto-sync for provider: prototype
[POS3Sync] Sync complete — provider:prototype status:success orders:4 inventory:16 tables:13 staff:4
[POS3Sync] Running scheduled auto-sync for provider: prototype
[POS3Sync] Sync complete — provider:prototype status:success orders:4 inventory:16 tables:13 staff:4
[POS3Sync] Running scheduled auto-sync for provider: prototype
[POS3Sync] Sync complete — provider:prototype status:success orders:4 inventory:16 tables:13 staff:4
[POS3Sync] Running scheduled auto-sync for provider: prototype
[POS3Sync] Sync complete — provider:prototype status:success orders:4 inventory:16 tables:13 staff:4
[POS3Sync] Running scheduled auto-sync for provider: prototype
[POS3Sync] Sync complete — provider:prototype status:success orders:4 inventory:16 tables:13 staff:4
[POS3Sync] Running scheduled auto-sync for provider: prototype
[POS3Sync] Sync complete — provider:prototype status:success orders:4 inventory:16 tables:13 staff:4
[POS3Sync] Running scheduled auto-sync for provider: prototype
[POS3Sync] Sync complete — provider:prototype status:success orders:4 inventory:16 tables:13 staff:4
[POS3Sync] Running scheduled auto-sync for provider: prototype
[POS3Sync] Sync complete — provider:prototype status:success orders:4 inventory:16 tables:13 staff:4
[POS3Sync] Running scheduled auto-sync for provider: prototype
[POS3Sync] Sync complete — provider:prototype status:success orders:4 inventory:16 tables:13 staff:4
[POS3Sync] Running scheduled auto-sync for provider: prototype
[POS3Sync] Sync complete — provider:prototype status:success orders:4 inventory:16 tables:13 staff:4
[auth] ⚠  JWT_SECRET not set — using insecure dev default. Set JWT_SECRET in .env for real testing.
[NOVEE OS DB] PostgreSQL connected ✓
[EnvValidator] ⚠  ELEVENLABS_API_KEY not set — mentor voice uses Web Speech API (prototype mode)
[EnvValidator] ⚠  JWT_SECRET not set — using insecure dev default (never deploy without a real secret)
[EnvValidator] ⚠  FOUNDER_CHALLENGE_SECRET not set — founder login will be disabled

🥃 NOVEE OS Backend — port 3001
   Health:      http://localhost:3001/api/health
   Auth:        http://localhost:3001/api/auth/me
   Admin:       http://localhost:3001/api/admin/my-permissions
   Mentor:      http://localhost:3001/api/mentor/profile
   Developer:   http://localhost:3001/api/developer/health
   POS3 Sync:   http://localhost:3001/api/pos3/sync/status
   Mode:        development

[proxy-diagnostic] environment          : development
[proxy-diagnostic] trust proxy setting   : false (disabled — direct local connections)
[proxy-diagnostic] req.ip resolves from   : direct socket address
[proxy-diagnostic] rate limiter enabled   : no (skipped in dev/test)
[proxy-diagnostic] X-Forwarded-For safe   : yes — express-rate-limit validator will not throw ERR_ERL_UNEXPECTED_X_FORWARDED_FOR

  ✓ Mentor seeded: Marcus Cole (marcus.mentor@novee.dev)
  ✓ Mentor seeded: Diana Reeves (diana.mentor@novee.dev)
[POS3Sync] Auto-sync started. Interval: 300s
[resetScheduler] Auto-reset is disabled — no schedule active.
[POS3Sync] Running startup sync for provider: prototype
[POS3Sync] Sync complete — provider:prototype status:success orders:4 inventory:16 tables:13 staff:4
[POS3Sync] Running scheduled auto-sync for provider: prototype
[POS3Sync] Sync complete — provider:prototype status:success orders:4 inventory:16 tables:13 staff:4
[POS3Sync] Running scheduled auto-sync for provider: prototype
[POS3Sync] Sync complete — provider:prototype status:success orders:4 inventory:16 tables:13 staff:4
[POS3Sync] Running scheduled auto-sync for provider: prototype
[POS3Sync] Sync complete — provider:prototype status:success orders:4 inventory:16 tables:13 staff:4
[POS3Sync] Running scheduled auto-sync for provider: prototype
[POS3Sync] Sync complete — provider:prototype status:success orders:4 inventory:16 tables:13 staff:4
[POS3Sync] Running scheduled auto-sync for provider: prototype
[POS3Sync] Sync complete — provider:prototype status:success orders:4 inventory:16 tables:13 staff:4
[auth] ⚠  JWT_SECRET not set — using insecure dev default. Set JWT_SECRET in .env for real testing.
[NOVEE OS DB] PostgreSQL connected ✓
[EnvValidator] ⚠  ELEVENLABS_API_KEY not set — mentor voice uses Web Speech API (prototype mode)
[EnvValidator] ⚠  JWT_SECRET not set — using insecure dev default (never deploy without a real secret)
[EnvValidator] ⚠  FOUNDER_CHALLENGE_SECRET not set — founder login will be disabled

🥃 NOVEE OS Backend — port 3001
   Health:      http://localhost:3001/api/health
   Auth:        http://localhost:3001/api/auth/me
   Admin:       http://localhost:3001/api/admin/my-permissions
   Mentor:      http://localhost:3001/api/mentor/profile
   Developer:   http://localhost:3001/api/developer/health
   POS3 Sync:   http://localhost:3001/api/pos3/sync/status
   Mode:        development

[proxy-diagnostic] environment          : development
[proxy-diagnostic] trust proxy setting   : false (disabled — direct local connections)
[proxy-diagnostic] req.ip resolves from   : direct socket address
[proxy-diagnostic] rate limiter enabled   : no (skipped in dev/test)
[proxy-diagnostic] X-Forwarded-For safe   : yes — express-rate-limit validator will not throw ERR_ERL_UNEXPECTED_X_FORWARDED_FOR

  ✓ Mentor seeded: Marcus Cole (marcus.mentor@novee.dev)
  ✓ Mentor seeded: Diana Reeves (diana.mentor@novee.dev)
[POS3Sync] Auto-sync started. Interval: 300s
[resetScheduler] Auto-reset is disabled — no schedule active.
[POS3Sync] Running startup sync for provider: prototype
[POS3Sync] Sync complete — provider:prototype status:success orders:4 inventory:16 tables:13 staff:4
[POS3Sync] Running scheduled auto-sync for provider: prototype
[POS3Sync] Sync complete — provider:prototype status:success orders:4 inventory:16 tables:13 staff:4
[POS3Sync] Running scheduled auto-sync for provider: prototype
[POS3Sync] Sync complete — provider:prototype status:success orders:4 inventory:16 tables:13 staff:4
[POS3Sync] Running scheduled auto-sync for provider: prototype
[POS3Sync] Sync complete — provider:prototype status:success orders:4 inventory:16 tables:13 staff:4
[POS3Sync] Running scheduled auto-sync for provider: prototype
[POS3Sync] Sync complete — provider:prototype status:success orders:4 inventory:16 tables:13 staff:4
[POS3Sync] Running scheduled auto-sync for provider: prototype
[POS3Sync] Sync complete — provider:prototype status:success orders:4 inventory:16 tables:13 staff:4
[POS3Sync] Running scheduled auto-sync for provider: prototype
[POS3Sync] Sync complete — provider:prototype status:success orders:4 inventory:16 tables:13 staff:4
[POS3Sync] Running scheduled auto-sync for provider: prototype
[POS3Sync] Sync complete — provider:prototype status:success orders:4 inventory:16 tables:13 staff:4
[POS3Sync] Running scheduled auto-sync for provider: prototype
[POS3Sync] Sync complete — provider:prototype status:success orders:4 inventory:16 tables:13 staff:4
[POS3Sync] Running scheduled auto-sync for provider: prototype
[POS3Sync] Sync complete — provider:prototype status:success orders:4 inventory:16 tables:13 staff:4
[POS3Sync] Running scheduled auto-sync for provider: prototype
[POS3Sync] Sync complete — provider:prototype status:success orders:4 inventory:16 tables:13 staff:4
[POS3Sync] Running scheduled auto-sync for provider: prototype
[POS3Sync] Sync complete — provider:prototype status:success orders:4 inventory:16 tables:13 staff:4
[POS3Sync] Running scheduled auto-sync for provider: prototype
[POS3Sync] Sync complete — provider:prototype status:success orders:4 inventory:16 tables:13 staff:4
[POS3Sync] Running scheduled auto-sync for provider: prototype
[POS3Sync] Sync complete — provider:prototype status:success orders:4 inventory:16 tables:13 staff:4
[POS3Sync] Running scheduled auto-sync for provider: prototype
[POS3Sync] Sync complete — provider:prototype status:success orders:4 inventory:16 tables:13 staff:4
[POS3Sync] Running scheduled auto-sync for provider: prototype
[POS3Sync] Sync complete — provider:prototype status:success orders:4 inventory:16 tables:13 staff:4
[POS3Sync] Running scheduled auto-sync for provider: prototype
[POS3Sync] Sync complete — provider:prototype status:success orders:4 inventory:16 tables:13 staff:4
[POS3Sync] Running scheduled auto-sync for provider: prototype
[POS3Sync] Sync complete — provider:prototype status:success orders:4 inventory:16 tables:13 staff:4
[POS3Sync] Running scheduled auto-sync for provider: prototype
[POS3Sync] Sync complete — provider:prototype status:success orders:4 inventory:16 tables:13 staff:4
[POS3Sync] Running scheduled auto-sync for provider: prototype
[POS3Sync] Sync complete — provider:prototype status:success orders:4 inventory:16 tables:13 staff:4
[POS3Sync] Running scheduled auto-sync for provider: prototype
[POS3Sync] Sync complete — provider:prototype status:success orders:4 inventory:16 tables:13 staff:4
[POS3Sync] Running scheduled auto-sync for provider: prototype
[POS3Sync] Sync complete — provider:prototype status:success orders:4 inventory:16 tables:13 staff:4
[POS3Sync] Running scheduled auto-sync for provider: prototype
[POS3Sync] Sync complete — provider:prototype status:success orders:4 inventory:16 tables:13 staff:4
[POS3Sync] Running scheduled auto-sync for provider: prototype
[POS3Sync] Sync complete — provider:prototype status:success orders:4 inventory:16 tables:13 staff:4
[auth] ⚠  JWT_SECRET not set — using insecure dev default. Set JWT_SECRET in .env for real testing.
[NOVEE OS DB] PostgreSQL connected ✓
[EnvValidator] ⚠  ELEVENLABS_API_KEY not set — mentor voice uses Web Speech API (prototype mode)
[EnvValidator] ⚠  JWT_SECRET not set — using insecure dev default (never deploy without a real secret)
[EnvValidator] ⚠  FOUNDER_CHALLENGE_SECRET not set — founder login will be disabled

🥃 NOVEE OS Backend — port 3001
   Health:      http://localhost:3001/api/health
   Auth:        http://localhost:3001/api/auth/me
   Admin:       http://localhost:3001/api/admin/my-permissions
   Mentor:      http://localhost:3001/api/mentor/profile
   Developer:   http://localhost:3001/api/developer/health
   POS3 Sync:   http://localhost:3001/api/pos3/sync/status
   Mode:        development

[proxy-diagnostic] environment          : development
[proxy-diagnostic] trust proxy setting   : false (disabled — direct local connections)
[proxy-diagnostic] req.ip resolves from   : direct socket address
[proxy-diagnostic] rate limiter enabled   : no (skipped in dev/test)
[proxy-diagnostic] X-Forwarded-For safe   : yes — express-rate-limit validator will not throw ERR_ERL_UNEXPECTED_X_FORWARDED_FOR

  ✓ Mentor seeded: Marcus Cole (marcus.mentor@novee.dev)
  ✓ Mentor seeded: Diana Reeves (diana.mentor@novee.dev)
[POS3Sync] Auto-sync started. Interval: 300s
[resetScheduler] Auto-reset is disabled — no schedule active.
[POS3Sync] Running startup sync for provider: prototype
[POS3Sync] Sync complete — provider:prototype status:success orders:4 inventory:16 tables:13 staff:4
[POS3Sync] Running scheduled auto-sync for provider: prototype
[POS3Sync] Sync complete — provider:prototype status:success orders:4 inventory:16 tables:13 staff:4
[POS3Sync] Running scheduled auto-sync for provider: prototype
[POS3Sync] Sync complete — provider:prototype status:success orders:4 inventory:16 tables:13 staff:4

── SmokeCraft gameplay-reward-authority validator (Holistic Fix 5A-2)

  OK    src/pages/smokecraft/Art.jsx: every addXP() call passes a named server-known source (no bare client-only XP grant)
  OK    src/pages/smokecraft/Available.jsx: every addXP() call passes a named server-known source (no bare client-only XP grant)
  OK    src/pages/smokecraft/Cultivation.jsx: every addXP() call passes a named server-known source (no bare client-only XP grant)
  OK    src/pages/smokecraft/Leaves.jsx: every addXP() call passes a named server-known source (no bare client-only XP grant)
  OK    KnowledgeCheck.jsx no longer calls addXP() directly (server-verified quiz submit only)
  OK    KnowledgeCheck.jsx submits raw responses via submitKnowledgeCheck, not a client score
  OK    LeafChallenge.jsx no longer calls addXP()/addBadge()/awardStamp() directly for the final-round reward (server-verified submit only)
  OK    LeafChallenge.jsx submits raw answers via submitLeafChallenge, not a client score
  OK    LeafChallenge.jsx sources its answer key from the shared, server-dual-imported data module (not an inline duplicate)
  OK    Blend.jsx no longer calls addXP()/awardStamp() directly (server-verified blend-selection submit only, Holistic Fix 5A-3)
  OK    Blend.jsx submits its raw wrapper/binder/filler selection via submitBlendSelection, not a client claim
  OK    submitBlendSelection validates a complete, well-formed selection server-side (wrapper/binder/exactly-3-fillers), never trusting a bare completion claim
  OK    submitKnowledgeCheck scores server-side against the real question data (scoreQuestionSet), not a client-submitted score
  OK    submitLeafChallenge scores server-side against the real answer key (scoreLeafChallenge), not a client-submitted score
  OK    correctReward requires both a reason and an authorizedBy identity (never a silent/anonymous correction)
  OK    correctReward never deletes/updates the original award/attempt row — only inserts a new correction row
  OK    The /corrections route is gated by requireStaff (never reachable by a plain learner identity)
  OK    Quiz and Leaf Challenge submit routes require a verified SmokeCraft identity
  OK    NAMED_XP_SOURCES is populated (not the empty placeholder from Holistic Fix 4) — named XP is now real, not dead code
  OK    Migration 096 (activity ledger + corrections) exists
  OK    Migration 096 has a rollback script outside server/db/migrations
  OK    smokecraft_activity_attempts has UNIQUE(guest_reference, activity_type, activity_key) — one scored attempt per activity ever
  OK    smokecraft_reward_corrections is append-only structured (has a reason and authorized_by column)
  OK    Seed script for the versioned rule registry exists
  OK    Rule seed script sources values from existing constants (SESSION_REWARDS/SC_RANKS/question sets), never invents new numbers
  OK    Rule seed script uses ON CONFLICT DO NOTHING on (rule_key, version) — a rule row is immutable once written

=== RESULT: PASS (0 checks failed) ===

── SmokeCraft gameplay-integrity validator (Holistic Fix 5A)

  OK    docs/smokecraft/SMOKECRAFT_GAMEPLAY_ENGINE_MAP.md exists
  OK    migration 095 exists
  OK    migration 095 has a rollback script
  OK    rollback file does not live inside server/db/migrations
  OK    smokecraft_rank_history has UNIQUE(guest_reference, rank_label) — idempotent promotion
  OK    smokecraft_gameplay_rules has UNIQUE(rule_key, version) — versioned, not overwritable
  OK    grantSessionBadgesInTx runs inside completeSession's transaction (client never separately claims a session-tied badge)
  OK    grantSessionPassportStampInTx runs inside the same transaction
  OK    badge/stamp grants use ON CONFLICT DO NOTHING against the real UNIQUE index (duplicate-protected, not app-level only)
  OK    rank is recomputed server-side from xp_total, never trusted from the client
  OK    no automatic demotion — recomputeRankInTx only ever changes rank when the newly computed rank differs (promotion), never compares for a lower value to force a downgrade
  OK    badge criteria are read from SESSION_REWARDS (existing single source of truth), not duplicated
  OK    rank ladder is read from SC_RANKS (existing, already-approved, already-aligned constant) — not a newly invented ladder
  OK    leaderboard query selects from smokecraft_player_state (real data)
  OK    leaderboard query has no hardcoded/mock guest names or scores
  OK    client leaderboard service fetches the real API, never returns a hardcoded communityEntries array
  OK    leaderboard preference endpoint validates displayName/eligible types, never trusts arbitrary client fields for scoring
  OK    no controller path accepts a client-supplied XP/score/badge/rank amount for the completion or award endpoints (still true from Holistic Fix 4)
  OK    Mentor.jsx has exactly one setSelectedMentor call site, reactive to journey.mentor (not an independent write)
  OK    leaderboard read route is mounted
  OK    leaderboard preference route requires identity (not anonymous-writable)

=== RESULT: PASS (0 checks failed) ===

── SmokeCraft Leaderboard-authority validator (Holistic Fix 5A-3H)

  OK    getLeaderboard never accepts a client-submitted xpTotal/score — it SELECTs xp_total from the real player-state table
  OK    The eligibility WHERE clause enforces the real server-side opt-out (COALESCE(le.eligible, true) = true), not a client-supplied flag
  OK    A guest with zero real XP is honestly excluded, never shown as a fabricated zero-score row
  OK    Tie-breaking is deterministic: xp_total DESC, then completed_session_count DESC, then guest_reference ASC
  OK    displayName defaults to an honest "Guest ####" pattern, never the real email/account id, when unset
  OK    The public leaderboard payload never returns the raw guest_reference — only isCurrentUser is derived from it server-side
  OK    Venue scoping is a real, settable, persisted preference (venue_id column actually written), not a dead column
  OK    Pagination is real SQL LIMIT/OFFSET, not a client-side array slice
  OK    convertGuestToAccount transfers the leaderboard eligibility/opt-out/venue preference (real found-and-fixed gap — was previously never transferred)
  OK    XP corrections recompute smokecraft_player_state.xp_total directly (the same column the leaderboard reads), so placement is genuinely recalculated, never a separate cached leaderboard total
  OK    The leaderboard limit is server-side clamped to a real max (100), never trusting an arbitrarily large client-requested page size
  OK    The leaderboard offset is server-side clamped to a non-negative value
  OK    setLeaderboardPreference derives guestReference from the server-verified identity only (self-service, own identity only — never trusts a client-submitted guestReference for writes)
  OK    getLeaderboardSnapshot fetches the real authoritative player-state (fetchPlayerState) rather than trusting only the local GuestSessionContext mirror for the numbers it returns
  OK    A failed/offline fetch returns an honest error/offline status, never a fabricated empty-looking success
  OK    The Leaderboard screen renders the real fetched community entries (snapshot.communityEntries via filteredEntries), not only a synthetic single local entry
  OK    The screen prefers server-authoritative XP (authoritativeXp) for the displayed totals, not the local session mirror alone
  OK    The "You" indicator on a leaderboard row is driven by the server-computed isCurrentUser flag, never assumed for every row
  OK    The screen has real loading/error/offline states (not a static mock)
  OK    The screen supports real pagination controls (Prev/Next) over the server LIMIT/OFFSET
  OK    The "Refresh Rankings" control re-fetches real server data, not just a local timestamp bump
  OK    smokecraft_leaderboard_eligibility has a real UNIQUE guest_reference constraint (one preference row per identity)
  OK    smokecraft_leaderboard_eligibility carries a real venue_id column for venue-boundary enforcement
  OK    The documented tie-breaking rule matches the implementation exactly (xp_total DESC, completed_session_count DESC, guest_reference ASC)

=== RESULT: PASS (0 checks failed) ===


── SmokeCraft Mentor-Guidance-authority validator (Holistic Fix 5B-2A)

  OK    Mentor identity is looked up from the real, single roster (getMentorById), never trusted as a client-submitted name/country/flag
  OK    An unrecognized mentorId is rejected, never fabricates a mentor identity
  OK    Guidance never awards XP, badges, or Passport stamps (mentor guidance is read-only)
  OK    Guidance never issues an UPDATE/INSERT against smokecraft_player_state, smokecraft_awards, or any reward table (read-only queries only)
  OK    Every real signal query is scoped by guest_reference (never a global/unscoped query that could leak another learner's data)
  OK    The fallback state (no real signal available) is honestly labeled, using the mentor's own real roster greeting — never a fabricated achievement
  OK    Every response includes message/reason/nextAction/sourceContext/confidence/messageVersion — no unexplained guidance is possible
  OK    Mentor-guidance routes have the dev/test rate-limiter skip from day one
  OK    An authenticated account's mentor-guidance identity is prefixed with user: from day one
  OK    Mentor-guidance routes issue a fresh guest identity when none exists from day one
  OK    The shared guidance hook reads the selected mentor from the one canonical source (SmokeCraftJourneyContext.journey.mentor), never a second mentor store
  OK    The shared guidance hook never computes guidance itself — only requests it from the server
  OK    The shared guidance hook represents the mandated state set (no-mentor/loading/ready/unavailable/offline/session-expired)
  OK    DynamicMentorPanel uses the one shared mentor-guidance adapter (useSmokeCraftMentorGuidance)
  OK    MentorCommentary.jsx no longer keys guidance off a hardcoded per-mentor-id map that never matched the real roster (real found-and-fixed defect SC-D050)
  OK    MentorCommentary.jsx uses the one shared mentor-guidance adapter (useSmokeCraftMentorGuidance)
  OK    MentorCommentary.jsx renders real roster fields (mentor.country/mentor.bio), not the nonexistent mentor.origin/mentor.expertise (real found-and-fixed defect)
  OK    Mentor.jsx retains exactly one write path for the selected mentor (setMentor to SmokeCraftJourneyContext) — no second, competing mentor-selection owner reappeared
  OK    SkillTree.jsx's mentor panel uses the shared context-aware guidance service (context prop), not a hardcoded guidance string

── Holistic Fix 5B-2A-1 additions ──

  OK    Live pairing-aware guidance is scored with the SAME computeRecommendation function the pairing engine itself uses — never a second, competing scoring path that could contradict it
  OK    The live-pairing signal takes priority over a stale saved-pairing row when a current pairing selection is supplied
  OK    The live-pairing guidance message embeds the exact real compatScore (no rounding/altering it, no independent claim)
  OK    ChallengeHub.jsx no longer passes a static hardcoded guidance string to DynamicMentorPanel
  OK    ChallengeHub.jsx uses the shared context-aware guidance service (context prop)
  OK    BlendFaultChallenge.jsx no longer passes a static hardcoded guidance string to DynamicMentorPanel
  OK    BlendFaultChallenge.jsx uses the shared context-aware guidance service (context prop)
  OK    FillerArrangement.jsx no longer passes a static hardcoded guidance string to DynamicMentorPanel
  OK    FillerArrangement.jsx uses the shared context-aware guidance service (context prop)
  OK    CollectionsCenter.jsx no longer passes a static hardcoded guidance string to DynamicMentorPanel
  OK    CollectionsCenter.jsx uses the shared context-aware guidance service (context prop)
  OK    PairingLab.jsx connects a real mentor-guidance panel using the shared service (context="pairing-lab")
  OK    PairingLab.jsx passes the real live cigar+beverage selection as pairingContext (not a static string, not bypassing the shared service)
  OK    PairingRecommendations.jsx connects a real mentor-guidance panel using the shared service (context="pairing-recommendations")
  OK    PairingRecommendations.jsx passes the real live cigar+beverage selection as pairingContext (not a static string, not bypassing the shared service)
  OK    No active mentor panel in this pass's scope still passes a static guidance string (client-side hardcoded text is fully retired for these 6 screens)
  OK    Mentor.jsx still retains exactly one write path for the selected mentor — no duplicate mentor ownership reappeared across this pass's 6-screen wiring

=== RESULT: PASS (0 checks failed) ===


── SmokeCraft Package B (Scorecard, Session 19) authority validator ─

  OK    Session 19 is identified from the canonical manifest
  OK    Session 19 is classified COMPLETE_AND_VERIFIED
  OK    A dedicated server-authoritative scorecard evaluation service exists
  OK    The service validates all 6 required categories (all_categories_required)
  OK    The service validates category value range/vocabulary server-side (invalid_category_value)
  OK    The service computes the overall score server-side (computeOverall) — never trusts a client-submitted overall
  OK    The service awards zero XP itself — session XP stays owned by completeSession()/sessionRewardTable.js
  OK    completeSession() gates the scorecard session on real evidence (hasScorecardEvidence)
  OK    saveTastingDraft() dispatches scorecard-specific validation (validateScorecardDraftPayload)
  OK    saveTastingDraft() blocks a scorecard draft write once real evidence already exists
  OK    No client-owned final score remains — Scorecard.jsx no longer POSTs directly to the old unauthenticated in-memory scorecard route
  OK    Scorecard.jsx loads its draft from the server on entry (loadTastingDraft), not from localStorage/journey state as authority
  OK    Scorecard.jsx submits real evidence via the new server-authoritative path before completion (submitScorecard from GuestSessionContext)
  OK    All 6 required categories are enforced client-side before submission is even attempted (honest, not merely a server-side surprise)
  OK    GuestSessionContext exposes a real server-round-trip submitScorecard callback (not a local-only stub)
  OK    The scorecard submission route requires verified guest identity (requireSmokeCraftIdentity)
  OK    The old unauthenticated in-memory scorecard route is no longer part of the completion authority path (superseded, not duplicated authority — completion never depends on it)
  OK    Exactly one server-side weighted-overall computation exists for the real completion path (scorecardEvaluationService.js#computeOverall) — the old route's own calcOverall is dead code, not a second authority the client can reach through the real flow
  OK    Test references are recorded on the manifest entry
  OK    Proof references are recorded on the manifest entry
  OK    canonicalApi/canonicalService/canonicalPersistence are all populated (real, not placeholder)

=== RESULT: PASS (Package B scorecard authority verified against real evidence) (0 checks failed) ===


── SmokeCraft Package C (Sessions 2/5/6/10) authority validator ─

  OK    Sessions 2, 5, 6, and 10 are the only Package C targets, all found in the canonical manifest
  OK    Each session retains its own real interaction type (locked interaction decisions implemented on top of, not replacing, the original type label)
  OK    All four sessions are classified COMPLETE_AND_VERIFIED
  OK    A dedicated server-authoritative selection/classification service exists
  OK    Server owns the correct humidor environment answer (HUMIDOR_CORRECT)
  OK    Server owns the correct format sequence (FORMAT_CORRECT_ORDER)
  OK    Server owns the correct cut-method matching map (CUT_CORRECT_MAP)
  OK    Server owns the real flavor-hotspot vocabulary (FLAVOR_HOTSPOT_IDS)
  OK    The service never accepts a client-supplied "correct" claim — evaluate() is always computed server-side from the payload against server-owned answer data
  OK    The service awards zero XP itself for every session — session XP stays owned by completeSession()/sessionRewardTable.js
  OK    Every attempt (correct or not) is recorded to the existing audit table (real attempt history, no new table)
  OK    An incorrect attempt never writes evidence (no INSERT unless isCorrect)
  OK    completeSession() gates all 4 Package C sessions on real, correct evidence (hasSelectionEvidence)
  OK    saveTastingDraft() dispatches Package C-specific draft validation (validateSelectionDraftPayload)
  OK    saveTastingDraft() blocks a Package C draft write once real correct evidence already exists (shared already_completed pattern)
  OK    A dedicated selection-attempt submission endpoint exists and requires verified guest identity
  OK    The selection route requires requireSmokeCraftIdentity
  OK    src/pages/smokecraft/HumidorMatch.jsx submits real evidence via submitSelectionAttempt('humidor-match', ...) before completion — no client-owned "correct" claim remains
  OK    src/pages/smokecraft/Format.jsx submits real evidence via submitSelectionAttempt('format', ...) before completion — no client-owned "correct" claim remains
  OK    src/pages/smokecraft/CutToastLight.jsx submits real evidence via submitSelectionAttempt('cut-toast-light', ...) before completion — no client-owned "correct" claim remains
  OK    src/pages/smokecraft/FlavorMemory.jsx submits real evidence via submitSelectionAttempt('flavor-memory', ...) before completion — no client-owned "correct" claim remains
  OK    No visual-only completion remains — all 4 components gate their completion path on submitSelectionAttempt's server response
  OK    No duplicate scoring/progression system was created — all 4 sessions share one service (selectionClassificationService.js) and the existing completeSession()/sessionRewardTable.js progression path, not four separate ones
  OK    Test references are recorded for all 4 sessions
  OK    Proof references are recorded for all 4 sessions
  OK    canonicalApi/canonicalService/canonicalPersistence are all populated for all 4 sessions (real, not placeholder)

=== RESULT: PASS (Package C selection/classification authority verified against real evidence) (0 checks failed) ===


── SmokeCraft Package D (Sessions 3/4/15) exploration authority validator ─

  OK    Sessions 3, 4, and 15 are the only Package D targets, all found in the canonical manifest
  OK    Each session retains its own real content-exploration/topic-exploration interaction type
  OK    All three sessions are classified COMPLETE_AND_VERIFIED
  OK    Session 3 has a required-checkpoint definition (MEET_YOUR_CIGAR_CHECKPOINTS)
  OK    Session 4 has a required-checkpoint definition (TERROIR_CHECKPOINTS)
  OK    Session 15 has a required-checkpoint definition (KNOWLEDGE_DROP_CHECKPOINTS) with a real, server-owned answer key (KNOWLEDGE_DROP_ANSWERS)
  OK    Every Package D session requires a final synthesis field, validated server-side (synthesisOk)
  OK    Server evaluation exists and is never client-authoritative — evaluate() is computed from the submitted payload against server-owned checkpoint/answer data for all 3 sessions
  OK    No route-visit-only completion remains — validateExplorationSubmission() requires all checkpoints present with valid responses before any evaluation can succeed
  OK    Draft persistence exists via the shared smokecraft_tasting_drafts dispatch (validateSelectionDraftPayload / PACKAGE_D_SESSIONS)
  OK    completeSession() gates all Package D sessions the same way as Package C (hasSelectionEvidence, unchanged generic dispatch)
  OK    src/pages/smokecraft/MeetYourCigar.jsx submits real checkpoint+synthesis evidence via submitSelectionAttempt before completion — no frontend-only completion remains
  OK    src/pages/smokecraft/MeetYourCigar.jsx requires a final synthesis response distinct from merely opening panels
  OK    src/pages/smokecraft/Terroir.jsx submits real checkpoint+synthesis evidence via submitSelectionAttempt before completion — no frontend-only completion remains
  OK    src/pages/smokecraft/Terroir.jsx requires a final synthesis response distinct from merely opening panels
  OK    src/pages/smokecraft/KnowledgeDrop.jsx submits real checkpoint+synthesis evidence via submitSelectionAttempt before completion — no frontend-only completion remains
  OK    src/pages/smokecraft/KnowledgeDrop.jsx requires a final synthesis response distinct from merely opening panels
  OK    No duplicate progression or evidence system was created — Package D reuses the exact same SESSION_DEFS/ledger/draft/completion-gate architecture as Package C (one shared service file)
  OK    Test references are recorded for all 3 sessions
  OK    Proof references are recorded for all 3 sessions
  OK    canonicalApi/canonicalService/canonicalPersistence are all populated for all 3 sessions (real, not placeholder)

=== RESULT: PASS (Package D exploration authority verified against real evidence) (0 checks failed) ===

── SmokeCraft player-state integrity validator (Holistic Fix 4)

  OK    docs/smokecraft/SMOKECRAFT_STATE_OWNERSHIP_MAP.md exists
  OK    migration 092 (canonical player state) exists
  OK    migration 092 has a rollback script
  OK    migration 093 (idempotency-key guest-scope fix) exists
  OK    rollback file does NOT live inside server/db/migrations (would be picked up and auto-run as a forward migration)
  OK    smokecraft_session_completions has a UNIQUE constraint on (guest_reference, session_id)
  OK    smokecraft_awards has a UNIQUE index on (guest_reference, award_type, award_key)
  OK    migration 093 drops the global UNIQUE constraint on smokecraft_session_completions.idempotency_key
  OK    migration 093 adds a guest-scoped UNIQUE index instead
  OK    migration 093 does the same fix for smokecraft_awards
  OK    controller derives guestReference only from req.smokecraftIdentity, never req.body
  OK    XP amount for session completion comes from the server-owned reward table, not the request body
  OK    XP award endpoint validates the award key against a server-known table (getNamedXpAmount), never trusts a client amount directly
  OK    every mutation requires a client-supplied idempotencyKey (validated, not optional)
  OK    completeSession uses BEGIN/COMMIT/ROLLBACK (real transaction, not fire-and-forget writes)
  OK    every mutation path records an audit row (applied or duplicate_replay)
  OK    client.release() is called (no connection leak) via a finally block
  OK    player-state routes require requireSmokeCraftIdentity (server-verified cookie) on every state-touching route
  OK    player-state routes are rate-limited
  OK    mutation routes reuse ensureSmokeCraftGuestIdentity (the existing, proven JWT-cookie identity system) rather than inventing a new one
  OK    smokecraftPlayerStateRoutes is imported in server/index.js
  OK    smokecraftPlayerStateRoutes is mounted at '/api/smokecraft/player-state'
  OK    awardSessionRewards calls the new server-authoritative completeSessionOnServer
  OK    awardStamp calls the new server-authoritative awardPassportStampOnServer
  OK    client adapter returns { ok: false } on network failure, never a fabricated success
  OK    client adapter checks data.success === true before treating a response as ok (no fake-success on a malformed 200)

=== RESULT: PASS (0 checks failed) ===

── SmokeCraft Skill-Tree-authority validator (Holistic Fix 5A-3G)

  OK    The Skill Tree client only exposes read (getSkillTree/getNode) and server-recalculate (recalculate) calls — no client-set-progress function exists
  OK    SkillTree.jsx fetches live data via the shared skillTreeApiClient (no local mirror)
  OK    SkillTree.jsx has real loading/error/offline states (not a static mock)
  OK    SkillTree.jsx renders a distinct visual state for a corrected/reversed node (not silently hidden)
  OK    recalculate() checks real evidence tables per node (EVIDENCE_CHECKS), never trusts a client-submitted completion flag
  OK    Every node has a completion_rule mapped to a real EVIDENCE_CHECKS entry (no node lacks verified evidence)
  OK    Node progression is duplicate-protected via ON CONFLICT on the real DB constraint
  OK    A staff-authorized reversal is read from the append-only corrections ledger, never by deleting/editing the original learner-state row
  OK    The persisted DB state column is never set to the non-enum "corrected" value (real CHECK constraint honored — correction is a read-time overlay only)
  OK    A reversed node breaks the downstream prerequisite chain (node totals are genuinely recalculated, not just relabeled)
  OK    smokecraft_skill_tree_learner_state has a real UNIQUE(guest_reference, node_key) constraint (duplicate progression impossible at the DB level)
  OK    smokecraft_skill_tree_learner_state links a real supporting_event_id (source event, not a bare flag)
  OK    Every node definition carries a completion_rule (the rule version/reference used for evidence evaluation)
  OK    Skill Tree routes have the dev/test rate-limiter skip (matches the established convention, closes a real found gap)
  OK    An authenticated account's Skill Tree identity is prefixed with user: (consistent with the rest of player-state, real found-and-fixed defect)
  OK    Skill Tree routes issue a fresh guest identity when none exists (ensureSmokeCraftGuestIdentity) — real found-and-fixed defect: a first-ever visit directly to /smokecraft/skill-tree previously 401'd instead of getting a real guest identity
  OK    convertGuestToAccount transfers the Skill Tree evidence tables on guest-to-account conversion (real found-and-fixed gap — was previously never transferred)
  OK    The evidence transfer is a deterministic recalculation performed AFTER commit, on a fresh connection (never reads its own uncommitted transaction)
  OK    The /corrections route remains staff-gated (never a learner path) — unchanged from Holistic Fix 5A-2
  OK    convert-guest response surfaces skillTreeEvidenceRowsTransferred/skillTreeCompletedNodes (auditable, not silently dropped)

=== RESULT: PASS (0 checks failed) ===


── 1. First-time guest — honest empty state, real cookie issuance
  PASS  First-time guest gets 200 with an honest empty state (0 xp, no completions)
  PASS  First-time guest is issued a real guest-identity cookie

── 2. Returning guest — completes a session, state persists on next read
  PASS  Session completion returns 201 with alreadyCompleted:false the first time
  PASS  XP awarded matches the server-owned reward table (enroll = 75)
  PASS  Returning guest (same cookie) sees the completion on next read
  PASS  XP total reflects the award

── 3. Duplicate completion — exact idempotency-key replay
  PASS  Replayed request with the same idempotency key returns 200, alreadyCompleted:true
  PASS  A logically-duplicate request under a DIFFERENT idempotency key is still caught (guest_reference+session_id UNIQUE)
  PASS  No duplicate XP was awarded from either replay

── 4. Duplicate badge and Passport-stamp requests
  PASS  First badge award returns 201, alreadyAwarded:false
  PASS  Duplicate badge request (different key, same badge) returns alreadyAwarded:true, not a second badge
  PASS  First Passport-stamp award returns 201
  PASS  Duplicate Passport-stamp request is caught, not double-awarded
  PASS  Exactly one of THIS section's specific badge/stamp recorded (not counting auto-granted session-completion badges from earlier sections)

── 5. Concurrent duplicate completion request (true race)
  PASS  Both concurrent requests return well-formed success responses (no 500)
  PASS  Exactly one of the two concurrent requests actually applied the completion
  PASS  Concurrent race resulted in exactly one XP award, not two

── 6. Idempotency-key collision across two different guests (must NOT cross-contaminate)
  PASS  Guest D completing with a shared/reused idempotency key succeeds for their own record
  PASS  Guest E completing with the SAME idempotency key as Guest D still succeeds for their own record (not silently misattributed)
  PASS  Guest D has their own completion recorded
  PASS  Guest E has their OWN completion recorded too (not lost to the key collision)

── 7. Cross-guest isolation — a guest can never read/write another guest's state
  PASS  Guest D and Guest E have independently-issued, different guest identities
  PASS  The API never accepts a client-supplied guest/session identifier — ownership is always derived from the server-verified cookie alone (structural, verified by code inspection of playerStateController.js)

── 8. Malformed request handling — honest 400s, never a fake success
  PASS  Missing idempotencyKey is rejected with 400, not silently accepted
  PASS  Idempotency key under 8 chars is rejected
  PASS  Missing awardKey on a badge award is rejected with 400

── 9. No client-controlled XP amount
  PASS  A client-supplied xpAwarded value in the request body is ignored — server awards its own known amount (connections=50), never the client-requested 999999

── 10. Real-browser refresh-resume and two-tab race (screen-wiring proof)
  PASS  Clicking Continue on a real curriculum screen fires the new idempotent completion API (201)
  PASS  Refresh/resume (fresh page load, same guest cookie) sees the server-recorded completion
  PASS  A genuinely different device (no cookie) gets its own honest, empty, non-contaminated state — not the first device's data

=== RESULT: 30 passed, 0 failed (of 30 total) ===

── 1. New account creation
  PASS  Account creation returns 201 with a userId and dev PIN
  PASS  Duplicate email is rejected with 409

── 2. Valid login, invalid login
  PASS  Valid email+PIN login succeeds on a fresh cookie jar (second device)
  PASS  Invalid PIN is rejected with 401
  PASS  Login for a nonexistent account is rejected (no account-existence leak in the same generic error)

── 3. Logout and session revocation
  PASS  Signed-in client sees authenticated:true before logout
  PASS  Same client sees authenticated:false after logout (session actually revoked server-side)

── 4. Guest-to-new-account conversion (real merge)
  PASS  Guest accumulated 2 sessions + xp before conversion
  PASS  Account created on the SAME cookie jar as the guest (both identities coexist)
  PASS  First conversion request succeeds (201, alreadyConverted:false)
  PASS  Conversion transferred both sessions, no merged duplicates (fresh account)
  PASS  Conversion transferred all awards (auto-granted session badges + the manually-awarded test badge)
  PASS  Conversion transferred exactly the guest's pre-conversion award set (no more, no less)
  PASS  Account now has the guest's XP and sessions (server-authoritative merge, not client-reported)

── 5. Repeated and concurrent conversion requests (idempotent)
  PASS  A repeat conversion request (different idempotency key) returns alreadyConverted:true, does not re-transfer
  PASS  Both concurrent conversion requests return well-formed success (no 500)
  PASS  Exactly one of the two concurrent conversion requests actually applied the merge

── 6. Guest-to-existing-account conversion — account already has prior state
  PASS  Conversion with a pre-existing account succeeds
  PASS  Non-conflicting session (mentor, only guest had it) is transferred
  PASS  Account D retains its own pre-existing session (enroll) after merge — nothing lost
  PASS  Account D also has the guest's transferred session (mentor)
  PASS  Per the merge policy, the ACCOUNT's own journey snapshot wins over the guest's (server-authoritative-value-wins rule, disclosed in the merge policy doc)

── 7. Same-identity cross-device resume (real second login, not just a separate guest cookie)
  PASS  Device X2's snapshot write succeeds (real version tracking, not a guessed constant)
  PASS  Device Y logs into the SAME account as Device X2
  PASS  Device Y (real second login) sees the content Device X2 wrote — true cross-device resume via a real account, not merely two guest cookies

── 8. Stale write on a mutable versioned record
  PASS  A write with an outdated expectedVersion is rejected with 409, not silently applied
  PASS  The 409 response includes the server's current state (so the client can reconcile)

── 9. Unauthorized access and cross-user isolation
  PASS  Conversion without a signed-in account is rejected (401)
  PASS  A completely separate guest identity never sees another guest's completions (cross-user isolation)

── 10. Malformed input handling
  PASS  Malformed email is rejected with 400
  PASS  Missing snapshot object is rejected with 400
  PASS  Missing expectedVersion is rejected with 400

=== RESULT: 32 passed, 0 failed (of 32 total) ===

── 1. First session completion auto-grants its tied badge
  PASS  Session completion returns 201
  PASS  The tied badge (sc-profile-started) is auto-granted in the SAME response, not a separate claim
  PASS  Client never supplied the badge id — it came from the server-owned SESSION_REWARDS table

── 2. Repeat session completion does not re-grant the badge
  PASS  Repeat completion returns alreadyCompleted:true
  PASS  No badges re-granted on replay
  PASS  Guest still has exactly one sc-profile-started badge (not two)

── 3. Completing session-complete auto-grants the journey-complete Passport stamp
  PASS  session-complete completion returns 201
  PASS  The journey-complete Passport stamp is auto-granted in the same response

── 4. XP accumulation triggers real rank promotions using the existing approved ladder
  PASS  At 75 XP, rank is Novice (existing approved ladder: 0-199)
  PASS  Crossing 200 XP promotes to Enthusiast
  PASS  Player state reflects the current rank label

── 5. No duplicate rank-promotion event for the same rank
  PASS  No new rank-promotion event when the rank has not actually changed

── 6. A badge tied to an uncompleted session never appears
  PASS  A guest who has completed nothing has zero badges (honest locked state, nothing fabricated)

── 7. Leaderboard reflects real, current server data
  PASS  Leaderboard request succeeds
  PASS  Guest C (325 XP, Enthusiast) appears in the leaderboard with real, matching data
  PASS  Leaderboard entries are ordered by XP descending

── 8. Leaderboard privacy
  PASS  No leaderboard entry displays a real email address
  PASS  A guest can set their own leaderboard preference (self-service, own identity only)
  PASS  After opting out, the guest no longer appears on the leaderboard

── 9. Two-tab race on a completion that grants a badge and a rank promotion
  PASS  Both concurrent requests return well-formed success (no 500)
  PASS  Exactly one badge (sc-cigar-review) and one (sc-scorecard) granted from the race, not two of each

── 10. Historical award stability
  PASS  Replaying a completed session's completion returns the ORIGINAL xp_awarded value, never recalculated

=== RESULT: 22 passed, 0 failed (of 22 total) ===

── 1. Server-verified quiz scoring (never trusts client correctness) ──
  PASS  Wrong answer submission (201) returns a server-computed score, not a client-trusted one
  PASS  Server awards the real, existing session-linked XP amount (seed-soil = 75)
  PASS  A second attempt at an already-scored quiz module is honestly rejected as already-scored, XP not re-granted
  PASS  Player state XP total reflects exactly one grant of the quiz XP, not two

── 2. Server-verified Leaf Challenge (real answer key, never a client score) ──
  PASS  A genuinely perfect answer set scores 5/5 server-side
  PASS  Perfect score grants the tiered 125 XP (not a client-fabricated amount)
  PASS  Perfect score grants both the botanist AND leaf-scholar badges
  PASS  Perfect score grants the leaf-recognition Passport stamp
  PASS  An all-wrong answer set is scored 0/5 server-side, never trusting a claimed high score
  PASS  A 0-score attempt does not grant the leaf-scholar badge
  PASS  Re-submitting Leaf Challenge with a DIFFERENT (better) answer set after a first attempt is rejected — first real attempt is final, not farmable

── 3. Named one-time XP activities — server decides the amount ──
  PASS  A real named XP source (art-observation) is granted its server-approved amount (50)
  PASS  An unknown/fabricated named XP source is rejected with 400, never silently granted
  PASS  The same named XP source cannot be granted twice to the same guest, even under a different idempotency key

── 4. Badge mirror (addBadge direct-award path is now server-idempotent) ──
  PASS  A direct-award Origins badge (art-appreciation) is granted server-side
  PASS  The same badge cannot be granted twice under a different idempotency key

── 5. Correction/reversal endpoint — staff-only, never learner-reachable ──
  PASS  A plain guest identity attempting a correction is rejected (403), never applied

── 6. Two-tab race on quiz submission ──
  PASS  Both concurrent requests return well-formed success (no 500)
  PASS  A two-tab race on the same quiz module grants XP exactly once, not twice

=== RESULT: 19 passed, 0 failed (of 19 total) ===


── 1. New draft — honest empty state, real save ──
  PASS  A guest with no draft yet gets an honest empty draft (version 0)
  PASS  First draft save succeeds and returns version 1

── 2. Update draft, reload draft ──
  PASS  Draft update (version 1 -> 2) succeeds
  PASS  Reloading the draft returns the exact last-saved data

── 3. Stale-write protection ──
  PASS  A stale-version write (version 1, server is at 2) is rejected 409, not silently applied

── 4. Incomplete completion rejected ──
  PASS  Completion with no selection is rejected 400, not silently accepted
  PASS  Completion with a fabricated (non-existent) cigar id is rejected 400, never trusted

── 5. Valid completion, duplicate completion ──
  PASS  A real, valid selection completes successfully and grants server-decided XP
  PASS  A second completion attempt (even with a different selection) is honestly rejected as already-completed, no double XP

── 6. Rapid double-click / two-tab race ──
  PASS  Both concurrent completion requests return well-formed success (no 500)
  PASS  A two-tab completion race grants XP exactly once, not twice

── 7. Cross-user isolation ──
  PASS  A completely separate guest never sees another guest's draft (honest empty state, not c1's data)

── 8. Draft-save issues no reward ──
  PASS  Saving a draft alone (never calling /complete) awards zero XP

=== RESULT: 13 passed, 0 failed (of 13 total) ===


── 1. Live-screen refresh — fresh guest, no manual identity round-trip ──
  PASS  A genuinely fresh guest can create an entry without a prior identity round-trip (no 401)
  PASS  Entry starts at version 1, status draft (server-assigned, never client-supplied)

── 2. New draft / update draft / reload draft ──
  PASS  First draft save succeeds and creates version 2
  PASS  Reloading the entry shows the real saved current version (server-persisted, not client-cached)
  PASS  Reload rehydrates the real saved presentation payload

── 3. Rapid double-click — same idempotency key returns the same version, no duplicate ──
  PASS  A retried save with the same idempotency key returns the SAME version, never creates a duplicate
  PASS  Exactly 2 real version rows exist after the retry (initial + one real edit, not three)

── 4. Stale-write rejection (real optimistic-concurrency conflict) ──
  PASS  A save carrying an outdated expectedVersion is rejected with a real conflict (409 stale_version), never silently overwritten

── 5. Two-tab race on draft save (concurrent saves from the same entry, different expectedVersion assumptions) ──
  PASS  Of two concurrent saves both claiming the same expectedVersion, exactly one succeeds and the other is honestly told it lost the race (never both silently accepted, never a crash)

── 6. Incomplete submission rejected / valid submission accepted ──
  PASS  Submitting with missing required components is rejected (server decides completeness, never the client)
  PASS  A draft with all required components saves successfully
  PASS  A complete, valid submission is accepted (server-computed eligibility, never client-decided)

── 7. Duplicate submission / rapid double-click / two-tab race on submit ──
  PASS  A retried submit with the same idempotency key returns the SAME real submission, never a second row
  PASS  Exactly one real submission row exists in the database (UNIQUE(entry_id) is genuinely enforced)
  PASS  Two concurrent submit requests (two-tab race) both succeed but resolve to the SAME real submission (no duplicate, no crash)
  PASS  The two-tab submit race produced exactly one real database row

── 8. Canonical events with full required fields ──
  PASS  All four canonical event types were emitted (golden_box_draft_created/_updated/_submission_requested/_submitted)
  PASS  The canonical golden_box_submitted event carries a real ruleVersion and entryId

── 9. Cross-user denial ──
  PASS  A different guest is not treated as the entrant for another guest's entry (server-resolved visibility, never client-asserted)
  PASS  A non-owner never receives the real presentation payload/components for a private entry

── 10. Cross-device resume (same identity, two independent fetches) ──
  PASS  Two independent fetches under the same identity return identical entry state (no per-device drift)

── 11. Account conversion — Golden Box entry, draft history, and submission transfer ──
  PASS  A real account is created on the same cookie jar as the guest
  PASS  Guest-to-account conversion succeeds
  PASS  Conversion reports a real Golden Box entry transferred (found-and-fixed gap — entry_id continuity was previously broken)
  PASS  After conversion, creating/fetching an entry for the same competition under the account identity returns the TRANSFERRED entry (already submitted), not a fresh draft
  PASS  The transferred entry's draft history (components) survived conversion

=== RESULT: 26 passed, 0 failed (of 26 total) ===


── 1. Session 8 (first-third) — create/read/update draft ──
  PASS  A fresh guest reads an empty draft (version 0)
  PASS  Creating a Session 8 draft succeeds and returns version 1
  PASS  Reading back the Session 8 draft returns exactly what was saved
  PASS  Updating the Session 8 draft succeeds and returns version 2

── 2. Reload / resume ──
  PASS  A fresh read (simulating genuine page reload) returns the latest saved draft

── 3. Malformed / invalid draft payloads ──
  PASS  A non-object draftData is rejected (400)
  PASS  A missing expectedVersion is rejected (400)
  PASS  An unknown draft field is rejected (400 unknown_draft_field)
  PASS  A draft with an out-of-vocabulary observation id is rejected (400 invalid_observation_id)
  PASS  Personal notes over 2000 chars are rejected (400 personal_notes_too_long)

── 4. Cross-player denial ──
  PASS  A different guest never sees another guest's Session 8 draft (reads their own empty draft)

── 5. Cross-session isolation (one session cannot overwrite another's draft) ──
  PASS  Session 12 draft save succeeds independently
  PASS  Session 8's own draft is unaffected by an unrelated Session 12 draft save
  PASS  Session 8's vocabulary is rejected when saved against Session 12's draft (distinct per-session vocabularies enforced on drafts too)

── 6. Concurrent / stale save (optimistic concurrency) ──
  PASS  Baseline final-third draft save succeeds
  PASS  A stale-version save (expectedVersion behind current) is honestly rejected with 409
  PASS  The 409 response returns the server's current authoritative draft, not silently applying the stale write
  PASS  Two concurrent saves sharing the same expectedVersion: exactly one succeeds, the other gets an honest 409 (no silent corruption)

── 7. Completed-state protection (stale draft cannot overwrite completion) ──
  PASS  Draft save before completion succeeds
  PASS  Real evidence submission succeeds
  PASS  Session 8 completes
  PASS  A draft write attempted AFTER completion is denied (409 already_completed) — a stale draft can never overwrite completed state
  PASS  The draft itself is unchanged by the rejected post-completion write attempt

── 8. No XP / no progression on draft save ──
  PASS  XP total is unchanged by draft saves (draft save never awards XP)
  PASS  No completion record is created by draft saves alone

── 9. Session 12 and 16 full draft round trips ──
  PASS  Session 12 draft creates
  PASS  Session 12 draft reads back correctly
  PASS  Session 16 draft creates (combined focus+flavor vocabulary)
  PASS  Session 16 draft reads back correctly

── 10. Regression: Mini Tasting's own draft is unaffected ──
  PASS  Mini Tasting's own draft (unrelated activityKey, different field shape) still saves exactly as before — no regression from the new field-validation logic

── Summary ──

=== RESULT: 30 passed, 0 failed (of 30 total) ===


── Session 8 — enter partial observations, save, leave, return ──
  PASS  Session 8 loads past the server-draft loading phase into the real interaction UI
  PASS  Save Draft shows a real server-confirmed "Saved" state (not a fake local-only confirmation)
  PASS  After leaving the route and returning, the server draft restores both the selection and the personal note

── Session 8 — genuine hard reload preserves the server draft ──
  PASS  A genuine hard reload restores the selection from the server draft

── Session 8 — complete, then reload confirms completed state (not a stale draft) ──
  PASS  Session 8 completes and navigates to the real next step
  PASS  XP total is greater than zero after Session 8 completion

── Session 8 — stale draft write attempt after completion is denied ──
  PASS  A stale draft write attempted after completion is denied with 409 (completed state cannot be overwritten)

── Session 8 — no duplicate XP from re-navigating to a completed session ──
  PASS  No duplicate XP was granted from the stale-draft attempt or revisiting

── Session 12 — full draft round trip ──
  PASS  Session 12 loads past the server-draft loading phase
  PASS  Session 12 draft save confirms server-side
  PASS  Session 12 selection survives a genuine reload

── Session 16 — full draft round trip ──
  PASS  Session 16 draft save confirms server-side
  PASS  Session 16 selection survives a genuine reload
  PASS  No unexpected console errors across the draft-persistence flow

=== RESULT: 14 passed, 0 failed (of 14 total) ===


── 1. Authorized access / identity auto-provisioning ──
  PASS  A fresh guest can read player state (identity auto-provisioned)

── 2. Session 8 (first-third) — incorrect/empty submission rejected ──
  PASS  Empty notesSelected is rejected (400)
  PASS  Malformed/invalid observation id is rejected (400)

── 3. Session 8 — completion blocked without evidence ──
  PASS  Session 8 completion is rejected without prior tasting evidence (400 tasting_observation_required)

── 4. Session 8 — correct submission, then completion succeeds ──
  PASS  Real tasting observation submission succeeds (201)
  PASS  Session 8 completes successfully after real evidence recorded

── 5. XP and progression (server-owned) ──
  PASS  Player XP total increased after Session 8 completion
  PASS  Session 8 appears in completedSessions

── 6. Duplicate submission / idempotency ──
  PASS  Re-submitting observation for an already-recorded session returns alreadyRecorded, not a new row
  PASS  Re-completing Session 8 is a safe idempotent no-op (alreadyCompleted)
  PASS  No duplicate XP was awarded from the duplicate completion attempt

── 7. Cross-player isolation ──
  PASS  A different guest never sees Session 8 as completed
  PASS  A different guest cannot complete Session 8 without submitting their own real evidence

── 8. Session 12 (second-third) — full flow ──
  PASS  Session 12 completion blocked without evidence
  PASS  Session-8-only vocabulary is rejected for Session 12 (sessions have distinct real vocabularies)
  PASS  Session 12 real observation submission succeeds
  PASS  Session 12 completes after real evidence

── 9. Session 16 (final-third) — full flow with combined flavor+focus vocabulary ──
  PASS  Session 16 real observation (combined flavor+focus vocabulary) submission succeeds
  PASS  Session 16 completes after real evidence
  PASS  Session 8 vocabulary is rejected for Session 16 (distinct real vocabularies enforced)

── 10. Concurrent submission (exactly-once) ──
  PASS  All 3 concurrent observation submissions (shared idempotency key) succeed without error
  PASS  Completion after concurrent evidence submission succeeds exactly once
  PASS  Exactly one completion record exists despite 3 concurrent evidence submissions

── 11. Malformed payload / missing idempotency key ──
  PASS  Missing idempotencyKey is rejected (400)
  PASS  Non-string personalNotes is rejected (400)

── 12. Unaffected sessions are not gated ──
  PASS  A session outside Package A scope (e.g. entry/Welcome) completes without needing tasting evidence

── Summary ──

=== RESULT: 26 passed, 0 failed (of 26 total) ===


── Session 8 (First Third) route loads, instructions/fields usable ──
  PASS  Session 8 route loads with real instructions visible

── Session 8 — incorrect/empty attempt: Continue without selecting anything ──
  PASS  An empty submission is honestly rejected client-side before hitting the server

── Session 8 — correct interaction: select a real zone, save partial, exit, reload, resume ──
  PASS  Draft save confirms visibly
  PASS  Genuine reload preserves the in-progress selection (journey-state resume)

── Session 8 — submit real completion, server-scored ──
  PASS  Session 8 completes and navigates to the real next step (server-confirmed, not optimistic-only)

── Session 8 — reload after completion, XP visible on player state ──
  PASS  Real server-side XP total is greater than zero after Session 8 completion

── Session 8 — duplicate click does not duplicate completion ──
  PASS  Exactly one Session 8 completion record exists after a duplicate completion call

── Session 12 (Second Third) — full real flow ──
  PASS  Session 12 completes with real observation and navigates to the real next step

── Session 16 (Final Third) — full real flow ──
  PASS  Session 16 completes with real observation and navigates to the real next step

── Offline state ──
  PASS  An honest error state renders when the network is unavailable (no fake success)

── Responsive behavior (desktop + tablet) ──
  PASS  No horizontal layout cutoff on Session 8 (desktop)
  PASS  No horizontal layout cutoff at a tablet viewport
  PASS  Submit/continue control remains visible and reachable at tablet size
  PASS  No unexpected console errors across the tasting-capture flow

=== RESULT: 14 passed, 0 failed (of 14 total) ===


── 1. Authorized draft read/save ──
  PASS  A fresh guest reads an empty scorecard draft (version 0)
  PASS  A partial scorecard draft saves successfully
  PASS  Reading back the draft returns exactly what was saved

── 2. Cross-player denial ──
  PASS  A different guest never sees another guest's scorecard draft

── 3. Cross-session denial (scorecard draft isolated from other sessions) ──
  PASS  Saving a first-third draft does not leak into or create a scorecard draft for the same guest
  PASS  First-third-shaped draft fields are rejected against the scorecard draft (unknown_draft_field)

── 4. Malformed payload / invalid field values ──
  PASS  Non-object draftData rejected (400)
  PASS  A client-supplied "overall" field is rejected on the draft (400 unknown_draft_field) — the server, not the client, owns the overall score
  PASS  An out-of-vocabulary category key is rejected (400 invalid_category_value)
  PASS  An out-of-range category value (9, not 1-5) is rejected (400 invalid_category_value)
  PASS  An out-of-range meta value is rejected (400 invalid_meta_value)

── 5. Missing required fields at final submission ──
  PASS  Submitting with a missing category (pairing) is rejected (400 all_categories_required)
  PASS  Session 19 completion is rejected without a real submitted scorecard (400 scorecard_evidence_required)

── 6. Invalid field values at final submission ──
  PASS  A category rated 0 (out of 1-5 range) is rejected (400 invalid_category_value)
  PASS  An unknown category key is rejected (400 invalid_category_value)

── 7. Successful final submission — server-owned evaluation ──
  PASS  A complete, valid scorecard submission succeeds (201)
  PASS  The server computes and returns the weighted overall score itself (never trusting a client-submitted value)

── 8. Completion persistence, XP, and progression ──
  PASS  Session 19 completes successfully after real evidence recorded
  PASS  Player XP total increased after Session 19 completion
  PASS  Session 19 (scorecard) appears in completedSessions

── 9. Duplicate submission / idempotency ──
  PASS  Re-submitting a scorecard for an already-recorded session returns alreadyRecorded, not a new row
  PASS  Re-completing Session 19 is a safe idempotent no-op (alreadyCompleted)
  PASS  No duplicate XP was awarded from the duplicate completion attempt

── 10. Concurrent submission (exactly-once) ──
  PASS  All 3 concurrent scorecard submissions (shared idempotency key) succeed without error
  PASS  Completion after concurrent evidence submission succeeds exactly once
  PASS  Exactly one completion record exists despite 3 concurrent evidence submissions

── 11. Stale draft rejection after completion (already-completed behavior) ──
  PASS  A draft write attempted after completion is denied (409 already_completed)

── 12. Cross-player access denial (a stranger cannot complete another guest's session) ──
  PASS  A different guest cannot complete Session 19 without submitting their own real evidence

── 13. Direct API bypass denial (client cannot claim completion without evidence, no matter how it is called) ──
  PASS  Client-supplied overall/passed/xpEarned fields on the raw completion call are ignored — completion is still denied without real evidence

── 14. Next-step unlock ──
  PASS  Completion succeeds and unlocks progression (badgesGranted array present, real completion object returned)

── 15. No XP/progression from a draft save alone ──
  PASS  XP total is unchanged by a draft save alone
  PASS  No completion record exists from a draft save alone

── 16. Audit-event creation (session-completion mutation is recorded like every other session) ──
  PASS  Completion for Session 19 uses the same audited completeSession() path as every other session (verified structurally — same endpoint, same service, no bypass route exists)

── 17. Unaffected sessions are not gated by the scorecard check ──
  PASS  A session outside Package B scope (e.g. entry/Welcome) completes without needing scorecard evidence

── Summary ──

=== RESULT: 34 passed, 0 failed (of 34 total) ===


── Route loads, instructions display ──
  PASS  Scorecard route loads with real category instructions visible

── Incomplete attempt: Continue with fewer than 6 categories rated ──
  PASS  An incomplete scorecard is honestly rejected client-side before hitting the server

── Scorecard controls work, partial draft saves ──
  PASS  Draft save confirms server-side (real round trip, not a fake local confirmation)

── Leave and return restores draft ──
  PASS  After leaving the route and returning, the server draft restores the rated categories

── Genuine hard reload restores draft ──
  PASS  A genuine hard reload restores the rated categories from the server draft

── Successful completion: rate all 6 categories, submit ──
  PASS  A complete scorecard submits and navigates to the real next step (server-confirmed)

── XP and progression update, reload preserves completion ──
  PASS  Real server-side XP total is greater than zero after Session 19 completion
  PASS  Completion persists across a genuine reload (server-confirmed, not localStorage-only)

── Duplicate click applies once ──
  PASS  Exactly one Session 19 completion record exists after a duplicate completion call

── Offline state ──
  PASS  No fake "Saved" confirmation is shown while offline

── Responsive behavior (5 viewports) ──
  PASS  No horizontal layout cutoff across all 5 tested viewports
  PASS  No unexpected console errors across the scorecard flow

=== RESULT: 12 passed, 0 failed (of 12 total) ===


── Session 2: unauthorized/cross-player denial ──
  PASS  Fresh identity auto-provisions on first read (no hard 401 — matches existing guest-identity pattern)

── Session 2: incorrect selection does not complete ──
  PASS  An incorrect (non-climate-controlled) selection is accepted as a real attempt but marked incorrect
  PASS  Session 2 completion is rejected after only an incorrect attempt (400 selection_evidence_required)

── Session 2: unknown option id rejected ──
  PASS  An unknown/fabricated option id is rejected (400 invalid_selection_id)

── Session 2: correct selection completes, XP awarded exactly once ──
  PASS  The correct selection (virtual_humidor) is recognized as correct
  PASS  Session 2 completes after a correct attempt
  PASS  XP total increased and session 2 appears in completedSessions
  PASS  Duplicate completion is a safe no-op (alreadyCompleted, no duplicate XP)

── Session 2: draft persists and cross-player isolation ──
  PASS  Session 2 draft persists
  PASS  Cross-player denial: a different guest never sees another guest's Session 2 draft
  PASS  Direct API bypass: a stranger cannot complete Session 2 without their own real evidence

── Session 5: incomplete/malformed sequence rejected ──
  PASS  An incomplete sequence (2 of 6) is rejected (400 incomplete_sequence)
  PASS  A sequence with a duplicated id is rejected (400 duplicate_sequence_id)
  PASS  A sequence containing an unknown id is rejected (400 unknown_sequence_id)

── Session 5: incorrect order does not complete ──
  PASS  A well-formed but incorrect order is accepted as an attempt but marked incorrect
  PASS  Session 5 completion is rejected after only an incorrect sequence

── Session 5: correct order completes exactly once ──
  PASS  The correct shortest-to-longest burn-time order is recognized as correct
  PASS  Session 5 completes after the correct sequence
  PASS  Session 5 XP awarded, appears in completedSessions

── Session 5: draft save/reload, stale-write rejection after completion ──
  PASS  A draft write attempted after Session 5 completion is denied (409 already_completed)

── Session 6: incomplete matching rejected ──
  PASS  An incomplete matching (1 of 3) is rejected (400 incomplete_matching)
  PASS  An invalid category assignment is rejected (400 unknown_match_category)
  PASS  Two items assigned to the same category is rejected (400 duplicate_match_category)

── Session 6: incorrect matching does not complete ──
  PASS  An incorrect but well-formed matching is accepted as an attempt but marked incorrect
  PASS  Session 6 completion is rejected after only an incorrect matching

── Session 6: correct matching completes, progression fires ──
  PASS  The correct matching is recognized as correct
  PASS  Session 6 completes after the correct matching
  PASS  badgesGranted array present (progression wiring uses canonical completion path)

── Session 10: fewer than 2 hotspots rejected ──
  PASS  Fewer than 2 hotspot selections is rejected (400 at_least_two_hotspots_required)

── Session 10: unknown hotspot rejected ──
  PASS  An unknown/fabricated hotspot id is rejected (400 invalid_hotspot_id)

── Session 10: valid selection completes exactly once ──
  PASS  A valid, real hotspot selection is recognized as correct
  PASS  Session 10 completion is blocked for a different guest with no evidence
  PASS  Session 10 completes after a valid hotspot selection

── Session 10: responsive coordinate model — validated by real hotspot ID, not raw pixel coordinates ──
  PASS  Hotspot identification is validated by stable data-driven ids (not viewport-relative pixel coordinates), so it is inherently responsive-safe by design

── Concurrent correct submissions award XP exactly once (Session 5) ──
  PASS  All 3 concurrent correct submissions succeed without error
  PASS  Completion after concurrent correct submissions succeeds exactly once
  PASS  Exactly one completion record exists despite 3 concurrent correct submissions

── Cross-session denial: Session 2 draft fields rejected against Session 6 draft ──
  PASS  Session 2-shaped draft fields are rejected against Session 6's draft (unknown_draft_field)

── Unaffected sessions are not gated ──
  PASS  A session outside Package C scope completes without needing selection evidence

── Summary ──

=== RESULT: 39 passed, 0 failed (of 39 total) ===


── Session 2 (Humidor Match) — route loads, incorrect flow, correct flow ──
  PASS  Session 2 route loads with real environment zones visible
  PASS  An incorrect environment selection shows real, honest feedback (no fake success)
  PASS  Incorrect selection does not navigate away / complete the session
  PASS  The correct selection completes and navigates to the real next step
  PASS  XP total increased after Session 2 completion
  PASS  Session 2 completion persists after a genuine reload

── Session 5 (Format) — sequencing, incorrect flow, correct flow ──
  PASS  Session 5 route loads with the required sequencing panel visible
  PASS  An incorrect sequence shows real, honest feedback
  PASS  The correct sequence completes and navigates to the real next step

── Session 6 (Cut-Toast-Light) — matching, incorrect flow, correct flow ──
  PASS  Session 6 route loads with the required matching panel visible
  PASS  An incorrect matching shows real, honest feedback
  PASS  The correct matching completes and navigates to the real next step

── Session 10 (Flavor Memory) — hotspot identification ──
  PASS  Session 10 route loads with real flavor hotspots visible
page.waitForTimeout: Target page, context or browser has been closed
    at run (/home/user/crafthub-360-stitch/verify-smokecraft-required-interaction-package-c-browser.mjs:190:14) {
  log: []
}

── Session 3: draft create/read, cross-player denial ──
  PASS  Session 3 partial checkpoint draft saves
  PASS  Session 3 draft reads back correctly
  PASS  Cross-player denial: a different guest never sees another guest's Session 3 draft

── Session 3: unknown checkpoint / missing checkpoint / missing synthesis rejected ──
  PASS  An unknown checkpoint id is rejected (400 unknown_checkpoint_id)
  PASS  Missing required checkpoints is rejected (400 missing_required_checkpoint)
  PASS  Missing final synthesis is rejected (400 synthesis_required)

── Session 3: opening all panels alone does not complete (no route-visit/click-only completion) ──
  PASS  Session 3 completion rejected without real submitted evidence (400 selection_evidence_required)

── Session 3: valid submission completes, XP exactly once ──
  PASS  A complete, valid Session 3 submission is recognized as correct
  PASS  Session 3 completes after real evidence
  PASS  XP awarded and Session 3 appears in completedSessions (real defect fixed this pass — see proof)
  PASS  Duplicate completion is a safe no-op, no duplicate XP
  PASS  A draft write attempted after Session 3 completion is denied (409 already_completed)

── Session 4: draft, incomplete rejection, valid completion ──
  PASS  Incomplete checkpoints rejected for Session 4 (400 missing_required_checkpoint)
  PASS  An invalid synthesis value (outside the 5 real factors) is rejected (400 synthesis_required)
  PASS  Session 4 completion rejected without evidence
  PASS  A complete, valid Session 4 submission is recognized as correct
  PASS  Session 4 completes after real evidence

── Session 15: unanswered/incorrect quiz does not complete (server-graded, not client-trusted) ──
  PASS  A well-formed but entirely incorrect quiz submission is accepted as an attempt but marked incorrect
  PASS  Session 15 completion rejected after only an incorrect quiz attempt
  PASS  An out-of-range answer index is rejected (400 invalid_checkpoint_response)
  PASS  An unknown topic id is rejected (400 unknown_checkpoint_id)

── Session 15: all-correct quiz + synthesis completes, XP exactly once ──
  PASS  A fully correct quiz submission (server-graded against its own answer key) is recognized as correct
  PASS  Session 15 completes after a fully correct quiz + synthesis
  PASS  Session 15 XP awarded exactly once, appears in completedSessions
  PASS  Re-submitting after already-correct returns alreadyRecorded, not a new row

── Cross-session denial: Session 4-shaped checkpoints rejected against Session 3's draft ──
  PASS  Terroir-shaped checkpoint ids are rejected against Meet Your Cigar's draft (unknown_checkpoint_id)

── Direct API bypass denial (Session 4) ──
  PASS  Client-supplied allVisited/completed/passed/xpEarned fields are ignored — completion still denied without real evidence

── Concurrent correct submissions award XP exactly once (Session 4) ──
  PASS  All 3 concurrent correct submissions succeed without error
  PASS  Completion after concurrent correct submissions succeeds exactly once
  PASS  Exactly one completion record exists despite 3 concurrent correct submissions

── No XP/progression from draft save alone ──
  PASS  XP total unchanged by any number of draft saves
  PASS  No completion record from draft saves alone

── Unaffected sessions are not gated ──
  PASS  A session outside Package D scope completes without needing exploration evidence

── Audit event creation ──
  PASS  Every Package D attempt (correct or not) is recorded via the shared recordAttemptAudit()/smokecraft_award_audit path (verified structurally in the package validator)

── Summary ──

=== RESULT: 34 passed, 0 failed (of 34 total) ===


── 1. Venue isolation — a stranger with no membership cannot read/write ──
  PASS  A user with no membership for venueB is denied listing venueB products

── 2. Product creation, duplicate SKU/barcode rejection ──
  PASS  An authorized venue manager can create a product
  PASS  A duplicate SKU within the same venue is rejected
  PASS  A duplicate barcode within the same venue is rejected
  PASS  The SAME SKU is allowed in a DIFFERENT venue (per-venue uniqueness, not global)

── 3. Venue isolation — products never leak across venues ──
  PASS  Venue A's product list contains only Venue A's own products
  PASS  A venue A staff member cannot fetch a venue B product even by pairing A's venueId with B's productId

── 4. Customers cannot call admin/staff mutations ──
  PASS  A non-member (customer-equivalent) cannot create a product for a venue they do not staff

── 5. Receiving inventory ──
  PASS  Receiving inventory increases physical quantity correctly (20 -> 30)
  PASS  Receiving writes exactly one real inventory event with before/after quantities

── 6. Box opening (inventory-neutral) ──
  PASS  Box opening is a real, recorded, inventory-neutral event

── 7. Adjustment (damage, loss, complimentary, return, count correction) ──
  PASS  Damage adjustment decreases physical quantity (30 -> 28)
  PASS  Complimentary-item adjustment decreases physical quantity (28 -> 27)
  PASS  Count correction adjusts physical quantity to the real audited value (27 -> 30)

── 8. Negative inventory prevention ──
  PASS  An adjustment that would drive physical quantity negative is rejected with a real 409
  PASS  The rejected mutation left the real physical quantity unchanged (transaction rolled back)

── 9. Duplicate mutation prevention (idempotency) ──
  PASS  A repeated mutation with the same idempotency key returns the identical original event, never double-applies
  PASS  Physical quantity increased exactly once (30 -> 35), not twice

── 10. Two-tab race on inventory mutation ──
  PASS  Both concurrent requests with the same idempotency key resolve to the SAME real event (no crash, no double-apply)
  PASS  Physical quantity decreased exactly once (35 -> 32) despite the two-tab race

── 11. Hold creation and expiration ──
  PASS  A hold is created and reduces real available quantity
  PASS  Available quantity reflects the active hold (32 physical - 5 held = 27 available)
  PASS  An already-expired hold can be expired (real expires_at check)
  PASS  Available quantity is restored after hold expiration (back to 32)

── 12. Reservation and cancellation restoration ──
  PASS  A staff-created reservation succeeds and reduces real available quantity
  PASS  Cancelling the reservation succeeds
  PASS  Available quantity is restored after reservation cancellation (back to 32)

── 13. Sale completion and cancellation restoration (order flow) ──
  PASS  Sale completion succeeds and decrements real physical inventory (32 -> 26)
  PASS  Physical quantity genuinely decreased by the sold quantity
  PASS  Cancelling a completed order restores real inventory (refund path)
  PASS  Physical quantity is genuinely restored after cancellation (26 -> 32)

── 14. Cross-user / cross-venue denial ──
  PASS  A venue A staff member (not a venue B member) is denied mutating a venue B product

=== RESULT: 32 passed, 0 failed (of 32 total) ===


  VITE v4.5.14  ready in 2983 ms

  ➜  Local:   http://localhost:5000/
  ➜  Network: http://192.0.2.2:5000/
8:28:26 AM [vite] warning: Duplicate key "border" in object literal
132|          borderRadius: 9,
133|          background: selected ? `linear-gradient(160deg, ${statusColor}55, ${statusColor}22)` : cardBg,
134|          border: `2px solid ${selected ? GOLD : statusColor}`,
   |          ^
135|          boxShadow: selected ?
136|          `0 0 0 3px rgba(201,149,44,0.35), 0 0 12px ${statusColor}88, 0 2px 8px rgba(0,0,0,0.6)` :

  Plugin: vite:esbuild
  File: /home/user/crafthub-360-stitch/src/pages/pos3/POS360TableManagement.jsx
(node:5285) [DEP0060] DeprecationWarning: The `util._extend` API is deprecated. Please use Object.assign() instead.
(Use `node --trace-deprecation ...` to show where the warning was created)
9:01:12 AM [vite] .env.example.tmp.570.50583342a63e changed, restarting server...
9:01:12 AM [vite] .env.example changed, restarting server...
9:01:13 AM [vite] server restarted.
9:01:22 AM [vite] .env.example.tmp.570.0474d039f706 changed, restarting server...
9:01:22 AM [vite] server restarted.
9:01:29 AM [vite] .env.example changed, restarting server...
9:01:29 AM [vite] server restarted.
9:06:01 AM [vite] warning: Duplicate key "border" in object literal
132|          borderRadius: 9,
133|          background: selected ? `linear-gradient(160deg, ${statusColor}55, ${statusColor}22)` : cardBg,
134|          border: `2px solid ${selected ? GOLD : statusColor}`,
   |          ^
135|          boxShadow: selected ?
136|          `0 0 0 3px rgba(201,149,44,0.35), 0 0 12px ${statusColor}88, 0 2px 8px rgba(0,0,0,0.6)` :

  Plugin: vite:esbuild
  File: /home/user/crafthub-360-stitch/src/pages/pos3/POS360TableManagement.jsx

  VITE v4.5.14  ready in 1923 ms

  ➜  Local:   http://localhost:5000/
  ➜  Network: http://192.0.2.2:5000/
4:58:59 PM [vite] warning: Duplicate key "border" in object literal
132|          borderRadius: 9,
133|          background: selected ? `linear-gradient(160deg, ${statusColor}55, ${statusColor}22)` : cardBg,
134|          border: `2px solid ${selected ? GOLD : statusColor}`,
   |          ^
135|          boxShadow: selected ?
136|          `0 0 0 3px rgba(201,149,44,0.35), 0 0 12px ${statusColor}88, 0 2px 8px rgba(0,0,0,0.6)` :

  Plugin: vite:esbuild
  File: /home/user/crafthub-360-stitch/src/pages/pos3/POS360TableManagement.jsx
(node:17703) [DEP0060] DeprecationWarning: The `util._extend` API is deprecated. Please use Object.assign() instead.
(Use `node --trace-deprecation ...` to show where the warning was created)
5:02:16 PM [vite] hmr update /src/pages/smokecraft/FirstThird.jsx, /src/styles.css
5:02:30 PM [vite] hmr update /src/pages/smokecraft/SecondThird.jsx, /src/styles.css
5:02:41 PM [vite] hmr update /src/pages/smokecraft/FinalThird.jsx, /src/styles.css
5:12:41 PM [vite] page reload src/constants/smokecraftRequiredInteractions.js
5:12:47 PM [vite] page reload src/constants/smokecraftRequiredInteractions.js
5:12:53 PM [vite] page reload src/constants/smokecraftRequiredInteractions.js
6:10:39 PM [vite] hmr update /src/pages/smokecraft/FirstThird.jsx, /src/styles.css
6:10:50 PM [vite] hmr update /src/pages/smokecraft/FirstThird.jsx, /src/styles.css
6:10:58 PM [vite] hmr update /src/pages/smokecraft/FirstThird.jsx, /src/styles.css
6:11:08 PM [vite] hmr update /src/pages/smokecraft/FirstThird.jsx, /src/styles.css
6:11:26 PM [vite] hmr update /src/pages/smokecraft/SecondThird.jsx, /src/styles.css
6:11:30 PM [vite] hmr update /src/pages/smokecraft/SecondThird.jsx, /src/styles.css
6:11:36 PM [vite] hmr update /src/pages/smokecraft/SecondThird.jsx, /src/styles.css
6:11:48 PM [vite] hmr update /src/pages/smokecraft/SecondThird.jsx, /src/styles.css
6:12:03 PM [vite] hmr update /src/pages/smokecraft/FinalThird.jsx, /src/styles.css
6:12:12 PM [vite] hmr update /src/pages/smokecraft/FinalThird.jsx, /src/styles.css
6:12:17 PM [vite] hmr update /src/pages/smokecraft/FinalThird.jsx, /src/styles.css
6:12:28 PM [vite] hmr update /src/pages/smokecraft/FinalThird.jsx, /src/styles.css
6:12:50 PM [vite] hmr update /src/pages/smokecraft/FinalThird.jsx, /src/styles.css
6:16:09 PM [vite] hmr update /src/pages/smokecraft/FirstThird.jsx, /src/styles.css
6:16:12 PM [vite] hmr update /src/pages/smokecraft/SecondThird.jsx, /src/styles.css
6:16:15 PM [vite] hmr update /src/pages/smokecraft/FinalThird.jsx, /src/styles.css
6:17:50 PM [vite] hmr update /src/context/GuestSessionContext.jsx, /src/styles.css, /src/pages/smokecraft/Leaderboard.jsx, /src/pages/smokecraft/EventChallenge.jsx
6:18:02 PM [vite] hmr update /src/pages/smokecraft/FirstThird.jsx, /src/styles.css
6:18:09 PM [vite] hmr update /src/pages/smokecraft/FirstThird.jsx, /src/styles.css
6:18:12 PM [vite] hmr update /src/pages/smokecraft/SecondThird.jsx, /src/styles.css
6:18:15 PM [vite] hmr update /src/pages/smokecraft/SecondThird.jsx, /src/styles.css
6:18:22 PM [vite] hmr update /src/pages/smokecraft/FinalThird.jsx, /src/styles.css
6:18:29 PM [vite] hmr update /src/pages/smokecraft/FinalThird.jsx, /src/styles.css
6:19:51 PM [vite] hmr update /src/pages/smokecraft/FirstThird.jsx, /src/styles.css
6:19:56 PM [vite] hmr update /src/pages/smokecraft/FirstThird.jsx, /src/styles.css
6:20:05 PM [vite] hmr update /src/pages/smokecraft/SecondThird.jsx, /src/styles.css
6:20:05 PM [vite] hmr update /src/pages/smokecraft/FinalThird.jsx, /src/styles.css
6:22:40 PM [vite] hmr update /src/pages/smokecraft/FinalThird.jsx, /src/styles.css
6:22:40 PM [vite] hmr update /src/pages/smokecraft/FirstThird.jsx, /src/styles.css
6:22:40 PM [vite] hmr update /src/pages/smokecraft/SecondThird.jsx, /src/styles.css
6:22:40 PM [vite] hmr update /src/context/GuestSessionContext.jsx, /src/styles.css, /src/pages/smokecraft/Leaderboard.jsx, /src/pages/smokecraft/EventChallenge.jsx
6:24:01 PM [vite] hmr update /src/pages/smokecraft/FinalThird.jsx, /src/styles.css
6:24:01 PM [vite] hmr update /src/pages/smokecraft/FirstThird.jsx, /src/styles.css
6:24:01 PM [vite] hmr update /src/pages/smokecraft/SecondThird.jsx, /src/styles.css
6:24:01 PM [vite] hmr update /src/context/GuestSessionContext.jsx, /src/styles.css, /src/pages/smokecraft/Leaderboard.jsx, /src/pages/smokecraft/EventChallenge.jsx
6:38:33 PM [vite] hmr update /src/context/GuestSessionContext.jsx, /src/styles.css, /src/pages/smokecraft/Leaderboard.jsx, /src/pages/smokecraft/EventChallenge.jsx
6:38:40 PM [vite] hmr update /src/context/GuestSessionContext.jsx, /src/styles.css
6:38:47 PM [vite] hmr update /src/context/GuestSessionContext.jsx, /src/styles.css
6:38:53 PM [vite] hmr update /src/context/GuestSessionContext.jsx, /src/styles.css
6:39:00 PM [vite] hmr update /src/pages/smokecraft/Scorecard.jsx, /src/styles.css
6:39:34 PM [vite] hmr update /src/pages/smokecraft/Scorecard.jsx, /src/styles.css
6:39:46 PM [vite] hmr update /src/pages/smokecraft/Scorecard.jsx, /src/styles.css
6:40:03 PM [vite] hmr update /src/pages/smokecraft/Scorecard.jsx, /src/styles.css
6:40:17 PM [vite] hmr update /src/pages/smokecraft/Scorecard.jsx, /src/styles.css
6:40:29 PM [vite] hmr update /src/pages/smokecraft/Scorecard.jsx, /src/styles.css
6:43:41 PM [vite] page reload src/constants/smokecraftRequiredInteractions.js
6:47:31 PM [vite] page reload dist/index.html
7:01:29 PM [vite] hmr update /src/context/GuestSessionContext.jsx, /src/styles.css, /src/pages/smokecraft/Leaderboard.jsx, /src/pages/smokecraft/EventChallenge.jsx
7:01:45 PM [vite] hmr update /src/context/GuestSessionContext.jsx, /src/styles.css
7:01:52 PM [vite] hmr update /src/context/GuestSessionContext.jsx, /src/styles.css
7:01:59 PM [vite] hmr update /src/context/GuestSessionContext.jsx, /src/styles.css
7:02:26 PM [vite] hmr update /src/pages/smokecraft/HumidorMatch.jsx, /src/styles.css
7:02:45 PM [vite] hmr update /src/pages/smokecraft/HumidorMatch.jsx, /src/styles.css
7:03:02 PM [vite] hmr update /src/pages/smokecraft/HumidorMatch.jsx, /src/styles.css
7:03:17 PM [vite] hmr update /src/pages/smokecraft/HumidorMatch.jsx, /src/styles.css
7:03:48 PM [vite] hmr update /src/pages/smokecraft/Format.jsx, /src/styles.css
7:04:21 PM [vite] hmr update /src/pages/smokecraft/Format.jsx, /src/styles.css
7:04:32 PM [vite] hmr update /src/pages/smokecraft/Format.jsx, /src/styles.css
7:04:59 PM [vite] hmr update /src/pages/smokecraft/CutToastLight.jsx, /src/styles.css
7:05:14 PM [vite] hmr update /src/pages/smokecraft/CutToastLight.jsx, /src/styles.css
7:05:36 PM [vite] hmr update /src/pages/smokecraft/CutToastLight.jsx, /src/styles.css
7:05:53 PM [vite] hmr update /src/pages/smokecraft/CutToastLight.jsx, /src/styles.css
7:06:10 PM [vite] hmr update /src/pages/smokecraft/FlavorMemory.jsx, /src/styles.css
7:06:24 PM [vite] hmr update /src/pages/smokecraft/FlavorMemory.jsx, /src/styles.css
7:06:39 PM [vite] hmr update /src/pages/smokecraft/FlavorMemory.jsx, /src/styles.css
7:16:09 PM [vite] page reload src/constants/smokecraftRequiredInteractions.js
7:16:17 PM [vite] page reload src/constants/smokecraftRequiredInteractions.js
7:16:26 PM [vite] page reload src/constants/smokecraftRequiredInteractions.js
7:16:35 PM [vite] page reload src/constants/smokecraftRequiredInteractions.js
9:02:27 PM [vite] hmr update /src/pages/smokecraft/MeetYourCigar.jsx, /src/styles.css
9:02:48 PM [vite] hmr update /src/pages/smokecraft/MeetYourCigar.jsx, /src/styles.css
9:03:03 PM [vite] hmr update /src/pages/smokecraft/MeetYourCigar.jsx, /src/styles.css
9:03:18 PM [vite] hmr update /src/pages/smokecraft/MeetYourCigar.jsx, /src/styles.css
9:03:26 PM [vite] hmr update /src/pages/smokecraft/MeetYourCigar.jsx, /src/styles.css
9:03:33 PM [vite] hmr update /src/pages/smokecraft/Terroir.jsx, /src/styles.css
9:03:53 PM [vite] hmr update /src/pages/smokecraft/Terroir.jsx, /src/styles.css
9:04:08 PM [vite] hmr update /src/pages/smokecraft/Terroir.jsx, /src/styles.css
9:04:23 PM [vite] hmr update /src/pages/smokecraft/Terroir.jsx, /src/styles.css
9:04:34 PM [vite] hmr update /src/pages/smokecraft/Terroir.jsx, /src/styles.css
9:04:44 PM [vite] hmr update /src/pages/smokecraft/KnowledgeDrop.jsx, /src/styles.css
9:05:11 PM [vite] hmr update /src/pages/smokecraft/KnowledgeDrop.jsx, /src/styles.css
9:05:38 PM [vite] hmr update /src/pages/smokecraft/KnowledgeDrop.jsx, /src/styles.css
9:05:53 PM [vite] hmr update /src/pages/smokecraft/KnowledgeDrop.jsx, /src/styles.css
9:06:06 PM [vite] hmr update /src/pages/smokecraft/KnowledgeDrop.jsx, /src/styles.css
9:06:15 PM [vite] hmr update /src/pages/smokecraft/KnowledgeDrop.jsx, /src/styles.css

  VITE v4.5.14  ready in 303 ms

  ➜  Local:   http://localhost:5000/
  ➜  Network: http://192.0.2.2:5000/
9:12:33 PM [vite] warning: Duplicate key "border" in object literal
132|          borderRadius: 9,
133|          background: selected ? `linear-gradient(160deg, ${statusColor}55, ${statusColor}22)` : cardBg,
134|          border: `2px solid ${selected ? GOLD : statusColor}`,
   |          ^
135|          boxShadow: selected ?
136|          `0 0 0 3px rgba(201,149,44,0.35), 0 0 12px ${statusColor}88, 0 2px 8px rgba(0,0,0,0.6)` :

  Plugin: vite:esbuild
  File: /home/user/crafthub-360-stitch/src/pages/pos3/POS360TableManagement.jsx
(node:28118) [DEP0060] DeprecationWarning: The `util._extend` API is deprecated. Please use Object.assign() instead.
(Use `node --trace-deprecation ...` to show where the warning was created)
9:18:11 PM [vite] hmr update /src/context/GuestSessionContext.jsx, /src/styles.css, /src/pages/smokecraft/MiniTasting.jsx, /src/components/smokecraft/KnowledgeCheck.jsx, /src/pages/smokecraft/Rewards.jsx, /src/pages/smokecraft/SessionComplete.jsx
9:20:49 PM [vite] page reload src/constants/smokecraftRequiredInteractions.js
9:20:57 PM [vite] page reload src/constants/smokecraftRequiredInteractions.js
9:21:06 PM [vite] page reload src/constants/smokecraftRequiredInteractions.js
9:40:40 PM [vite] hmr update /src/pages/smokecraft/PassportStamp.jsx, /src/styles.css
9:40:48 PM [vite] hmr update /src/pages/smokecraft/PassportStamp.jsx, /src/styles.css
9:40:55 PM [vite] hmr update /src/pages/smokecraft/PassportStamp.jsx, /src/styles.css
9:49:46 PM [vite] page reload src/constants/smokecraftRequiredInteractions.js
  ➜  Local:   http://localhost:5050/
  ➜  Network: http://192.0.2.2:5050/
(node:13123) [DEP0060] DeprecationWarning: The `util._extend` API is deprecated. Please use Object.assign() instead.
(Use `node --trace-deprecation ...` to show where the warning was created)
